ratio1,ratio2,ratio3,ratio4,accuracy_GSE_Sequoia,accuracy_all_3
na_ca,ti_mn,nd_ti,nd_ba,0.8662420382165605,0.7973950795947902
ba_cu,na_ca,ti_mn,nd_ti,0.8662420382165605,0.7916063675832128
mn_ca,ti_ca,nd_ba,nd_na,0.8853503184713376,0.7901591895803184
mn_ca,ti_ca,na_ca,nd_ba,0.8789808917197452,0.7901591895803184
ti_cu,nd_cu,mn_ca,nd_ba,0.8853503184713376,0.7901591895803184
na_ca,ti_mn,nd_mn,nd_ba,0.8662420382165605,0.7901591895803184
ti_ca,ti_mn,nd_ba,nd_na,0.8789808917197452,0.788712011577424
na_ca,ba_ti,na_ti,nd_ba,0.8726114649681529,0.788712011577424
na_ca,na_ti,na_ba,nd_ba,0.8726114649681529,0.7872648335745297
ti_ca,na_ca,nd_ca,nd_ba,0.8789808917197452,0.7872648335745297
mn_cu,ti_cu,nd_cu,nd_ba,0.8853503184713376,0.7858176555716353
ca_cu,mn_ca,na_ca,nd_ba,0.8789808917197452,0.7858176555716353
mn_ca,ti_ca,na_ti,nd_ba,0.8853503184713376,0.7858176555716353
ba_cu,na_ca,ba_mn,ba_ti,0.8789808917197452,0.784370477568741
mn_ca,ti_mn,nd_ba,nd_na,0.8789808917197452,0.784370477568741
ba_ca,nd_ca,nd_mn,na_ba,0.8662420382165605,0.784370477568741
mn_ca,ti_ca,nd_ca,na_ti,0.8789808917197452,0.784370477568741
na_ca,nd_ca,na_ti,nd_ba,0.8789808917197452,0.784370477568741
nd_cu,mn_ca,na_ca,nd_ba,0.8789808917197452,0.784370477568741
ca_cu,mn_ca,nd_mn,nd_ba,0.8789808917197452,0.784370477568741
mn_cu,na_ti,nd_ti,nd_ba,0.8598726114649682,0.784370477568741
mn_cu,mn_ca,ti_mn,nd_ba,0.8662420382165605,0.784370477568741
ca_cu,mn_ca,na_mn,nd_ba,0.8789808917197452,0.7829232995658466
mn_ca,na_ca,ti_mn,nd_ba,0.8662420382165605,0.7829232995658466
na_ca,ti_mn,ba_mn,nd_mn,0.8789808917197452,0.7829232995658466
mn_cu,ti_ca,ba_ca,ba_ti,0.8789808917197452,0.7829232995658466
mn_ca,ti_ca,nd_mn,nd_ba,0.89171974522293,0.7829232995658466
ba_ca,na_ca,na_ti,nd_ba,0.8726114649681529,0.7829232995658466
ti_cu,nd_cu,na_ca,nd_ba,0.8789808917197452,0.7829232995658466
ca_cu,ti_cu,na_ca,nd_ca,0.8853503184713376,0.7829232995658466
mn_cu,mn_ca,nd_ba,nd_na,0.8789808917197452,0.7829232995658466
ti_cu,na_ca,ti_mn,ba_mn,0.8789808917197452,0.7814761215629522
ca_cu,ti_cu,nd_cu,mn_ca,0.8789808917197452,0.7814761215629522
mn_ca,na_ca,na_ti,nd_ba,0.8662420382165605,0.7814761215629522
ti_ca,ti_mn,na_ba,nd_ba,0.8662420382165605,0.7814761215629522
ti_cu,ti_mn,nd_ba,nd_na,0.8853503184713376,0.7814761215629522
mn_cu,nd_cu,na_ca,nd_ba,0.8662420382165605,0.7814761215629522
ti_ca,na_ca,nd_ca,na_ba,0.8726114649681529,0.7814761215629522
mn_cu,ti_cu,ba_ti,nd_na,0.89171974522293,0.7814761215629522
ca_cu,mn_ca,ba_ti,nd_ba,0.8726114649681529,0.7814761215629522
mn_ca,na_ca,nd_ca,nd_ba,0.8789808917197452,0.7814761215629522
na_ca,ti_mn,ba_mn,nd_ti,0.8726114649681529,0.7814761215629522
ti_cu,nd_cu,mn_ca,ba_ti,0.8789808917197452,0.7814761215629522
ca_cu,ti_ca,na_ca,nd_ba,0.8853503184713376,0.7814761215629522
nd_cu,ti_ca,ba_ca,na_ca,0.8789808917197452,0.7814761215629522
mn_cu,ba_cu,na_ca,ba_ti,0.8662420382165605,0.7814761215629522
ti_cu,na_cu,ba_mn,ba_ti,0.8789808917197452,0.7814761215629522
mn_cu,ba_cu,nd_ca,nd_ti,0.8853503184713376,0.7814761215629522
mn_cu,ti_ca,ti_mn,nd_ba,0.8789808917197452,0.7814761215629522
ba_cu,na_ca,na_mn,nd_ba,0.8726114649681529,0.7814761215629522
nd_cu,na_ca,nd_mn,nd_ba,0.8662420382165605,0.7814761215629522
ca_cu,ba_cu,na_cu,ba_mn,0.8789808917197452,0.7814761215629522
nd_cu,ba_ca,na_ti,nd_ti,0.8853503184713376,0.7814761215629522
ti_cu,ba_cu,mn_ca,nd_ba,0.8853503184713376,0.7814761215629522
ti_ca,nd_ca,na_mn,nd_ba,0.8598726114649682,0.7814761215629522
mn_ca,ti_mn,na_ti,nd_ba,0.8662420382165605,0.7814761215629522
ca_cu,mn_cu,na_ca,nd_na,0.8853503184713376,0.7814761215629522
ba_cu,na_ca,ti_mn,nd_mn,0.8662420382165605,0.7814761215629522
ba_cu,na_ca,ti_mn,nd_na,0.8853503184713376,0.7814761215629522
ti_ca,ba_ca,ba_mn,nd_ba,0.8726114649681529,0.7814761215629522
ti_cu,mn_ca,ba_ti,nd_ba,0.8789808917197452,0.7814761215629522
ti_cu,nd_ca,na_ba,nd_na,0.8789808917197452,0.7814761215629522
nd_ca,nd_mn,na_ba,nd_na,0.8662420382165605,0.7814761215629522
mn_cu,mn_ca,ti_ca,nd_ba,0.8789808917197452,0.7814761215629522
ti_cu,ba_ti,nd_ba,nd_na,0.89171974522293,0.7814761215629522
ti_ca,na_ca,ti_mn,nd_ba,0.8789808917197452,0.7814761215629522
ba_cu,mn_ca,ti_ca,na_ca,0.8789808917197452,0.7800289435600579
na_cu,na_ca,ba_ti,na_ba,0.8853503184713376,0.7800289435600579
nd_cu,ti_ca,ba_ti,na_ba,0.8789808917197452,0.7800289435600579
ti_cu,nd_cu,mn_ca,ba_ca,0.8853503184713376,0.7800289435600579
ti_cu,nd_cu,ba_ca,na_ti,0.89171974522293,0.7800289435600579
ba_cu,na_ca,nd_mn,nd_ti,0.8726114649681529,0.7800289435600579
ca_cu,mn_ca,ti_mn,nd_ba,0.8789808917197452,0.7800289435600579
nd_cu,ba_ca,ba_ti,na_ti,0.8726114649681529,0.7800289435600579
na_ca,ba_mn,nd_mn,ba_ti,0.8789808917197452,0.7800289435600579
mn_cu,nd_mn,ba_ti,na_ti,0.8789808917197452,0.7800289435600579
nd_cu,ti_ca,na_ca,nd_ba,0.8726114649681529,0.7800289435600579
ca_cu,mn_ca,nd_ca,nd_na,0.8726114649681529,0.7800289435600579
na_ca,ti_mn,ba_ti,nd_ba,0.8726114649681529,0.7800289435600579
ba_cu,mn_ca,ti_mn,nd_mn,0.8789808917197452,0.7800289435600579
ba_cu,ti_ca,na_ca,nd_ti,0.8726114649681529,0.7800289435600579
ba_cu,ti_ca,ba_ca,ba_mn,0.8662420382165605,0.7800289435600579
ca_cu,ti_cu,na_ca,nd_na,0.89171974522293,0.7800289435600579
ca_cu,mn_cu,ti_mn,nd_na,0.89171974522293,0.7800289435600579
mn_cu,ti_ca,ba_ca,na_ba,0.8726114649681529,0.7800289435600579
ti_ca,nd_ca,ti_mn,nd_ba,0.8662420382165605,0.7800289435600579
mn_ca,ti_ca,na_ca,nd_ca,0.8662420382165605,0.7800289435600579
mn_cu,ba_ca,ba_ti,na_ba,0.8789808917197452,0.7800289435600579
ti_ca,nd_ca,na_ti,nd_ba,0.8789808917197452,0.7800289435600579
ti_cu,nd_cu,na_ba,nd_na,0.8853503184713376,0.7800289435600579
ti_cu,ti_ca,na_ca,nd_ca,0.8726114649681529,0.7800289435600579
ba_ca,na_ca,ti_mn,nd_mn,0.8726114649681529,0.7800289435600579
ti_ca,ba_ca,nd_mn,nd_ba,0.8789808917197452,0.7800289435600579
mn_ca,ti_ca,nd_ca,nd_ba,0.8789808917197452,0.7800289435600579
mn_cu,ti_cu,ba_ca,nd_mn,0.8853503184713376,0.7800289435600579
mn_cu,ti_cu,ba_cu,nd_na,0.8853503184713376,0.7800289435600579
ti_ca,ti_mn,na_ti,nd_ba,0.8662420382165605,0.7800289435600579
mn_ca,ti_ca,nd_ti,nd_ba,0.8980891719745223,0.7800289435600579
ca_cu,ba_cu,mn_ca,nd_ca,0.8726114649681529,0.7785817655571635
nd_cu,ba_ca,ba_ti,na_ba,0.8789808917197452,0.7785817655571635
na_ca,ti_mn,na_ti,nd_ba,0.8726114649681529,0.7785817655571635
ti_cu,mn_ca,na_ca,nd_ba,0.8853503184713376,0.7785817655571635
ca_cu,mn_ca,nd_ti,nd_ba,0.8853503184713376,0.7785817655571635
nd_cu,ti_ca,ba_ca,ba_mn,0.8726114649681529,0.7785817655571635
na_cu,ba_ca,ti_mn,na_ba,0.89171974522293,0.7785817655571635
mn_cu,ti_cu,ba_mn,nd_na,0.89171974522293,0.7785817655571635
mn_cu,ti_cu,nd_mn,nd_ba,0.8662420382165605,0.7785817655571635
ti_cu,na_ca,nd_ba,nd_na,0.8853503184713376,0.7785817655571635
mn_ca,na_mn,nd_ba,nd_na,0.8789808917197452,0.7785817655571635
ba_cu,na_ca,ti_mn,nd_ba,0.8726114649681529,0.7785817655571635
mn_ca,nd_mn,nd_ba,nd_na,0.8853503184713376,0.7785817655571635
mn_cu,ti_ca,ba_ca,na_ca,0.8726114649681529,0.7785817655571635
mn_cu,mn_ca,ba_ti,nd_ba,0.8789808917197452,0.7785817655571635
ti_ca,ba_ca,nd_mn,nd_ti,0.8789808917197452,0.7785817655571635
ti_cu,ba_cu,ti_mn,nd_na,0.8789808917197452,0.7785817655571635
mn_ca,nd_mn,na_ba,nd_ba,0.8726114649681529,0.7785817655571635
ti_cu,mn_ca,nd_ti,nd_ba,0.8726114649681529,0.7785817655571635
ti_ca,na_ca,nd_ba,nd_na,0.8789808917197452,0.7785817655571635
ca_cu,na_ca,ti_mn,nd_na,0.9044585987261148,0.7785817655571635
ca_cu,na_ca,ti_mn,nd_mn,0.8789808917197452,0.7785817655571635
mn_ca,ti_ca,na_ca,nd_mn,0.8726114649681529,0.7785817655571635
ba_cu,mn_ca,na_mn,na_ba,0.8853503184713376,0.7785817655571635
ti_ca,na_ca,na_ba,nd_ba,0.8789808917197452,0.7785817655571635
ti_ca,na_ca,ba_ti,nd_ba,0.8789808917197452,0.7785817655571635
mn_cu,ba_ca,na_ba,nd_na,0.8789808917197452,0.7785817655571635
ca_cu,na_cu,ti_mn,nd_ti,0.8853503184713376,0.7785817655571635
ca_cu,ti_cu,ti_mn,nd_mn,0.8407643312101911,0.7785817655571635
ba_cu,mn_ca,ba_ca,na_ba,0.8789808917197452,0.7785817655571635
mn_cu,nd_ca,na_mn,nd_ba,0.8789808917197452,0.7785817655571635
nd_ca,nd_mn,nd_ba,nd_na,0.8598726114649682,0.7785817655571635
ca_cu,na_cu,ba_mn,nd_ti,0.8662420382165605,0.7785817655571635
ti_cu,ba_ca,ti_mn,na_ba,0.8789808917197452,0.7785817655571635
mn_ca,ti_ca,ba_ca,nd_na,0.8980891719745223,0.7785817655571635
ti_cu,ba_cu,nd_cu,mn_ca,0.8853503184713376,0.7785817655571635
mn_cu,ti_cu,na_ca,ba_ti,0.8789808917197452,0.7785817655571635
ti_cu,na_ca,na_ba,nd_na,0.8789808917197452,0.7785817655571635
nd_ca,ba_mn,nd_mn,nd_na,0.8598726114649682,0.7785817655571635
mn_cu,mn_ca,ba_ca,nd_ba,0.8853503184713376,0.7785817655571635
ca_cu,ti_mn,nd_ti,nd_na,0.8662420382165605,0.7785817655571635
ca_cu,ti_mn,nd_mn,nd_na,0.8662420382165605,0.7785817655571635
ti_ca,ti_mn,ba_ti,na_ba,0.8598726114649682,0.7785817655571635
ti_ca,na_ca,ti_mn,nd_na,0.89171974522293,0.7785817655571635
ba_cu,na_cu,mn_ca,ba_ca,0.8662420382165605,0.7785817655571635
mn_ca,na_ca,ba_mn,nd_ba,0.8726114649681529,0.7785817655571635
ti_cu,ba_ti,na_ba,nd_na,0.8789808917197452,0.7785817655571635
mn_ca,ti_ca,na_ba,nd_ba,0.8726114649681529,0.7785817655571635
ba_cu,nd_cu,na_ca,ti_mn,0.8853503184713376,0.7785817655571635
ti_ca,ti_mn,na_ti,nd_ti,0.8726114649681529,0.7785817655571635
ba_cu,na_cu,na_ca,nd_ba,0.8789808917197452,0.7785817655571635
na_ca,ti_mn,ba_mn,nd_ba,0.8726114649681529,0.7785817655571635
ca_cu,ti_cu,mn_ca,nd_ca,0.8662420382165605,0.7785817655571635
mn_cu,ti_cu,ba_cu,ba_ti,0.8789808917197452,0.7785817655571635
mn_cu,ti_mn,nd_ba,nd_na,0.8789808917197452,0.7785817655571635
na_cu,mn_ca,ti_mn,na_ba,0.8853503184713376,0.7785817655571635
ca_cu,mn_ca,nd_ca,na_ba,0.8598726114649682,0.7785817655571635
ti_ca,nd_ca,ba_ti,na_ti,0.8726114649681529,0.7785817655571635
mn_cu,ba_ca,na_ca,ba_ti,0.8726114649681529,0.7785817655571635
mn_cu,ti_ca,na_ti,nd_ba,0.8662420382165605,0.7771345875542692
ti_ca,nd_ca,nd_mn,nd_ba,0.8853503184713376,0.7771345875542692
mn_cu,mn_ca,na_ca,nd_ba,0.8726114649681529,0.7771345875542692
ba_cu,na_cu,na_ca,na_ti,0.8789808917197452,0.7771345875542692
ba_cu,na_cu,ba_mn,nd_ti,0.8726114649681529,0.7771345875542692
ti_cu,ba_cu,mn_ca,nd_ti,0.8789808917197452,0.7771345875542692
ca_cu,mn_ca,nd_mn,nd_na,0.8662420382165605,0.7771345875542692
na_cu,na_ca,ba_mn,ba_ti,0.8598726114649682,0.7771345875542692
mn_ca,ti_ca,nd_mn,na_ti,0.8853503184713376,0.7771345875542692
ba_cu,mn_ca,na_ca,ba_mn,0.8726114649681529,0.7771345875542692
mn_cu,nd_ca,ba_ti,nd_na,0.8598726114649682,0.7771345875542692
ca_cu,mn_cu,ti_mn,na_ti,0.8726114649681529,0.7771345875542692
mn_cu,na_ca,ti_mn,na_ba,0.8789808917197452,0.7771345875542692
ba_ca,nd_ca,nd_mn,nd_na,0.8598726114649682,0.7771345875542692
mn_cu,ba_cu,ti_ca,ba_ca,0.8726114649681529,0.7771345875542692
nd_ca,nd_mn,ba_ti,nd_na,0.8535031847133758,0.7771345875542692
mn_cu,ba_cu,nd_cu,na_ca,0.8726114649681529,0.7771345875542692
ba_cu,ti_ca,na_ca,nd_na,0.8853503184713376,0.7771345875542692
mn_ca,ti_ca,ba_ca,nd_mn,0.8789808917197452,0.7771345875542692
ba_cu,mn_ca,nd_mn,ba_ti,0.8853503184713376,0.7771345875542692
ca_cu,ba_cu,na_ca,ba_mn,0.8789808917197452,0.7771345875542692
ti_ca,nd_mn,na_ti,nd_ba,0.8789808917197452,0.7771345875542692
ti_ca,na_ca,nd_ca,ba_ti,0.8789808917197452,0.7771345875542692
ti_ca,nd_mn,na_ti,na_ba,0.8789808917197452,0.7771345875542692
ti_cu,na_ca,na_ba,nd_ba,0.8789808917197452,0.7771345875542692
mn_cu,ti_cu,ba_ca,nd_na,0.8853503184713376,0.7771345875542692
mn_cu,ti_cu,na_ca,ba_mn,0.89171974522293,0.7771345875542692
ti_cu,ba_cu,ti_mn,nd_ba,0.8789808917197452,0.7771345875542692
ti_cu,ba_cu,na_ca,nd_mn,0.8598726114649682,0.7771345875542692
ti_cu,ba_cu,na_ca,ti_mn,0.8662420382165605,0.7771345875542692
ti_cu,nd_ca,na_ba,nd_ba,0.8789808917197452,0.7771345875542692
ca_cu,na_cu,ti_ca,nd_ti,0.8726114649681529,0.7771345875542692
ti_cu,ti_mn,ba_ti,nd_na,0.8726114649681529,0.7771345875542692
mn_ca,nd_ca,na_ba,nd_ba,0.8662420382165605,0.7771345875542692
mn_cu,ti_cu,mn_ca,nd_ti,0.8853503184713376,0.7771345875542692
mn_ca,nd_ca,ti_mn,nd_ba,0.8726114649681529,0.7771345875542692
mn_cu,ti_cu,mn_ca,ba_ti,0.8789808917197452,0.7771345875542692
ca_cu,na_ca,nd_ba,nd_na,0.89171974522293,0.7771345875542692
ca_cu,ti_mn,na_mn,nd_mn,0.8726114649681529,0.7771345875542692
mn_ca,ti_ca,na_mn,nd_ba,0.8726114649681529,0.7771345875542692
ti_cu,na_cu,nd_ti,na_ba,0.8662420382165605,0.7771345875542692
na_ca,nd_ca,nd_mn,na_ba,0.8662420382165605,0.7771345875542692
ba_cu,na_ca,nd_mn,na_ti,0.8662420382165605,0.7771345875542692
ba_cu,na_ca,ba_ti,na_ba,0.8789808917197452,0.7771345875542692
ca_cu,ti_ca,nd_ca,na_ba,0.8726114649681529,0.7771345875542692
ca_cu,mn_cu,ti_ca,ba_ti,0.8662420382165605,0.7771345875542692
ca_cu,ti_ca,nd_ti,na_ba,0.8789808917197452,0.7771345875542692
ca_cu,mn_cu,ti_cu,nd_na,0.89171974522293,0.7771345875542692
ti_cu,na_cu,ba_mn,na_ba,0.8598726114649682,0.7771345875542692
ti_ca,ba_ca,ti_mn,na_ba,0.8726114649681529,0.7771345875542692
mn_cu,ba_cu,na_ca,ti_mn,0.8726114649681529,0.7771345875542692
ti_ca,ba_ca,nd_ca,nd_mn,0.8726114649681529,0.7771345875542692
ti_ca,ba_ca,na_ca,nd_ba,0.8789808917197452,0.7771345875542692
nd_cu,ti_ca,ba_mn,na_ti,0.8853503184713376,0.7771345875542692
nd_cu,na_ca,ba_ti,na_ti,0.8789808917197452,0.7771345875542692
nd_cu,na_ca,nd_ca,ti_mn,0.8853503184713376,0.7771345875542692
mn_ca,nd_mn,na_ba,nd_na,0.8598726114649682,0.7771345875542692
ti_cu,ti_ca,na_ca,nd_na,0.8980891719745223,0.7771345875542692
ti_ca,ba_ca,na_ca,ti_mn,0.8789808917197452,0.7771345875542692
ca_cu,na_ca,nd_ca,ti_mn,0.89171974522293,0.7771345875542692
mn_cu,ba_ca,ba_ti,nd_ba,0.8789808917197452,0.7771345875542692
ti_cu,ba_ca,ti_mn,nd_na,0.8726114649681529,0.7771345875542692
ti_cu,ba_ca,na_ba,nd_na,0.8789808917197452,0.7771345875542692
mn_cu,ti_cu,ba_ti,nd_ti,0.8789808917197452,0.7771345875542692
ti_cu,nd_ca,ti_mn,nd_ti,0.8598726114649682,0.7771345875542692
ti_cu,na_ca,ba_ti,na_ba,0.8726114649681529,0.7771345875542692
ca_cu,mn_cu,ti_cu,nd_ti,0.8726114649681529,0.7756874095513748
ti_ca,nd_ca,ba_mn,nd_ba,0.8789808917197452,0.7756874095513748
nd_cu,ba_ca,na_ca,na_ti,0.8853503184713376,0.7756874095513748
na_cu,mn_ca,ba_ca,na_ba,0.8662420382165605,0.7756874095513748
ca_cu,mn_ca,ba_ca,nd_ca,0.8853503184713376,0.7756874095513748
ca_cu,mn_ca,ti_ca,nd_ba,0.8789808917197452,0.7756874095513748
mn_ca,ti_ca,na_mn,ba_ti,0.8789808917197452,0.7756874095513748
ba_cu,mn_ca,ba_ca,na_mn,0.8853503184713376,0.7756874095513748
ti_ca,ti_mn,na_mn,nd_na,0.9044585987261148,0.7756874095513748
mn_cu,mn_ca,nd_ca,nd_na,0.8662420382165605,0.7756874095513748
mn_cu,ti_cu,ba_cu,na_ca,0.8726114649681529,0.7756874095513748
mn_cu,ti_cu,ba_cu,nd_mn,0.8726114649681529,0.7756874095513748
ba_ca,ba_mn,ba_ti,nd_ba,0.8662420382165605,0.7756874095513748
mn_cu,ti_cu,nd_cu,mn_ca,0.8726114649681529,0.7756874095513748
ba_cu,mn_ca,na_ca,nd_mn,0.8662420382165605,0.7756874095513748
na_ca,na_mn,na_ti,nd_ba,0.8726114649681529,0.7756874095513748
na_ca,na_mn,ba_ti,nd_ba,0.8789808917197452,0.7756874095513748
ba_cu,mn_ca,na_ca,nd_ti,0.8471337579617835,0.7756874095513748
ba_cu,mn_ca,na_ca,ba_ti,0.8789808917197452,0.7756874095513748
ba_cu,na_cu,ba_ca,nd_ti,0.8726114649681529,0.7756874095513748
ca_cu,na_ca,na_mn,ba_ti,0.8598726114649682,0.7756874095513748
mn_ca,ti_ca,ba_ti,nd_ba,0.8789808917197452,0.7756874095513748
na_cu,ba_ca,na_mn,nd_ti,0.8853503184713376,0.7756874095513748
ca_cu,mn_ca,nd_ca,nd_ba,0.8789808917197452,0.7756874095513748
nd_cu,mn_ca,nd_mn,nd_ba,0.89171974522293,0.7756874095513748
mn_ca,ba_ca,nd_mn,nd_na,0.8853503184713376,0.7756874095513748
ba_ca,nd_mn,ba_ti,na_ba,0.8662420382165605,0.7756874095513748
ba_cu,nd_cu,mn_ca,ba_ti,0.8726114649681529,0.7756874095513748
mn_cu,na_mn,nd_ti,nd_ba,0.89171974522293,0.7756874095513748
mn_cu,ti_mn,na_ba,nd_ba,0.8789808917197452,0.7756874095513748
na_ca,nd_mn,ba_ti,nd_ba,0.8662420382165605,0.7756874095513748
ti_cu,ba_cu,na_ca,nd_ba,0.8789808917197452,0.7756874095513748
ti_ca,ba_ca,na_ti,nd_ba,0.8789808917197452,0.7756874095513748
ti_ca,ba_ca,na_ba,nd_na,0.8789808917197452,0.7756874095513748
mn_cu,ti_cu,ba_ca,nd_ba,0.8853503184713376,0.7756874095513748
nd_ca,ba_mn,nd_mn,nd_ti,0.8726114649681529,0.7756874095513748
ti_cu,nd_ca,ti_mn,nd_na,0.8853503184713376,0.7756874095513748
ti_cu,na_ca,nd_ti,nd_ba,0.8726114649681529,0.7756874095513748
ba_cu,ba_ca,na_ca,ba_ti,0.8662420382165605,0.7756874095513748
ba_cu,mn_ca,ba_ti,nd_ba,0.8789808917197452,0.7756874095513748
ba_cu,mn_ca,na_ba,nd_na,0.8789808917197452,0.7756874095513748
ba_cu,ti_ca,ba_ca,nd_ca,0.8789808917197452,0.7756874095513748
ti_ca,na_ca,na_ti,nd_ba,0.8535031847133758,0.7756874095513748
mn_cu,ti_cu,ba_ti,nd_ba,0.8789808917197452,0.7756874095513748
mn_cu,ti_cu,nd_ti,nd_ba,0.8726114649681529,0.7756874095513748
mn_cu,nd_ca,na_ba,nd_na,0.8662420382165605,0.7756874095513748
ca_cu,na_cu,nd_ti,na_ba,0.8726114649681529,0.7756874095513748
mn_ca,ti_ca,nd_ca,nd_na,0.8662420382165605,0.7756874095513748
mn_ca,ti_ca,nd_ca,nd_ti,0.8789808917197452,0.7756874095513748
ba_cu,mn_ca,ba_ca,nd_na,0.8789808917197452,0.7756874095513748
ba_cu,ti_ca,ti_mn,nd_mn,0.8726114649681529,0.7756874095513748
ca_cu,mn_cu,na_mn,nd_ti,0.9044585987261148,0.7756874095513748
mn_cu,na_ca,ba_ti,na_ba,0.8662420382165605,0.7756874095513748
ti_cu,nd_ca,nd_ba,nd_na,0.8726114649681529,0.7756874095513748
na_ca,nd_mn,na_ti,nd_ba,0.8662420382165605,0.7756874095513748
ca_cu,ti_cu,nd_ca,nd_na,0.8726114649681529,0.7756874095513748
ti_cu,na_ca,ba_mn,na_ba,0.8789808917197452,0.7756874095513748
ba_cu,mn_ca,na_ca,nd_ba,0.8789808917197452,0.7756874095513748
ti_cu,ba_cu,nd_cu,nd_mn,0.8662420382165605,0.7756874095513748
ca_cu,nd_ca,ti_mn,na_ti,0.8853503184713376,0.7756874095513748
ti_ca,na_mn,nd_ba,nd_na,0.8789808917197452,0.7756874095513748
ti_ca,ti_mn,na_ti,nd_na,0.8980891719745223,0.7756874095513748
ti_cu,ba_ca,na_ca,ba_mn,0.8853503184713376,0.7756874095513748
mn_ca,ba_mn,na_mn,nd_ba,0.8789808917197452,0.7756874095513748
ti_cu,ba_ca,na_ca,nd_na,0.8980891719745223,0.7756874095513748
mn_ca,ti_ca,ba_ca,nd_ca,0.8789808917197452,0.7756874095513748
ca_cu,na_ca,ti_mn,nd_ba,0.8789808917197452,0.7756874095513748
mn_cu,ti_cu,ba_mn,nd_mn,0.8789808917197452,0.7756874095513748
ti_cu,mn_ca,ba_mn,na_mn,0.89171974522293,0.7756874095513748
mn_cu,ti_cu,nd_ti,nd_na,0.8789808917197452,0.7756874095513748
ti_cu,na_cu,nd_ba,nd_na,0.89171974522293,0.7756874095513748
ti_cu,ba_cu,ba_mn,na_mn,0.8789808917197452,0.7756874095513748
ti_cu,na_cu,nd_cu,ba_ti,0.8789808917197452,0.7756874095513748
ti_ca,ba_ca,ba_mn,na_ba,0.8726114649681529,0.7756874095513748
ti_cu,ti_ca,na_ca,nd_ba,0.8789808917197452,0.7756874095513748
ti_cu,mn_ca,ti_mn,nd_mn,0.8853503184713376,0.7756874095513748
ti_cu,nd_cu,nd_mn,ba_ti,0.8726114649681529,0.7756874095513748
ti_cu,nd_cu,ba_mn,na_ti,0.8853503184713376,0.7756874095513748
ca_cu,ba_ca,ti_mn,na_ba,0.8853503184713376,0.7756874095513748
ca_cu,mn_cu,na_ca,nd_ba,0.8789808917197452,0.7756874095513748
ti_cu,mn_ca,ti_ca,nd_mn,0.8789808917197452,0.7756874095513748
mn_cu,ba_cu,mn_ca,nd_ba,0.89171974522293,0.7756874095513748
na_ca,nd_mn,nd_ba,nd_na,0.8726114649681529,0.7756874095513748
ca_cu,na_ca,ti_mn,ba_mn,0.8789808917197452,0.7756874095513748
ca_cu,na_ca,nd_ca,nd_mn,0.8789808917197452,0.7756874095513748
mn_cu,na_ca,ti_mn,ba_ti,0.8726114649681529,0.7756874095513748
na_cu,ba_ca,ba_ti,na_ba,0.8726114649681529,0.7756874095513748
mn_cu,ti_ca,ba_mn,ba_ti,0.8598726114649682,0.7756874095513748
mn_cu,ti_ca,ti_mn,nd_ti,0.8662420382165605,0.7756874095513748
mn_cu,ti_ca,ti_mn,ba_ti,0.8789808917197452,0.7756874095513748
ca_cu,ba_ca,nd_ca,na_ti,0.8789808917197452,0.7756874095513748
ti_cu,nd_cu,ba_ca,ba_mn,0.8853503184713376,0.7756874095513748
ti_cu,nd_cu,ti_ca,na_ti,0.8789808917197452,0.7756874095513748
na_ca,nd_ca,nd_mn,nd_ba,0.8726114649681529,0.7756874095513748
ba_cu,nd_ca,nd_mn,nd_na,0.8726114649681529,0.7756874095513748
ti_ca,ba_ca,nd_ca,nd_na,0.8662420382165605,0.7756874095513748
na_cu,ti_ca,na_ca,nd_ba,0.8726114649681529,0.7756874095513748
nd_cu,ti_ca,nd_mn,na_ti,0.8726114649681529,0.7756874095513748
mn_cu,ba_cu,nd_mn,ba_ti,0.8726114649681529,0.7756874095513748
nd_cu,mn_ca,ba_mn,na_ti,0.8662420382165605,0.7756874095513748
na_ca,ti_mn,nd_mn,ba_ti,0.8726114649681529,0.7756874095513748
ca_cu,mn_ca,ba_ca,nd_ba,0.8789808917197452,0.7756874095513748
ca_cu,mn_ca,nd_ca,ba_ti,0.8726114649681529,0.7742402315484804
ca_cu,mn_ca,na_mn,nd_mn,0.8726114649681529,0.7742402315484804
ca_cu,mn_ca,ba_mn,nd_mn,0.8726114649681529,0.7742402315484804
nd_cu,ti_ca,ba_mn,ba_ti,0.8662420382165605,0.7742402315484804
nd_cu,mn_ca,ba_ti,nd_ba,0.8789808917197452,0.7742402315484804
nd_cu,mn_ca,ba_ti,na_ti,0.8662420382165605,0.7742402315484804
na_cu,na_ca,na_ti,nd_ba,0.8853503184713376,0.7742402315484804
nd_cu,mn_ca,ti_ca,na_ti,0.8789808917197452,0.7742402315484804
na_cu,na_mn,ba_ti,nd_ba,0.8726114649681529,0.7742402315484804
ca_cu,mn_cu,na_cu,nd_ti,0.9044585987261148,0.7742402315484804
na_cu,na_ti,na_ba,nd_ba,0.8853503184713376,0.7742402315484804
mn_cu,ba_cu,na_ca,na_ba,0.8726114649681529,0.7742402315484804
mn_cu,ba_cu,na_ca,nd_ti,0.8598726114649682,0.7742402315484804
mn_cu,ba_cu,ti_mn,nd_na,0.8853503184713376,0.7742402315484804
ti_cu,na_cu,ba_ti,nd_na,0.8853503184713376,0.7742402315484804
ti_cu,nd_cu,ti_ca,na_ba,0.8789808917197452,0.7742402315484804
ti_cu,nd_cu,ti_mn,na_mn,0.8726114649681529,0.7742402315484804
ti_ca,ba_ca,na_ca,ba_mn,0.8789808917197452,0.7742402315484804
mn_cu,ba_cu,ba_ca,ti_mn,0.8726114649681529,0.7742402315484804
mn_cu,ba_cu,ba_ca,nd_ca,0.8789808917197452,0.7742402315484804
ti_cu,na_cu,na_ba,nd_na,0.8789808917197452,0.7742402315484804
ti_ca,ba_ca,ti_mn,nd_ba,0.8598726114649682,0.7742402315484804
mn_cu,na_cu,mn_ca,nd_na,0.8726114649681529,0.7742402315484804
mn_cu,na_cu,ba_ca,nd_ba,0.8726114649681529,0.7742402315484804
ti_ca,na_ti,nd_ba,nd_na,0.8789808917197452,0.7742402315484804
mn_cu,na_cu,ba_mn,nd_ti,0.89171974522293,0.7742402315484804
ti_ca,ba_ti,na_ti,nd_ba,0.8789808917197452,0.7742402315484804
ti_cu,mn_ca,nd_ti,na_ba,0.8853503184713376,0.7742402315484804
ti_cu,nd_cu,ba_ti,nd_na,0.8789808917197452,0.7742402315484804
ti_cu,mn_ca,ba_ca,nd_na,0.8726114649681529,0.7742402315484804
ti_cu,ba_ca,na_ti,nd_ba,0.8789808917197452,0.7742402315484804
ti_cu,na_ca,nd_ca,nd_ba,0.8789808917197452,0.7742402315484804
mn_ca,nd_mn,ba_ti,nd_ba,0.89171974522293,0.7742402315484804
ti_cu,mn_ca,ba_mn,nd_mn,0.8853503184713376,0.7742402315484804
ti_cu,mn_ca,ti_mn,na_ba,0.8853503184713376,0.7742402315484804
mn_cu,ba_cu,nd_cu,mn_ca,0.8789808917197452,0.7742402315484804
ti_cu,ba_ca,nd_ba,nd_na,0.8853503184713376,0.7742402315484804
mn_ca,ti_mn,nd_ti,nd_ba,0.8726114649681529,0.7742402315484804
mn_ca,ti_mn,nd_mn,nd_ba,0.8726114649681529,0.7742402315484804
ti_cu,ba_cu,ti_mn,nd_mn,0.8598726114649682,0.7742402315484804
mn_cu,ti_cu,ba_ca,ba_ti,0.8789808917197452,0.7742402315484804
mn_cu,ti_cu,nd_ca,nd_mn,0.8853503184713376,0.7742402315484804
mn_cu,ti_cu,nd_ca,ba_mn,0.8789808917197452,0.7742402315484804
ti_cu,na_ca,na_ti,nd_ba,0.8789808917197452,0.7742402315484804
ti_cu,nd_ca,ba_mn,nd_na,0.8662420382165605,0.7742402315484804
ti_cu,nd_ca,ba_ti,nd_na,0.8662420382165605,0.7742402315484804
ti_cu,nd_ca,ba_ti,na_ti,0.8662420382165605,0.7742402315484804
mn_cu,na_cu,nd_ti,nd_ba,0.8726114649681529,0.7742402315484804
ti_ca,ba_mn,nd_ti,nd_ba,0.8726114649681529,0.7742402315484804
ti_cu,ba_cu,mn_ca,ti_ca,0.8853503184713376,0.7742402315484804
ca_cu,ba_cu,na_ca,na_ti,0.8789808917197452,0.7742402315484804
nd_ca,ti_mn,nd_ba,nd_na,0.8726114649681529,0.7742402315484804
ti_cu,ba_cu,nd_cu,ba_mn,0.8789808917197452,0.7742402315484804
nd_ca,nd_ti,nd_ba,nd_na,0.8726114649681529,0.7742402315484804
mn_ca,nd_ca,nd_ba,nd_na,0.8789808917197452,0.7742402315484804
mn_ca,nd_ca,nd_mn,nd_na,0.8598726114649682,0.7742402315484804
nd_ca,na_ti,na_ba,nd_na,0.8598726114649682,0.7742402315484804
nd_ca,ba_ti,na_ba,nd_na,0.8598726114649682,0.7742402315484804
mn_cu,ti_cu,mn_ca,nd_na,0.8853503184713376,0.7742402315484804
mn_cu,ti_cu,mn_ca,nd_ba,0.8726114649681529,0.7742402315484804
mn_cu,ti_cu,ba_cu,nd_ti,0.8726114649681529,0.7742402315484804
ti_cu,ba_ti,na_ba,nd_ba,0.8789808917197452,0.7742402315484804
mn_ca,na_ca,nd_mn,nd_ba,0.8726114649681529,0.7742402315484804
ca_cu,ti_cu,mn_ca,nd_ba,0.8662420382165605,0.7742402315484804
ca_cu,ti_cu,na_cu,na_ba,0.8789808917197452,0.7742402315484804
ba_cu,na_cu,ti_mn,nd_mn,0.8598726114649682,0.7742402315484804
ba_cu,nd_cu,mn_ca,ba_mn,0.8789808917197452,0.7742402315484804
ti_cu,ba_cu,mn_ca,nd_na,0.8726114649681529,0.7742402315484804
mn_cu,ti_mn,na_mn,nd_ti,0.8726114649681529,0.7742402315484804
ti_ca,na_ca,na_mn,nd_mn,0.8662420382165605,0.7742402315484804
mn_cu,na_mn,ba_ti,nd_ba,0.8662420382165605,0.7742402315484804
ti_ca,na_ca,ti_mn,nd_mn,0.8726114649681529,0.7742402315484804
ba_cu,mn_ca,ti_ca,nd_ba,0.8789808917197452,0.7742402315484804
ba_cu,mn_ca,ti_ca,na_mn,0.8853503184713376,0.7742402315484804
ba_cu,nd_cu,na_ca,nd_ca,0.8662420382165605,0.7742402315484804
ba_cu,nd_cu,na_ca,ba_ti,0.8789808917197452,0.7742402315484804
ba_cu,nd_cu,na_ca,nd_mn,0.8789808917197452,0.7742402315484804
mn_ca,ti_ca,na_ti,nd_na,0.8980891719745223,0.7742402315484804
ca_cu,na_ca,nd_mn,nd_na,0.8853503184713376,0.7742402315484804
ca_cu,na_ca,nd_mn,na_ba,0.8726114649681529,0.7742402315484804
ca_cu,na_ca,na_mn,nd_mn,0.8789808917197452,0.7742402315484804
ca_cu,nd_ca,nd_mn,na_ba,0.8598726114649682,0.7742402315484804
ca_cu,ti_mn,na_ti,nd_ti,0.8662420382165605,0.7742402315484804
mn_ca,ti_ca,ba_mn,nd_ba,0.8726114649681529,0.7742402315484804
ti_ca,ti_mn,ba_ti,nd_ti,0.8662420382165605,0.7742402315484804
mn_cu,mn_ca,ti_ca,ba_ca,0.8789808917197452,0.7742402315484804
ca_cu,na_cu,ba_ca,ti_mn,0.8853503184713376,0.7742402315484804
mn_cu,na_ca,ba_ti,nd_na,0.8726114649681529,0.7742402315484804
mn_cu,nd_ca,ti_mn,nd_na,0.8662420382165605,0.7742402315484804
ba_cu,ti_ca,ba_ca,nd_ti,0.8726114649681529,0.7742402315484804
ba_cu,ti_ca,nd_ca,ti_mn,0.8789808917197452,0.7742402315484804
ba_cu,mn_ca,na_ca,ti_mn,0.8789808917197452,0.7742402315484804
ba_cu,mn_ca,ti_mn,nd_ba,0.8789808917197452,0.7742402315484804
ba_cu,ti_ca,nd_mn,nd_ti,0.8726114649681529,0.7742402315484804
ba_cu,ba_ca,na_ca,ba_mn,0.8853503184713376,0.7742402315484804
ba_cu,ba_ca,na_ca,ti_mn,0.8726114649681529,0.7742402315484804
ba_cu,ba_ca,ti_mn,nd_ti,0.8789808917197452,0.7742402315484804
ba_cu,ti_ca,ba_ca,ti_mn,0.8789808917197452,0.7742402315484804
ti_ca,na_ca,nd_mn,nd_ba,0.8662420382165605,0.7742402315484804
mn_cu,ba_ca,na_mn,ba_ti,0.89171974522293,0.7742402315484804
mn_cu,ba_ca,na_ti,nd_na,0.8789808917197452,0.7742402315484804
mn_cu,na_ca,nd_ca,ba_ti,0.8598726114649682,0.7742402315484804
ti_ca,nd_ca,ba_mn,na_ti,0.8726114649681529,0.7742402315484804
ca_cu,ba_ca,ti_mn,nd_ti,0.8726114649681529,0.7742402315484804
ca_cu,na_ca,nd_ca,ba_ti,0.8726114649681529,0.7742402315484804
ca_cu,ba_ca,nd_ba,nd_na,0.89171974522293,0.7742402315484804
ca_cu,ba_ca,nd_ti,nd_na,0.8853503184713376,0.7742402315484804
ca_cu,na_ca,ti_mn,nd_ti,0.8726114649681529,0.7742402315484804
na_ca,nd_ca,ti_mn,nd_ba,0.8789808917197452,0.7742402315484804
ba_cu,ti_ca,ba_mn,ba_ti,0.8598726114649682,0.7742402315484804
ca_cu,mn_cu,ti_ca,ba_ca,0.8662420382165605,0.7742402315484804
ca_cu,mn_cu,na_ca,nd_mn,0.8789808917197452,0.7742402315484804
ba_cu,ba_mn,nd_mn,nd_ti,0.8726114649681529,0.7742402315484804
ba_cu,ba_ca,ba_ti,na_ba,0.8726114649681529,0.7742402315484804
nd_cu,na_ti,na_ba,nd_ba,0.8789808917197452,0.7742402315484804
ba_cu,na_ca,ti_mn,ba_mn,0.8789808917197452,0.7742402315484804
ba_cu,na_ca,nd_mn,nd_ba,0.8662420382165605,0.7742402315484804
ti_ca,nd_ca,nd_ba,nd_na,0.8662420382165605,0.7742402315484804
ca_cu,na_cu,ti_ca,ba_mn,0.8789808917197452,0.7742402315484804
mn_cu,ti_ca,na_ca,nd_ba,0.8598726114649682,0.7742402315484804
mn_cu,ti_ca,ba_mn,nd_ti,0.8789808917197452,0.7742402315484804
ca_cu,ti_ca,na_mn,nd_ba,0.8662420382165605,0.7742402315484804
ca_cu,ba_ca,na_ca,ba_mn,0.8789808917197452,0.7742402315484804
ba_cu,na_ca,ba_mn,na_ba,0.8853503184713376,0.7742402315484804
ba_cu,ti_mn,na_mn,nd_ba,0.8853503184713376,0.7742402315484804
ba_cu,ti_mn,nd_ba,nd_na,0.8789808917197452,0.7742402315484804
nd_cu,na_ca,na_ti,na_ba,0.8726114649681529,0.7742402315484804
nd_cu,na_ca,ti_mn,nd_na,0.89171974522293,0.7742402315484804
nd_cu,ba_ca,na_ti,na_ba,0.8789808917197452,0.7742402315484804
nd_cu,ba_ca,nd_mn,na_ti,0.8853503184713376,0.7742402315484804
nd_cu,ti_ca,na_ca,ba_ti,0.8789808917197452,0.7742402315484804
nd_cu,ti_ca,ba_ca,na_ba,0.8789808917197452,0.7742402315484804
na_cu,ba_ca,na_ti,nd_ti,0.8726114649681529,0.7742402315484804
nd_cu,ba_ca,na_ca,ba_mn,0.8853503184713376,0.7742402315484804
na_cu,ti_ca,ba_ca,ti_mn,0.8853503184713376,0.7742402315484804
mn_cu,ba_ca,nd_ca,na_mn,0.8853503184713376,0.7742402315484804
mn_cu,ba_ca,na_ca,na_ti,0.8789808917197452,0.7742402315484804
na_cu,ba_ti,na_ti,nd_ba,0.8853503184713376,0.7742402315484804
ca_cu,mn_cu,ti_cu,nd_ca,0.8789808917197452,0.7742402315484804
na_cu,nd_ca,na_mn,nd_ba,0.8726114649681529,0.7727930535455861
nd_cu,mn_ca,nd_ti,nd_ba,0.89171974522293,0.7727930535455861
na_cu,na_ca,nd_mn,ba_ti,0.8726114649681529,0.7727930535455861
na_cu,na_ca,ti_mn,ba_mn,0.89171974522293,0.7727930535455861
na_cu,na_ca,ti_mn,nd_mn,0.8726114649681529,0.7727930535455861
na_ca,ti_mn,na_ti,nd_na,0.8853503184713376,0.7727930535455861
ca_cu,mn_ca,ti_ca,na_ti,0.8662420382165605,0.7727930535455861
ca_cu,nd_cu,nd_ti,na_ba,0.8789808917197452,0.7727930535455861
na_ca,na_ti,nd_ti,nd_ba,0.8662420382165605,0.7727930535455861
mn_cu,ti_ca,na_ba,nd_na,0.8726114649681529,0.7727930535455861
mn_cu,ti_ca,na_ca,ba_ti,0.8726114649681529,0.7727930535455861
ca_cu,na_cu,mn_ca,nd_ba,0.8789808917197452,0.7727930535455861
na_ca,ba_ti,na_ti,nd_ti,0.8662420382165605,0.7727930535455861
mn_cu,mn_ca,nd_mn,nd_ba,0.8789808917197452,0.7727930535455861
ti_ca,nd_ca,ba_ti,nd_na,0.8662420382165605,0.7727930535455861
mn_cu,mn_ca,ba_mn,nd_ba,0.8726114649681529,0.7727930535455861
ti_ca,nd_ca,ti_mn,na_ti,0.8789808917197452,0.7727930535455861
na_ca,nd_ti,nd_ba,nd_na,0.8598726114649682,0.7727930535455861
mn_cu,na_ca,ti_mn,ba_mn,0.8726114649681529,0.7727930535455861
mn_cu,ba_ca,na_mn,na_ti,0.8980891719745223,0.7727930535455861
mn_cu,ba_ca,na_mn,nd_ba,0.8789808917197452,0.7727930535455861
mn_cu,nd_ca,nd_ti,nd_na,0.8662420382165605,0.7727930535455861
mn_cu,nd_ca,na_mn,nd_na,0.8726114649681529,0.7727930535455861
mn_cu,na_ca,nd_ti,nd_na,0.8535031847133758,0.7727930535455861
mn_cu,na_ca,nd_mn,ba_ti,0.8726114649681529,0.7727930535455861
mn_cu,na_ca,ba_mn,nd_ti,0.8726114649681529,0.7727930535455861
mn_cu,mn_ca,nd_ca,nd_ba,0.8789808917197452,0.7727930535455861
ca_cu,na_cu,ba_ca,nd_ti,0.8726114649681529,0.7727930535455861
mn_cu,mn_ca,ba_ca,ti_mn,0.8789808917197452,0.7727930535455861
mn_cu,mn_ca,ti_ca,na_ca,0.8598726114649682,0.7727930535455861
ti_ca,na_ca,ti_mn,nd_ti,0.8598726114649682,0.7727930535455861
nd_ca,ti_mn,na_ba,nd_ba,0.8726114649681529,0.7727930535455861
mn_cu,ba_ti,na_ti,nd_ba,0.8598726114649682,0.7727930535455861
ti_ca,na_ca,ba_mn,nd_ti,0.8726114649681529,0.7727930535455861
ti_ca,na_ca,nd_mn,na_ti,0.8789808917197452,0.7727930535455861
ti_cu,ba_cu,nd_cu,ti_mn,0.8662420382165605,0.7727930535455861
ca_cu,ba_cu,na_ca,nd_ti,0.8662420382165605,0.7727930535455861
ca_cu,ba_cu,na_ca,nd_ba,0.89171974522293,0.7727930535455861
ti_cu,ba_cu,na_cu,ba_mn,0.8726114649681529,0.7727930535455861
ti_cu,ba_cu,na_cu,nd_ti,0.8598726114649682,0.7727930535455861
ti_ca,ba_mn,ba_ti,nd_ba,0.8726114649681529,0.7727930535455861
mn_cu,nd_cu,nd_ca,na_ba,0.8853503184713376,0.7727930535455861
mn_cu,nd_cu,nd_ca,nd_ba,0.8726114649681529,0.7727930535455861
mn_cu,nd_cu,ba_ca,na_ca,0.8789808917197452,0.7727930535455861
ti_ca,na_mn,ba_ti,nd_ba,0.8726114649681529,0.7727930535455861
ti_ca,na_mn,na_ti,nd_ba,0.8662420382165605,0.7727930535455861
ti_ca,na_mn,na_ti,nd_na,0.8789808917197452,0.7727930535455861
ti_ca,na_mn,na_ba,nd_ba,0.8726114649681529,0.7727930535455861
ti_cu,ba_cu,na_ca,ba_mn,0.8853503184713376,0.7727930535455861
ti_cu,ba_cu,na_ca,na_mn,0.8853503184713376,0.7727930535455861
ti_cu,ba_cu,na_ca,ba_ti,0.8662420382165605,0.7727930535455861
ca_cu,ba_cu,na_ca,nd_mn,0.8598726114649682,0.7727930535455861
ti_cu,ba_cu,mn_ca,ti_mn,0.8662420382165605,0.7727930535455861
na_ca,nd_mn,na_ti,na_ba,0.8726114649681529,0.7727930535455861
ti_ca,ba_ti,na_ba,nd_ba,0.8789808917197452,0.7727930535455861
ba_ca,na_ca,nd_ca,nd_mn,0.8853503184713376,0.7727930535455861
mn_cu,na_cu,nd_cu,nd_ba,0.8598726114649682,0.7727930535455861
ba_ca,na_ca,nd_mn,ba_ti,0.8726114649681529,0.7727930535455861
ti_ca,ba_ca,ti_mn,nd_na,0.8662420382165605,0.7727930535455861
ca_cu,ba_cu,ti_ca,nd_na,0.8980891719745223,0.7727930535455861
ti_cu,na_cu,ti_ca,ba_mn,0.8789808917197452,0.7727930535455861
ti_ca,ba_ca,na_mn,nd_ba,0.8789808917197452,0.7727930535455861
ti_cu,ba_cu,nd_ti,nd_na,0.8789808917197452,0.7727930535455861
ti_cu,ba_cu,na_ba,nd_na,0.8789808917197452,0.7727930535455861
ti_cu,ba_cu,ba_mn,nd_mn,0.8726114649681529,0.7727930535455861
ti_cu,ba_cu,ba_mn,ba_ti,0.8789808917197452,0.7727930535455861
ti_cu,na_cu,na_ba,nd_ba,0.8789808917197452,0.7727930535455861
ti_cu,na_cu,na_mn,na_ba,0.8789808917197452,0.7727930535455861
ti_cu,na_cu,ba_mn,na_mn,0.8789808917197452,0.7727930535455861
ti_cu,na_cu,ba_ca,ba_mn,0.8662420382165605,0.7727930535455861
ti_cu,na_cu,ba_ca,ba_ti,0.8726114649681529,0.7727930535455861
ti_ca,ba_ca,ti_mn,nd_ti,0.8789808917197452,0.7727930535455861
ca_cu,na_cu,na_mn,nd_mn,0.89171974522293,0.7727930535455861
ca_cu,na_cu,nd_ca,nd_ti,0.8662420382165605,0.7727930535455861
ba_ca,na_ca,ba_ti,nd_ba,0.8726114649681529,0.7727930535455861
ba_ca,nd_ca,ti_mn,nd_na,0.8662420382165605,0.7727930535455861
mn_cu,ba_cu,nd_ca,nd_na,0.8535031847133758,0.7727930535455861
mn_cu,ba_cu,ba_ca,na_ca,0.8789808917197452,0.7727930535455861
ti_ca,ba_ca,na_ca,nd_ca,0.8789808917197452,0.7727930535455861
ca_cu,ba_cu,na_cu,nd_na,0.8980891719745223,0.7727930535455861
ti_cu,nd_cu,nd_ca,na_ba,0.8789808917197452,0.7727930535455861
ti_cu,nd_cu,nd_ca,nd_na,0.8789808917197452,0.7727930535455861
ti_cu,mn_ca,ba_ca,nd_ba,0.8853503184713376,0.7727930535455861
ti_cu,mn_ca,ti_ca,ba_ti,0.8789808917197452,0.7727930535455861
ti_cu,mn_ca,ti_ca,na_ti,0.8662420382165605,0.7727930535455861
ti_cu,nd_cu,na_ti,nd_ba,0.8789808917197452,0.7727930535455861
ti_cu,nd_cu,ba_mn,nd_mn,0.8853503184713376,0.7727930535455861
ti_cu,mn_ca,nd_mn,nd_ba,0.8853503184713376,0.7727930535455861
ti_cu,mn_ca,nd_mn,nd_na,0.8789808917197452,0.7727930535455861
mn_ca,na_mn,na_ti,nd_ba,0.8789808917197452,0.7727930535455861
ti_cu,mn_ca,ba_mn,nd_ba,0.8789808917197452,0.7727930535455861
ti_cu,ba_ca,na_ti,nd_ti,0.8853503184713376,0.7727930535455861
ti_cu,ba_ca,nd_mn,na_ti,0.8662420382165605,0.7727930535455861
ti_cu,ba_ca,ba_mn,na_mn,0.8853503184713376,0.7727930535455861
ti_cu,ba_ca,na_ca,nd_ba,0.8789808917197452,0.7727930535455861
ti_cu,ti_ca,ba_ti,nd_na,0.8789808917197452,0.7727930535455861
ti_cu,ti_ca,na_ca,nd_mn,0.8726114649681529,0.7727930535455861
ca_cu,ti_cu,nd_ca,na_ba,0.8662420382165605,0.7727930535455861
ca_cu,ti_cu,ti_mn,nd_ti,0.8535031847133758,0.7727930535455861
ti_cu,na_ca,nd_mn,nd_ba,0.8662420382165605,0.7727930535455861
ti_cu,na_ca,ti_mn,nd_ba,0.8789808917197452,0.7727930535455861
ti_cu,na_ca,nd_ca,na_ti,0.8726114649681529,0.7727930535455861
mn_ca,ti_mn,ba_mn,nd_ba,0.8726114649681529,0.7727930535455861
nd_ca,nd_mn,na_ba,nd_ba,0.8598726114649682,0.7727930535455861
mn_cu,ti_cu,ba_ca,na_ba,0.8853503184713376,0.7727930535455861
mn_cu,ti_cu,ti_ca,nd_na,0.8789808917197452,0.7727930535455861
mn_cu,ti_cu,mn_ca,ba_mn,0.8853503184713376,0.7727930535455861
ti_cu,na_ti,na_ba,nd_ba,0.8789808917197452,0.7727930535455861
ti_cu,nd_ti,na_ba,nd_ba,0.8853503184713376,0.7727930535455861
mn_ca,nd_ca,ti_mn,na_ti,0.8726114649681529,0.7727930535455861
ti_cu,ba_mn,nd_ti,nd_na,0.8853503184713376,0.7727930535455861
ti_cu,ba_mn,ba_ti,na_ti,0.8598726114649682,0.7727930535455861
mn_ca,nd_ca,na_ba,nd_na,0.8598726114649682,0.7727930535455861
ti_cu,ti_mn,ba_ti,nd_ba,0.8662420382165605,0.7727930535455861
ca_cu,ti_cu,mn_ca,nd_mn,0.8726114649681529,0.7727930535455861
ca_cu,ti_cu,mn_ca,nd_ti,0.8789808917197452,0.7727930535455861
ba_cu,na_cu,mn_ca,ti_mn,0.89171974522293,0.7727930535455861
ba_cu,na_cu,mn_ca,na_mn,0.8789808917197452,0.7727930535455861
ba_cu,na_cu,ti_ca,ba_ca,0.8726114649681529,0.7727930535455861
mn_ca,na_ca,nd_ti,nd_ba,0.8789808917197452,0.7727930535455861
mn_cu,ti_cu,mn_ca,na_ba,0.8853503184713376,0.7727930535455861
ba_ca,ti_mn,ba_ti,na_ba,0.8726114649681529,0.7727930535455861
mn_cu,ti_cu,ba_cu,na_ba,0.8789808917197452,0.7727930535455861
mn_cu,ti_cu,ba_cu,nd_ba,0.8853503184713376,0.7727930535455861
mn_cu,ti_cu,ba_cu,ba_ca,0.8853503184713376,0.7727930535455861
mn_cu,ti_cu,ba_cu,nd_ca,0.8789808917197452,0.7727930535455861
ba_cu,na_cu,ba_ti,na_ba,0.8662420382165605,0.7727930535455861
ba_cu,na_cu,ba_ca,nd_na,0.89171974522293,0.7727930535455861
ba_cu,na_cu,na_ca,ba_mn,0.8726114649681529,0.7727930535455861
ba_cu,na_cu,na_ca,nd_mn,0.8662420382165605,0.7727930535455861
ba_cu,na_cu,na_ca,ba_ti,0.8726114649681529,0.7727930535455861
mn_ca,na_ca,ti_mn,nd_mn,0.8853503184713376,0.7727930535455861
mn_ca,ti_ca,na_mn,nd_na,0.8789808917197452,0.7727930535455861
ba_cu,nd_cu,na_ca,nd_ti,0.8726114649681529,0.7727930535455861
ba_cu,mn_ca,ti_ca,nd_ca,0.8726114649681529,0.7727930535455861
ba_cu,mn_ca,ba_ca,na_ca,0.8726114649681529,0.7727930535455861
ba_cu,nd_cu,ba_ti,na_ba,0.8789808917197452,0.7727930535455861
ba_cu,nd_cu,na_ti,na_ba,0.8789808917197452,0.7727930535455861
ba_cu,nd_cu,ba_ti,na_ti,0.8789808917197452,0.7727930535455861
ba_ca,ba_ti,na_ba,nd_ba,0.8726114649681529,0.7727930535455861
ca_cu,ti_mn,na_mn,nd_ti,0.8726114649681529,0.7727930535455861
ca_cu,nd_ca,na_ti,na_ba,0.8662420382165605,0.7727930535455861
ca_cu,nd_ca,nd_mn,ba_ti,0.8853503184713376,0.7727930535455861
ca_cu,na_ca,nd_mn,ba_ti,0.8726114649681529,0.7727930535455861
ba_cu,mn_ca,ba_ti,nd_na,0.89171974522293,0.7727930535455861
mn_ca,ti_ca,na_ca,nd_na,0.8853503184713376,0.7727930535455861
ba_cu,mn_ca,ti_mn,na_ba,0.8853503184713376,0.7727930535455861
ba_cu,mn_ca,ba_mn,na_ba,0.8726114649681529,0.7727930535455861
ba_cu,mn_ca,nd_ca,nd_na,0.8789808917197452,0.7727930535455861
ba_cu,ti_ca,ti_mn,nd_ti,0.8789808917197452,0.7727930535455861
ba_cu,mn_ca,na_mn,nd_na,0.8726114649681529,0.7727930535455861
ba_cu,ba_ca,na_ca,nd_ba,0.8789808917197452,0.7727930535455861
ca_cu,mn_cu,ti_mn,nd_ba,0.8726114649681529,0.7727930535455861
ca_cu,mn_cu,na_mn,nd_mn,0.8853503184713376,0.7727930535455861
mn_ca,ti_ca,ba_ca,nd_ba,0.8789808917197452,0.7727930535455861
mn_ca,ti_ca,na_ca,ba_mn,0.8789808917197452,0.7727930535455861
ca_cu,na_ca,nd_ca,na_mn,0.8726114649681529,0.7727930535455861
ca_cu,na_ca,nd_ca,na_ba,0.8662420382165605,0.7727930535455861
na_ca,nd_ca,ba_mn,nd_ba,0.8726114649681529,0.7727930535455861
ca_cu,mn_cu,nd_ca,na_ba,0.8726114649681529,0.7727930535455861
ba_cu,na_ca,ba_mn,na_mn,0.8789808917197452,0.7727930535455861
nd_cu,na_ti,nd_ti,na_ba,0.8853503184713376,0.7727930535455861
ba_cu,ba_ca,na_mn,na_ba,0.89171974522293,0.7727930535455861
ca_cu,mn_cu,ba_ca,nd_ba,0.8789808917197452,0.7727930535455861
ca_cu,mn_cu,na_ca,ba_ti,0.8726114649681529,0.7727930535455861
nd_cu,nd_mn,na_ti,na_ba,0.8789808917197452,0.7727930535455861
ba_cu,na_ca,na_ti,nd_ti,0.8598726114649682,0.7727930535455861
ba_cu,na_ca,nd_ti,na_ba,0.8662420382165605,0.7727930535455861
ba_cu,na_ca,ba_mn,nd_ti,0.8598726114649682,0.7727930535455861
ca_cu,ba_ca,nd_ca,na_ba,0.8726114649681529,0.7727930535455861
ca_cu,ba_ca,na_ca,ti_mn,0.8789808917197452,0.7727930535455861
ca_cu,ti_ca,ti_mn,nd_ti,0.8662420382165605,0.7727930535455861
ca_cu,ti_ca,ba_ca,nd_ba,0.8853503184713376,0.7727930535455861
ca_cu,ti_ca,na_ca,nd_mn,0.8789808917197452,0.7727930535455861
ca_cu,mn_ca,na_ti,nd_ba,0.8726114649681529,0.7727930535455861
nd_cu,ba_ca,ti_mn,nd_mn,0.8789808917197452,0.7727930535455861
na_cu,nd_cu,na_ti,nd_ba,0.8726114649681529,0.7727930535455861
na_cu,nd_cu,mn_ca,ba_ca,0.8853503184713376,0.7727930535455861
ba_cu,nd_mn,na_ti,nd_ba,0.8662420382165605,0.7727930535455861
nd_cu,ti_ca,ba_ti,na_ti,0.8789808917197452,0.7727930535455861
na_cu,ti_ca,ba_ca,ba_mn,0.8726114649681529,0.7727930535455861
nd_cu,ti_ca,na_ti,na_ba,0.8789808917197452,0.7727930535455861
nd_cu,ti_ca,na_ti,nd_ba,0.8726114649681529,0.7727930535455861
nd_cu,ba_ca,nd_ca,ba_mn,0.8598726114649682,0.7727930535455861
na_cu,mn_ca,ti_ca,ba_mn,0.8853503184713376,0.7727930535455861
na_cu,mn_ca,ba_ca,ti_mn,0.8980891719745223,0.7727930535455861
na_cu,ba_ca,na_ti,na_ba,0.8726114649681529,0.7727930535455861
na_cu,ba_ca,na_ca,ba_mn,0.8726114649681529,0.7727930535455861
na_cu,ba_ca,na_ca,nd_mn,0.8726114649681529,0.7727930535455861
nd_cu,ti_ca,na_ca,nd_mn,0.8853503184713376,0.7727930535455861
nd_cu,ti_ca,na_ca,na_ba,0.8789808917197452,0.7727930535455861
ca_cu,mn_ca,nd_mn,na_ti,0.8726114649681529,0.7727930535455861
na_ca,ti_mn,na_mn,nd_mn,0.8853503184713376,0.7727930535455861
ca_cu,mn_cu,ti_cu,nd_cu,0.8853503184713376,0.7727930535455861
ca_cu,mn_cu,ba_cu,na_ca,0.8726114649681529,0.7727930535455861
na_cu,na_mn,nd_ti,nd_ba,0.8789808917197452,0.7713458755426917
ca_cu,mn_cu,ti_cu,na_ca,0.8726114649681529,0.7713458755426917
nd_cu,mn_ca,ba_ca,nd_ba,0.8726114649681529,0.7713458755426917
nd_cu,mn_ca,ti_mn,na_ti,0.8789808917197452,0.7713458755426917
na_cu,na_ca,na_ti,nd_na,0.89171974522293,0.7713458755426917
nd_cu,mn_ca,nd_ba,nd_na,0.8853503184713376,0.7713458755426917
na_cu,na_ca,na_mn,nd_ba,0.8726114649681529,0.7713458755426917
na_cu,na_ca,ti_mn,ba_ti,0.89171974522293,0.7713458755426917
na_cu,na_ca,ti_mn,nd_na,0.910828025477707,0.7713458755426917
na_cu,ba_ca,na_ti,nd_ba,0.8853503184713376,0.7713458755426917
ca_cu,mn_cu,nd_cu,na_ca,0.89171974522293,0.7713458755426917
ca_cu,mn_cu,nd_cu,nd_ca,0.8662420382165605,0.7713458755426917
na_cu,ba_ca,ba_mn,na_ba,0.8662420382165605,0.7713458755426917
na_cu,ba_ca,na_ca,na_ti,0.8789808917197452,0.7713458755426917
na_cu,ti_ca,nd_mn,na_ti,0.8726114649681529,0.7713458755426917
na_cu,ti_ca,ba_ti,na_ba,0.8726114649681529,0.7713458755426917
na_cu,ti_ca,ba_ca,na_ba,0.8853503184713376,0.7713458755426917
na_cu,mn_ca,na_mn,na_ba,0.8853503184713376,0.7713458755426917
na_cu,mn_ca,na_mn,nd_ba,0.8598726114649682,0.7713458755426917
nd_cu,ba_ca,na_ca,ba_ti,0.8789808917197452,0.7713458755426917
nd_cu,ba_ca,nd_ca,na_ba,0.8789808917197452,0.7713458755426917
ca_cu,mn_cu,ti_ca,na_ti,0.8726114649681529,0.7713458755426917
ca_cu,mn_cu,ti_ca,nd_ti,0.8662420382165605,0.7713458755426917
nd_cu,ba_ca,nd_mn,nd_ba,0.8726114649681529,0.7713458755426917
nd_cu,na_ca,na_mn,na_ti,0.8726114649681529,0.7713458755426917
nd_cu,na_ca,ba_ti,nd_ba,0.8789808917197452,0.7713458755426917
nd_cu,na_ca,nd_ba,nd_na,0.8789808917197452,0.7713458755426917
ba_cu,ba_ti,na_ti,nd_ba,0.8789808917197452,0.7713458755426917
ba_cu,ba_ti,na_ba,nd_na,0.8789808917197452,0.7713458755426917
nd_cu,nd_ca,na_ba,nd_na,0.8662420382165605,0.7713458755426917
ca_cu,mn_cu,ba_ca,ba_ti,0.8789808917197452,0.7713458755426917
ca_cu,mn_cu,na_ca,nd_ca,0.8726114649681529,0.7713458755426917
nd_cu,ba_mn,na_ti,nd_ba,0.8726114649681529,0.7713458755426917
na_ca,ti_mn,nd_mn,na_ba,0.8789808917197452,0.7713458755426917
ba_cu,nd_ca,nd_mn,nd_ti,0.8853503184713376,0.7713458755426917
nd_cu,ba_ti,na_ti,na_ba,0.8789808917197452,0.7713458755426917
ba_cu,na_ca,na_ti,nd_ba,0.8598726114649682,0.7713458755426917
ba_cu,na_ca,nd_ti,nd_na,0.8598726114649682,0.7713458755426917
ba_cu,na_ca,na_mn,ba_ti,0.8662420382165605,0.7713458755426917
ba_cu,na_ca,ti_mn,ba_ti,0.8662420382165605,0.7713458755426917
ba_cu,na_ca,nd_ca,ti_mn,0.8789808917197452,0.7713458755426917
ba_cu,ba_ca,ba_ti,nd_na,0.8789808917197452,0.7713458755426917
ba_cu,ba_ca,nd_ca,nd_ti,0.8726114649681529,0.7713458755426917
ba_cu,ba_ca,na_ca,nd_mn,0.8662420382165605,0.7713458755426917
ba_cu,ti_ca,na_mn,nd_ba,0.8662420382165605,0.7713458755426917
ba_cu,ti_ca,na_ti,nd_ba,0.8789808917197452,0.7713458755426917
mn_ca,ti_ca,na_ca,na_ti,0.8726114649681529,0.7713458755426917
ca_cu,mn_cu,ba_ti,nd_ba,0.8726114649681529,0.7713458755426917
ba_cu,mn_ca,na_mn,nd_ba,0.8726114649681529,0.7713458755426917
ca_cu,mn_ca,nd_ca,na_ti,0.8662420382165605,0.7713458755426917
ca_cu,mn_ca,ba_ca,nd_ti,0.8853503184713376,0.7713458755426917
ba_cu,mn_ca,na_mn,ba_ti,0.8789808917197452,0.7713458755426917
ba_cu,mn_ca,nd_ca,ba_ti,0.8853503184713376,0.7713458755426917
ba_cu,mn_ca,nd_ca,nd_ba,0.8853503184713376,0.7713458755426917
ba_cu,mn_ca,ba_ca,nd_ba,0.8789808917197452,0.7713458755426917
mn_ca,ti_ca,ba_mn,nd_mn,0.8853503184713376,0.7713458755426917
ba_cu,mn_ca,ti_ca,ba_ca,0.8726114649681529,0.7713458755426917
ca_cu,ti_cu,na_cu,ba_ti,0.8726114649681529,0.7713458755426917
ca_cu,ti_cu,na_cu,nd_ti,0.8726114649681529,0.7713458755426917
mn_ca,ti_ca,na_ba,nd_na,0.8789808917197452,0.7713458755426917
ba_cu,nd_cu,ba_ca,na_ca,0.8789808917197452,0.7713458755426917
mn_ca,ba_ca,nd_ca,nd_na,0.8789808917197452,0.7713458755426917
ba_cu,nd_cu,mn_ca,ba_ca,0.8662420382165605,0.7713458755426917
ba_cu,nd_cu,mn_ca,ti_mn,0.8789808917197452,0.7713458755426917
ca_cu,ti_cu,nd_cu,ti_mn,0.8789808917197452,0.7713458755426917
ca_cu,ti_cu,nd_cu,na_ba,0.8726114649681529,0.7713458755426917
na_ca,ti_mn,ba_mn,nd_na,0.8853503184713376,0.7713458755426917
ca_cu,mn_ca,ba_mn,nd_ba,0.8662420382165605,0.7713458755426917
mn_ca,ba_ca,nd_mn,na_ba,0.8789808917197452,0.7713458755426917
ba_cu,na_cu,ba_ca,nd_mn,0.8662420382165605,0.7713458755426917
mn_ca,na_ca,nd_ca,nd_ti,0.8662420382165605,0.7713458755426917
nd_ca,nd_ti,na_ba,nd_na,0.8662420382165605,0.7713458755426917
ba_cu,na_cu,ti_ca,ti_mn,0.8853503184713376,0.7713458755426917
ba_cu,na_cu,nd_cu,na_ca,0.8789808917197452,0.7713458755426917
ba_cu,na_cu,mn_ca,na_ca,0.8726114649681529,0.7713458755426917
mn_ca,na_ca,ba_ti,nd_ba,0.8789808917197452,0.7713458755426917
ti_cu,na_ti,na_ba,nd_na,0.8789808917197452,0.7713458755426917
mn_ca,nd_ca,na_mn,nd_ba,0.8789808917197452,0.7713458755426917
ti_cu,ti_mn,nd_ti,nd_na,0.8598726114649682,0.7713458755426917
ti_cu,ti_mn,ba_ti,na_ba,0.8789808917197452,0.7713458755426917
nd_ca,nd_mn,nd_ti,nd_na,0.8726114649681529,0.7713458755426917
na_ca,ti_mn,nd_ba,nd_na,0.8789808917197452,0.7713458755426917
ti_cu,na_ca,nd_ti,nd_na,0.8789808917197452,0.7713458755426917
ca_cu,ti_cu,ti_mn,nd_na,0.8853503184713376,0.7713458755426917
ti_cu,nd_ca,ti_mn,nd_ba,0.8789808917197452,0.7713458755426917
ti_cu,na_ca,nd_mn,ba_ti,0.8726114649681529,0.7713458755426917
ti_cu,na_ca,ba_ti,na_ti,0.8726114649681529,0.7713458755426917
ti_cu,na_ca,nd_ca,na_ba,0.8726114649681529,0.7713458755426917
ti_cu,ba_ca,ba_mn,na_ba,0.8789808917197452,0.7713458755426917
mn_ca,ti_mn,na_ba,nd_ba,0.8535031847133758,0.7713458755426917
ti_cu,ti_ca,nd_ti,nd_na,0.8789808917197452,0.7713458755426917
ti_cu,ti_ca,nd_ba,nd_na,0.89171974522293,0.7713458755426917
ti_cu,ti_ca,nd_ca,nd_na,0.89171974522293,0.7713458755426917
ti_cu,ti_ca,ti_mn,na_ba,0.8662420382165605,0.7713458755426917
ti_cu,ti_ca,ti_mn,nd_na,0.8853503184713376,0.7713458755426917
ca_cu,ti_cu,nd_ti,na_ba,0.8853503184713376,0.7713458755426917
nd_ca,na_mn,nd_ba,nd_na,0.8535031847133758,0.7713458755426917
ca_cu,mn_ca,na_ba,nd_na,0.8789808917197452,0.7713458755426917
ca_cu,ti_ca,ba_ca,ba_mn,0.8726114649681529,0.7713458755426917
ca_cu,mn_ca,na_mn,nd_na,0.8853503184713376,0.7713458755426917
ca_cu,mn_ca,nd_mn,na_ba,0.8598726114649682,0.7713458755426917
mn_ca,ba_mn,nd_ti,nd_ba,0.8853503184713376,0.7713458755426917
ti_cu,ti_ca,ba_ca,ti_mn,0.8789808917197452,0.7713458755426917
ti_cu,mn_ca,ba_ti,nd_na,0.8853503184713376,0.7713458755426917
ti_cu,mn_ca,na_mn,nd_ba,0.8789808917197452,0.7713458755426917
ti_cu,mn_ca,nd_mn,na_ba,0.8853503184713376,0.7713458755426917
ti_cu,mn_ca,nd_ca,nd_ti,0.8853503184713376,0.7713458755426917
ti_cu,mn_ca,nd_ca,nd_ba,0.8726114649681529,0.7713458755426917
ti_cu,mn_ca,ti_mn,ba_ti,0.8789808917197452,0.7713458755426917
ti_cu,mn_ca,ti_mn,nd_na,0.89171974522293,0.7713458755426917
mn_ca,nd_mn,na_ti,nd_ba,0.8853503184713376,0.7713458755426917
ca_cu,ba_cu,na_cu,nd_ca,0.8726114649681529,0.7713458755426917
ca_cu,ba_cu,na_cu,nd_mn,0.8662420382165605,0.7713458755426917
ca_cu,ti_cu,nd_mn,nd_ba,0.8789808917197452,0.7713458755426917
ca_cu,mn_ca,na_ti,nd_na,0.8853503184713376,0.7713458755426917
ti_cu,mn_ca,ba_ca,ti_mn,0.8789808917197452,0.7713458755426917
ti_cu,mn_ca,ti_ca,ba_ca,0.8789808917197452,0.7713458755426917
ti_cu,nd_cu,ba_ti,na_ti,0.8789808917197452,0.7713458755426917
ti_ca,ba_ca,na_ca,na_mn,0.8726114649681529,0.7713458755426917
ca_cu,ba_cu,nd_cu,mn_ca,0.8789808917197452,0.7713458755426917
ti_ca,ba_ca,na_ca,nd_mn,0.8726114649681529,0.7713458755426917
ti_cu,nd_cu,ba_ca,ba_ti,0.8789808917197452,0.7713458755426917
ti_cu,nd_cu,mn_ca,nd_mn,0.8726114649681529,0.7713458755426917
ti_cu,nd_cu,mn_ca,ti_ca,0.8726114649681529,0.7713458755426917
nd_ca,ba_mn,nd_ba,nd_na,0.8598726114649682,0.7713458755426917
ca_cu,ba_cu,mn_ca,na_ca,0.8789808917197452,0.7713458755426917
ti_cu,na_cu,na_ca,ba_ti,0.8726114649681529,0.7713458755426917
ti_cu,na_cu,ba_ca,nd_na,0.8980891719745223,0.7713458755426917
ti_ca,ba_ca,ba_mn,nd_na,0.8789808917197452,0.7713458755426917
ca_cu,ti_ca,ba_mn,nd_ti,0.8726114649681529,0.7713458755426917
ca_cu,ti_ca,ba_mn,nd_ba,0.8726114649681529,0.7713458755426917
ca_cu,ti_ca,na_mn,na_ti,0.8726114649681529,0.7713458755426917
ca_cu,ti_ca,nd_ca,na_ti,0.8789808917197452,0.7713458755426917
ti_ca,ba_ca,na_mn,na_ba,0.8853503184713376,0.7713458755426917
ti_ca,ba_ca,nd_mn,na_ba,0.8789808917197452,0.7713458755426917
ti_cu,ba_cu,nd_mn,nd_ti,0.8662420382165605,0.7713458755426917
ti_cu,ba_cu,na_ti,nd_na,0.8980891719745223,0.7713458755426917
ti_cu,ba_cu,ti_mn,na_ba,0.8853503184713376,0.7713458755426917
ti_cu,ba_cu,na_ca,nd_ti,0.8726114649681529,0.7713458755426917
ti_ca,ba_ca,na_ti,nd_na,0.8726114649681529,0.7713458755426917
ti_ca,na_ca,nd_ca,ti_mn,0.8598726114649682,0.7713458755426917
ti_cu,ba_cu,ba_ca,ti_mn,0.8789808917197452,0.7713458755426917
ti_cu,ba_cu,ti_ca,ti_mn,0.8789808917197452,0.7713458755426917
ti_cu,ba_cu,na_cu,na_ca,0.8789808917197452,0.7713458755426917
ti_cu,ba_cu,na_cu,nd_na,0.89171974522293,0.7713458755426917
na_ca,nd_ca,ba_ti,nd_ba,0.8789808917197452,0.7713458755426917
mn_cu,na_ti,nd_ba,nd_na,0.8726114649681529,0.7713458755426917
ti_ca,na_ca,ba_mn,na_mn,0.8789808917197452,0.7713458755426917
ti_ca,na_ca,na_mn,na_ba,0.8789808917197452,0.7713458755426917
ti_ca,na_ca,na_mn,nd_na,0.8789808917197452,0.7713458755426917
mn_cu,ti_mn,na_ti,nd_na,0.89171974522293,0.7713458755426917
mn_cu,nd_ca,nd_ba,nd_na,0.8662420382165605,0.7713458755426917
mn_cu,ti_mn,ba_mn,nd_ba,0.8598726114649682,0.7713458755426917
mn_cu,nd_ca,ba_mn,ba_ti,0.8726114649681529,0.7713458755426917
mn_cu,nd_ca,ba_mn,nd_ti,0.8789808917197452,0.7713458755426917
mn_cu,na_ca,na_ti,nd_ba,0.8535031847133758,0.7713458755426917
mn_cu,na_ca,nd_mn,nd_na,0.8535031847133758,0.7713458755426917
mn_cu,na_ca,ba_mn,ba_ti,0.8789808917197452,0.7713458755426917
ti_ca,nd_ca,ti_mn,nd_ti,0.8662420382165605,0.7713458755426917
mn_cu,na_ca,nd_ca,nd_ba,0.8598726114649682,0.7713458755426917
mn_cu,ba_ca,ba_ti,nd_na,0.8789808917197452,0.7713458755426917
ca_cu,ti_ca,nd_mn,nd_ba,0.8789808917197452,0.7713458755426917
mn_cu,ba_ca,nd_ca,nd_ti,0.8789808917197452,0.7713458755426917
mn_cu,ba_ca,ti_mn,ba_ti,0.8789808917197452,0.7713458755426917
mn_cu,ba_ca,na_ca,ba_mn,0.8853503184713376,0.7713458755426917
na_ca,na_ti,nd_ti,na_ba,0.8662420382165605,0.7713458755426917
mn_cu,ba_ca,nd_ca,nd_mn,0.8789808917197452,0.7713458755426917
mn_cu,ti_ca,nd_mn,ba_ti,0.8726114649681529,0.7713458755426917
mn_cu,ti_ca,nd_mn,nd_ba,0.8662420382165605,0.7713458755426917
mn_cu,ti_ca,ba_ca,nd_ca,0.8662420382165605,0.7713458755426917
mn_cu,ti_ca,ba_ca,ti_mn,0.8726114649681529,0.7713458755426917
mn_cu,ti_ca,ba_ca,ba_mn,0.8789808917197452,0.7713458755426917
ca_cu,na_cu,mn_ca,nd_na,0.8662420382165605,0.7713458755426917
ca_cu,na_cu,ti_ca,na_ca,0.8789808917197452,0.7713458755426917
mn_cu,ti_ca,ba_ca,nd_ti,0.8726114649681529,0.7713458755426917
mn_cu,ti_ca,ba_ca,nd_na,0.8726114649681529,0.7713458755426917
mn_cu,mn_ca,nd_ti,nd_ba,0.8726114649681529,0.7713458755426917
ti_ca,nd_ca,ba_ti,na_ba,0.8726114649681529,0.7713458755426917
mn_cu,mn_ca,nd_ca,na_ba,0.8662420382165605,0.7713458755426917
ti_ca,ti_mn,ba_mn,nd_ti,0.8726114649681529,0.7713458755426917
mn_cu,mn_ca,nd_ca,ba_ti,0.8726114649681529,0.7713458755426917
mn_cu,mn_ca,ti_ca,na_ti,0.8789808917197452,0.7713458755426917
na_ca,nd_mn,nd_ti,nd_ba,0.8535031847133758,0.7713458755426917
ca_cu,na_cu,na_ca,nd_mn,0.8598726114649682,0.7713458755426917
mn_cu,nd_cu,na_ti,nd_ba,0.8598726114649682,0.7713458755426917
ti_ca,ba_mn,na_ti,nd_ti,0.8789808917197452,0.7713458755426917
mn_cu,nd_cu,ba_ca,ba_ti,0.8726114649681529,0.7713458755426917
mn_cu,nd_cu,ba_ca,na_ti,0.8789808917197452,0.7713458755426917
ti_ca,na_mn,ba_ti,na_ti,0.8789808917197452,0.7713458755426917
mn_cu,nd_cu,mn_ca,ti_mn,0.8726114649681529,0.7713458755426917
mn_cu,na_cu,ba_ti,nd_na,0.8853503184713376,0.7713458755426917
ti_ca,nd_mn,nd_ti,nd_ba,0.8726114649681529,0.7713458755426917
ti_ca,ba_ti,na_ti,nd_na,0.8726114649681529,0.7713458755426917
ti_ca,ba_ti,na_ba,nd_na,0.8789808917197452,0.7713458755426917
ti_ca,na_ti,nd_ti,na_ba,0.8726114649681529,0.7713458755426917
ti_ca,na_ti,nd_ti,nd_ba,0.8789808917197452,0.7713458755426917
mn_cu,na_cu,ba_ca,nd_ti,0.89171974522293,0.7713458755426917
ba_ca,na_ca,ba_mn,ba_ti,0.8789808917197452,0.7713458755426917
ca_cu,na_cu,ti_mn,nd_mn,0.8789808917197452,0.7713458755426917
mn_cu,ba_cu,nd_ca,na_ba,0.8662420382165605,0.7713458755426917
mn_cu,ba_cu,na_ca,nd_mn,0.8535031847133758,0.7713458755426917
mn_cu,ba_cu,ti_ca,ba_ti,0.8789808917197452,0.7713458755426917
mn_cu,ba_cu,ba_ca,ba_ti,0.8789808917197452,0.7713458755426917
mn_cu,ba_cu,mn_ca,ba_ti,0.8853503184713376,0.7713458755426917
ba_ca,nd_ca,nd_mn,ba_ti,0.8662420382165605,0.7713458755426917
ca_cu,na_cu,nd_ti,nd_ba,0.8662420382165605,0.7713458755426917
ba_ca,nd_ca,ba_ti,nd_na,0.8598726114649682,0.7713458755426917
ba_ca,nd_ca,nd_ti,nd_na,0.8662420382165605,0.7713458755426917
mn_cu,ba_cu,na_cu,nd_ti,0.8980891719745223,0.7713458755426917
na_ca,nd_ca,na_mn,nd_ba,0.8598726114649682,0.7713458755426917
mn_cu,ti_cu,na_mn,ba_ti,0.8789808917197452,0.7713458755426917
mn_cu,ti_cu,na_mn,nd_ba,0.8662420382165605,0.7713458755426917
mn_cu,ti_cu,nd_mn,ba_ti,0.8789808917197452,0.7713458755426917
mn_cu,ti_cu,ba_mn,nd_ti,0.8853503184713376,0.7713458755426917
mn_cu,ti_cu,ba_mn,na_ba,0.8789808917197452,0.7713458755426917
ca_cu,nd_cu,mn_ca,na_ti,0.8726114649681529,0.7713458755426917
mn_cu,ti_cu,ba_ca,nd_ca,0.8853503184713376,0.7713458755426917
mn_cu,ti_cu,ba_ca,ba_mn,0.8853503184713376,0.7713458755426917
ba_ca,ti_mn,nd_ba,nd_na,0.8662420382165605,0.7713458755426917
ca_cu,nd_cu,ti_ca,na_ca,0.8789808917197452,0.7713458755426917
ca_cu,nd_cu,ti_ca,na_ti,0.8789808917197452,0.7713458755426917
ca_cu,nd_ti,na_ba,nd_ba,0.8853503184713376,0.7713458755426917
mn_cu,ti_cu,ba_cu,na_cu,0.8853503184713376,0.7713458755426917
mn_cu,ti_cu,ba_cu,nd_cu,0.8789808917197452,0.7713458755426917
ca_cu,ba_ti,na_ba,nd_na,0.8853503184713376,0.7713458755426917
ca_cu,na_ca,nd_ca,na_ti,0.8789808917197452,0.7713458755426917
ba_ca,ba_mn,nd_ba,nd_na,0.8789808917197452,0.7713458755426917
ca_cu,ti_mn,ba_ti,nd_na,0.8726114649681529,0.7713458755426917
ca_cu,nd_cu,na_ca,nd_mn,0.8726114649681529,0.7713458755426917
ca_cu,nd_ca,nd_ti,na_ba,0.8726114649681529,0.7713458755426917
ca_cu,nd_ca,na_ba,nd_ba,0.8789808917197452,0.7713458755426917
ca_cu,nd_ca,ti_mn,na_mn,0.9044585987261148,0.7713458755426917
ca_cu,na_ca,na_ti,nd_ba,0.8789808917197452,0.7713458755426917
ca_cu,na_ca,na_mn,nd_ba,0.8726114649681529,0.7713458755426917
na_ca,nd_ca,ti_mn,nd_ti,0.8662420382165605,0.7713458755426917
ca_cu,ba_ca,na_ti,nd_ba,0.8789808917197452,0.7713458755426917
nd_mn,ba_ti,na_ba,nd_na,0.8789808917197452,0.7713458755426917
ca_cu,mn_cu,na_cu,nd_ca,0.89171974522293,0.7698986975397974
ca_cu,mn_cu,na_cu,nd_cu,0.89171974522293,0.7698986975397974
ca_cu,mn_cu,ba_cu,nd_na,0.8789808917197452,0.7698986975397974
na_cu,nd_ti,na_ba,nd_na,0.8726114649681529,0.7698986975397974
na_ca,nd_mn,na_ti,nd_na,0.8726114649681529,0.7698986975397974
na_ca,na_mn,na_ba,nd_ba,0.8789808917197452,0.7698986975397974
ba_ca,na_ca,nd_ca,na_ti,0.8789808917197452,0.7698986975397974
mn_cu,nd_cu,ba_ca,nd_ca,0.8662420382165605,0.7698986975397974
mn_cu,nd_cu,na_ca,na_ti,0.8598726114649682,0.7698986975397974
mn_cu,nd_cu,na_ca,ba_ti,0.8726114649681529,0.7698986975397974
ti_ca,ba_mn,nd_mn,nd_ti,0.8662420382165605,0.7698986975397974
ti_ca,ti_mn,nd_ti,nd_ba,0.8662420382165605,0.7698986975397974
ti_ca,ti_mn,ba_ti,nd_ba,0.8726114649681529,0.7698986975397974
ti_ca,ti_mn,nd_mn,nd_ba,0.8853503184713376,0.7698986975397974
mn_cu,mn_ca,ti_ca,nd_ti,0.8598726114649682,0.7698986975397974
mn_cu,mn_ca,ti_ca,ba_ti,0.8789808917197452,0.7698986975397974
na_cu,ba_ca,nd_mn,na_ba,0.8662420382165605,0.7698986975397974
na_cu,na_ca,ba_mn,nd_mn,0.8726114649681529,0.7698986975397974
na_cu,na_ca,ti_mn,nd_ti,0.8789808917197452,0.7698986975397974
na_cu,nd_ca,ba_mn,nd_ti,0.8662420382165605,0.7698986975397974
ba_ca,na_ca,ba_mn,nd_mn,0.8789808917197452,0.7698986975397974
ba_ca,na_ca,ti_mn,ba_ti,0.8726114649681529,0.7698986975397974
ti_ca,ti_mn,ba_mn,na_ba,0.8598726114649682,0.7698986975397974
ca_cu,ba_ca,nd_ca,nd_mn,0.8789808917197452,0.7698986975397974
mn_cu,na_cu,mn_ca,nd_ti,0.8726114649681529,0.7698986975397974
ca_cu,na_ca,nd_mn,na_ti,0.8598726114649682,0.7698986975397974
ca_cu,na_ca,na_mn,nd_na,0.8853503184713376,0.7698986975397974
nd_cu,ti_ca,ti_mn,na_ti,0.8726114649681529,0.7698986975397974
na_cu,ti_ca,na_ti,nd_ba,0.8789808917197452,0.7698986975397974
nd_cu,ti_ca,nd_ca,na_ba,0.8789808917197452,0.7698986975397974
nd_cu,ti_ca,nd_ca,na_ti,0.8789808917197452,0.7698986975397974
na_cu,ba_ca,ti_mn,ba_mn,0.89171974522293,0.7698986975397974
nd_cu,ti_ca,na_ca,na_mn,0.8789808917197452,0.7698986975397974
nd_cu,ti_ca,na_ca,ba_mn,0.8789808917197452,0.7698986975397974
na_cu,ba_ca,ba_ti,nd_ba,0.8853503184713376,0.7698986975397974
mn_cu,na_cu,mn_ca,nd_ca,0.8853503184713376,0.7698986975397974
ti_ca,nd_ca,na_ti,na_ba,0.8789808917197452,0.7698986975397974
mn_cu,mn_ca,na_ba,nd_na,0.8853503184713376,0.7698986975397974
mn_cu,ti_ca,ba_ca,nd_ba,0.8726114649681529,0.7698986975397974
na_ca,ba_ti,na_ba,nd_ba,0.8789808917197452,0.7698986975397974
na_ca,nd_mn,na_ba,nd_na,0.8789808917197452,0.7698986975397974
ca_cu,na_cu,ti_ca,nd_mn,0.8789808917197452,0.7698986975397974
mn_cu,ti_ca,ba_mn,nd_mn,0.8662420382165605,0.7698986975397974
ca_cu,na_cu,nd_ca,nd_mn,0.8789808917197452,0.7698986975397974
ca_cu,na_cu,nd_mn,ba_ti,0.8726114649681529,0.7698986975397974
ca_cu,na_ca,na_ti,nd_ti,0.8662420382165605,0.7698986975397974
ca_cu,na_ca,ba_ti,nd_ba,0.8662420382165605,0.7698986975397974
ca_cu,mn_ca,na_ca,ba_ti,0.8789808917197452,0.7698986975397974
na_cu,ti_ca,na_ca,nd_mn,0.8789808917197452,0.7698986975397974
ca_cu,mn_cu,mn_ca,nd_ca,0.8662420382165605,0.7698986975397974
na_cu,ti_ca,ti_mn,nd_ti,0.8726114649681529,0.7698986975397974
na_ca,nd_ca,ti_mn,nd_mn,0.8789808917197452,0.7698986975397974
ti_ca,nd_ca,nd_mn,nd_na,0.8598726114649682,0.7698986975397974
ti_ca,nd_ca,nd_mn,na_ba,0.8598726114649682,0.7698986975397974
mn_cu,ti_ca,ba_ti,na_ba,0.8789808917197452,0.7698986975397974
mn_cu,ba_ca,nd_ca,na_ti,0.8662420382165605,0.7698986975397974
mn_cu,ba_ca,nd_ca,ba_ti,0.8662420382165605,0.7698986975397974
mn_cu,ba_ca,nd_ca,ba_mn,0.8662420382165605,0.7698986975397974
ca_cu,nd_ca,nd_mn,nd_ba,0.8789808917197452,0.7698986975397974
nd_cu,ba_ca,nd_ca,nd_mn,0.8789808917197452,0.7698986975397974
na_cu,mn_ca,ti_mn,nd_ti,0.8789808917197452,0.7698986975397974
na_cu,ti_ca,ba_ca,na_ca,0.8789808917197452,0.7698986975397974
ca_cu,nd_cu,na_ti,na_ba,0.8789808917197452,0.7698986975397974
ca_cu,mn_ca,ba_ca,nd_mn,0.89171974522293,0.7698986975397974
ca_cu,mn_ca,ti_ca,nd_ti,0.8789808917197452,0.7698986975397974
ca_cu,na_ca,na_ba,nd_na,0.8853503184713376,0.7698986975397974
ca_cu,na_ca,nd_ti,nd_na,0.8726114649681529,0.7698986975397974
ca_cu,na_cu,mn_ca,ba_ca,0.8726114649681529,0.7698986975397974
ca_cu,na_cu,ti_mn,ba_mn,0.89171974522293,0.7698986975397974
mn_cu,ba_ca,ti_mn,nd_na,0.8726114649681529,0.7698986975397974
mn_cu,ba_ca,ti_mn,nd_mn,0.8598726114649682,0.7698986975397974
mn_cu,ba_ca,ti_mn,na_mn,0.8789808917197452,0.7698986975397974
ca_cu,ba_ca,na_ca,nd_ba,0.8789808917197452,0.7698986975397974
ca_cu,ba_ca,na_ca,nd_ti,0.8662420382165605,0.7698986975397974
na_cu,nd_cu,ba_ca,na_mn,0.8726114649681529,0.7698986975397974
nd_cu,na_ca,ti_mn,nd_ba,0.8789808917197452,0.7698986975397974
nd_cu,na_ca,ti_mn,nd_ti,0.8598726114649682,0.7698986975397974
nd_cu,ba_ca,nd_mn,na_ba,0.8853503184713376,0.7698986975397974
ca_cu,mn_cu,ba_ca,nd_ca,0.8789808917197452,0.7698986975397974
ca_cu,mn_cu,ti_ca,ba_mn,0.8662420382165605,0.7698986975397974
nd_cu,ba_ca,ti_mn,nd_ti,0.8726114649681529,0.7698986975397974
na_cu,mn_ca,ti_ca,nd_ti,0.8789808917197452,0.7698986975397974
na_cu,mn_ca,ba_ca,nd_mn,0.8726114649681529,0.7698986975397974
ca_cu,nd_ca,ti_mn,nd_na,0.89171974522293,0.7698986975397974
mn_cu,ba_ca,na_ti,nd_ti,0.8789808917197452,0.7698986975397974
mn_cu,na_ca,ba_mn,na_ba,0.8789808917197452,0.7698986975397974
mn_cu,na_ca,ti_mn,nd_na,0.8853503184713376,0.7698986975397974
mn_cu,na_ca,ba_ti,nd_ba,0.8662420382165605,0.7698986975397974
mn_cu,na_ca,ba_ti,nd_ti,0.8598726114649682,0.7698986975397974
mn_cu,na_ca,nd_mn,nd_ba,0.8598726114649682,0.7698986975397974
mn_cu,na_ca,nd_mn,na_ba,0.8598726114649682,0.7698986975397974
mn_cu,ba_cu,ti_mn,nd_ba,0.8789808917197452,0.7698986975397974
ba_ca,ba_ti,na_ba,nd_na,0.8789808917197452,0.7698986975397974
ca_cu,mn_ca,ti_ca,nd_ca,0.8726114649681529,0.7698986975397974
ba_cu,na_mn,na_ti,nd_ba,0.8789808917197452,0.7698986975397974
ba_cu,na_mn,ba_ti,na_ba,0.8726114649681529,0.7698986975397974
nd_cu,nd_ca,nd_ti,na_ba,0.8789808917197452,0.7698986975397974
na_cu,nd_cu,ti_ca,na_ca,0.89171974522293,0.7698986975397974
nd_cu,na_ca,nd_mn,nd_na,0.8853503184713376,0.7698986975397974
nd_cu,na_ca,nd_mn,ba_ti,0.8789808917197452,0.7698986975397974
mn_cu,ba_cu,nd_ca,nd_ba,0.8853503184713376,0.7698986975397974
ba_ca,nd_ca,ba_mn,nd_na,0.8662420382165605,0.7698986975397974
mn_cu,na_ca,na_ba,nd_ba,0.8662420382165605,0.7698986975397974
mn_cu,nd_ca,ba_mn,nd_mn,0.8853503184713376,0.7698986975397974
mn_cu,nd_ca,nd_mn,nd_ba,0.8662420382165605,0.7698986975397974
ti_ca,na_ca,nd_ti,nd_ba,0.8726114649681529,0.7698986975397974
nd_ca,ti_mn,ba_mn,nd_na,0.8726114649681529,0.7698986975397974
mn_cu,ba_cu,ti_ca,nd_ti,0.8789808917197452,0.7698986975397974
ca_cu,nd_cu,ba_ca,na_ba,0.8789808917197452,0.7698986975397974
ba_cu,na_ca,ba_mn,nd_ba,0.8662420382165605,0.7698986975397974
ba_cu,na_ca,na_ti,nd_na,0.8789808917197452,0.7698986975397974
ba_cu,na_ca,na_ti,na_ba,0.8726114649681529,0.7698986975397974
ba_cu,nd_ca,ti_mn,nd_ti,0.8662420382165605,0.7698986975397974
ba_cu,nd_ca,ba_ti,nd_na,0.8598726114649682,0.7698986975397974
na_ca,ti_mn,ba_ti,na_ba,0.8789808917197452,0.7698986975397974
na_ca,ti_mn,ba_ti,nd_ti,0.8598726114649682,0.7698986975397974
mn_cu,ba_mn,ba_ti,nd_ti,0.8726114649681529,0.7698986975397974
mn_cu,na_mn,ba_ti,nd_na,0.8789808917197452,0.7698986975397974
mn_cu,na_mn,ba_ti,nd_ti,0.89171974522293,0.7698986975397974
mn_cu,ba_mn,nd_ti,nd_ba,0.8726114649681529,0.7698986975397974
mn_cu,nd_mn,ba_ti,na_ba,0.8789808917197452,0.7698986975397974
mn_cu,na_mn,na_ba,nd_ba,0.8662420382165605,0.7698986975397974
ba_cu,ba_ca,nd_ca,nd_mn,0.8662420382165605,0.7698986975397974
ba_cu,ba_ca,nd_ca,ti_mn,0.8726114649681529,0.7698986975397974
ba_cu,ba_ca,ti_mn,nd_na,0.8662420382165605,0.7698986975397974
ba_cu,ba_ca,ti_mn,na_ba,0.8789808917197452,0.7698986975397974
ba_cu,na_ca,nd_ca,na_ti,0.8535031847133758,0.7698986975397974
ba_cu,na_ca,nd_ca,ba_mn,0.8726114649681529,0.7698986975397974
ca_cu,mn_cu,na_ca,nd_ti,0.8853503184713376,0.7698986975397974
mn_cu,ba_ti,nd_ti,na_ba,0.8789808917197452,0.7698986975397974
ba_ca,nd_ca,ba_ti,na_ba,0.8726114649681529,0.7698986975397974
ba_ca,nd_ca,na_mn,nd_na,0.8726114649681529,0.7698986975397974
mn_cu,ba_cu,ti_ca,nd_ca,0.8726114649681529,0.7698986975397974
mn_cu,nd_mn,na_ti,nd_ba,0.8535031847133758,0.7698986975397974
ti_ca,na_ca,ba_mn,nd_mn,0.8789808917197452,0.7698986975397974
na_ca,nd_ca,ba_ti,nd_ti,0.8662420382165605,0.7698986975397974
ti_cu,ba_cu,na_cu,nd_ba,0.8853503184713376,0.7698986975397974
ti_cu,ba_cu,mn_ca,na_ca,0.8726114649681529,0.7698986975397974
ti_cu,ba_cu,nd_cu,nd_na,0.8726114649681529,0.7698986975397974
ca_cu,ba_cu,nd_ca,na_ba,0.8726114649681529,0.7698986975397974
ti_cu,ba_cu,nd_cu,na_ca,0.8789808917197452,0.7698986975397974
ca_cu,mn_cu,na_mn,nd_na,0.89171974522293,0.7698986975397974
ba_ca,nd_mn,nd_ba,nd_na,0.8853503184713376,0.7698986975397974
ba_ca,nd_mn,ba_ti,nd_ba,0.8789808917197452,0.7698986975397974
ba_cu,ti_ca,ti_mn,nd_ba,0.8726114649681529,0.7698986975397974
mn_ca,ti_ca,ba_ca,na_ti,0.8789808917197452,0.7698986975397974
ba_cu,ti_ca,ba_ti,na_ba,0.8789808917197452,0.7698986975397974
ba_cu,ti_ca,nd_mn,na_ti,0.8726114649681529,0.7698986975397974
ba_cu,ba_ca,ti_mn,nd_mn,0.8662420382165605,0.7698986975397974
ti_cu,ba_cu,ti_ca,nd_na,0.89171974522293,0.7698986975397974
ti_ca,na_ca,nd_ca,na_ti,0.8853503184713376,0.7698986975397974
ti_ca,na_ca,nd_ca,nd_mn,0.8726114649681529,0.7698986975397974
ti_ca,na_ca,nd_ca,na_mn,0.8535031847133758,0.7698986975397974
ca_cu,ba_cu,na_ca,ba_ti,0.8789808917197452,0.7698986975397974
ca_cu,ba_cu,na_ca,na_mn,0.8853503184713376,0.7698986975397974
ca_cu,ba_cu,na_ca,nd_ca,0.8789808917197452,0.7698986975397974
ca_cu,ba_cu,ba_ca,nd_ti,0.8726114649681529,0.7698986975397974
nd_ca,ba_mn,ba_ti,nd_ba,0.8726114649681529,0.7698986975397974
ba_ca,ti_mn,ba_mn,na_ba,0.8726114649681529,0.7698986975397974
ba_cu,ti_ca,ti_mn,ba_ti,0.8726114649681529,0.7698986975397974
ca_cu,mn_cu,ti_mn,nd_ti,0.8535031847133758,0.7698986975397974
ca_cu,mn_cu,ti_mn,nd_mn,0.8598726114649682,0.7698986975397974
ti_cu,ba_cu,nd_ca,nd_na,0.8726114649681529,0.7698986975397974
ti_cu,ba_cu,ba_ti,nd_na,0.8726114649681529,0.7698986975397974
ti_cu,ba_cu,ba_ti,na_ba,0.8726114649681529,0.7698986975397974
ti_cu,ba_cu,nd_mn,na_ba,0.8726114649681529,0.7698986975397974
ti_ca,ba_ca,nd_mn,na_ti,0.8726114649681529,0.7698986975397974
ti_cu,na_cu,nd_cu,na_ba,0.8789808917197452,0.7698986975397974
ba_cu,mn_ca,ba_ca,ba_ti,0.8789808917197452,0.7698986975397974
ba_cu,mn_ca,nd_ca,nd_ti,0.8726114649681529,0.7698986975397974
ba_cu,mn_ca,nd_ca,ti_mn,0.8726114649681529,0.7698986975397974
ti_mn,nd_mn,na_ba,nd_ba,0.8598726114649682,0.7698986975397974
mn_ca,ti_ca,nd_ca,na_ba,0.8598726114649682,0.7698986975397974
ca_cu,na_mn,nd_mn,nd_ba,0.89171974522293,0.7698986975397974
mn_cu,ba_cu,nd_cu,ba_ca,0.8789808917197452,0.7698986975397974
ti_cu,na_cu,ti_ca,nd_mn,0.8726114649681529,0.7698986975397974
nd_ca,ba_mn,nd_ti,na_ba,0.8662420382165605,0.7698986975397974
ca_cu,ti_ca,nd_ca,na_mn,0.8726114649681529,0.7698986975397974
ti_ca,ba_ca,ba_mn,nd_ti,0.8726114649681529,0.7698986975397974
ti_ca,ba_ca,ba_mn,nd_mn,0.8789808917197452,0.7698986975397974
ti_cu,na_cu,ba_ca,nd_ba,0.8789808917197452,0.7698986975397974
ti_cu,na_cu,ba_ca,na_ba,0.8789808917197452,0.7698986975397974
ti_cu,na_cu,nd_mn,nd_ba,0.8789808917197452,0.7698986975397974
ti_cu,na_cu,na_mn,ba_ti,0.8789808917197452,0.7698986975397974
ti_ca,ba_ca,nd_ca,na_ba,0.8726114649681529,0.7698986975397974
ti_ca,ba_ca,nd_ca,na_ti,0.8726114649681529,0.7698986975397974
ca_cu,ba_ca,nd_mn,nd_ba,0.8726114649681529,0.7698986975397974
ba_cu,nd_cu,ti_ca,na_ca,0.8789808917197452,0.7698986975397974
ba_cu,nd_cu,na_ca,ba_mn,0.8789808917197452,0.7698986975397974
ba_cu,nd_cu,na_ca,na_ba,0.8789808917197452,0.7698986975397974
ti_cu,nd_cu,mn_ca,nd_ca,0.8726114649681529,0.7698986975397974
ti_cu,nd_cu,ba_ca,na_ba,0.8853503184713376,0.7698986975397974
ti_cu,nd_cu,ba_mn,nd_ba,0.8789808917197452,0.7698986975397974
ti_cu,nd_cu,ti_mn,nd_na,0.8726114649681529,0.7698986975397974
mn_cu,ti_cu,ba_mn,nd_ba,0.8662420382165605,0.7698986975397974
mn_cu,ti_cu,ba_mn,na_ti,0.8853503184713376,0.7698986975397974
mn_cu,ti_cu,ba_mn,ba_ti,0.8726114649681529,0.7698986975397974
mn_cu,ti_cu,ti_mn,na_ba,0.8726114649681529,0.7698986975397974
ti_cu,mn_ca,ti_ca,ba_mn,0.89171974522293,0.7698986975397974
ti_cu,mn_ca,ti_ca,nd_ca,0.8726114649681529,0.7698986975397974
ti_cu,mn_ca,ba_ca,ba_ti,0.8789808917197452,0.7698986975397974
ti_cu,mn_ca,ba_ca,nd_mn,0.89171974522293,0.7698986975397974
ti_cu,mn_ca,ba_ca,na_mn,0.89171974522293,0.7698986975397974
ca_cu,ti_ca,na_ca,nd_ti,0.8662420382165605,0.7698986975397974
ti_cu,mn_ca,ti_ca,nd_na,0.8980891719745223,0.7698986975397974
ti_cu,mn_ca,nd_ca,ti_mn,0.8726114649681529,0.7698986975397974
mn_ca,nd_mn,nd_ti,nd_ba,0.8853503184713376,0.7698986975397974
ba_ca,ba_mn,na_ba,nd_na,0.8853503184713376,0.7698986975397974
ca_cu,ba_ti,na_ba,nd_ba,0.8789808917197452,0.7698986975397974
ba_cu,na_cu,ba_ca,ti_mn,0.89171974522293,0.7698986975397974
ba_cu,na_cu,na_mn,nd_ba,0.8726114649681529,0.7698986975397974
ba_cu,na_cu,nd_mn,na_ti,0.8726114649681529,0.7698986975397974
na_ca,ti_mn,na_mn,nd_ba,0.8789808917197452,0.7698986975397974
ti_cu,mn_ca,ti_mn,nd_ba,0.8662420382165605,0.7698986975397974
ti_cu,ti_ca,ba_ca,nd_ba,0.8853503184713376,0.7698986975397974
ca_cu,mn_ca,nd_ba,nd_na,0.8853503184713376,0.7698986975397974
nd_ca,na_mn,na_ti,nd_ba,0.8726114649681529,0.7698986975397974
ti_cu,nd_mn,ba_ti,na_ti,0.8726114649681529,0.7698986975397974
mn_ca,na_ca,nd_ba,nd_na,0.8726114649681529,0.7698986975397974
ti_cu,ba_ti,nd_ti,nd_na,0.8726114649681529,0.7698986975397974
ti_cu,nd_mn,na_ti,nd_na,0.8853503184713376,0.7698986975397974
nd_ca,ba_ti,na_ba,nd_ba,0.8789808917197452,0.7698986975397974
ca_cu,ti_cu,ba_ca,ti_mn,0.8789808917197452,0.7698986975397974
mn_cu,ti_cu,ti_ca,ba_ti,0.8789808917197452,0.7698986975397974
mn_cu,ti_cu,nd_ca,nd_na,0.8789808917197452,0.7698986975397974
ti_cu,ti_ca,na_mn,nd_ba,0.8662420382165605,0.7698986975397974
ti_cu,ti_ca,na_mn,ba_ti,0.8726114649681529,0.7698986975397974
ti_cu,ti_ca,na_ba,nd_na,0.8726114649681529,0.7698986975397974
ti_cu,ba_ca,na_ca,na_ti,0.8726114649681529,0.7698986975397974
ti_cu,ba_ca,ti_mn,ba_ti,0.8726114649681529,0.7698986975397974
ti_cu,ba_ca,nd_ca,nd_na,0.8726114649681529,0.7698986975397974
ti_cu,ti_mn,nd_mn,nd_na,0.8662420382165605,0.7698986975397974
ti_cu,ti_mn,nd_mn,nd_ba,0.8726114649681529,0.7698986975397974
mn_ca,nd_ca,nd_ti,na_ba,0.8662420382165605,0.7698986975397974
ti_cu,ti_mn,na_ba,nd_ba,0.8789808917197452,0.7698986975397974
ti_cu,ti_mn,nd_ti,na_ba,0.8662420382165605,0.7698986975397974
ti_cu,ba_mn,nd_mn,nd_ti,0.8726114649681529,0.7698986975397974
ti_cu,na_mn,ba_ti,nd_na,0.8853503184713376,0.7698986975397974
ti_cu,na_mn,nd_mn,nd_ti,0.8726114649681529,0.7698986975397974
ca_cu,nd_ti,na_ba,nd_na,0.8726114649681529,0.7698986975397974
mn_cu,ti_cu,mn_ca,nd_mn,0.8789808917197452,0.7698986975397974
mn_cu,ti_cu,mn_ca,nd_ca,0.8726114649681529,0.7698986975397974
mn_cu,ti_cu,mn_ca,ba_ca,0.8853503184713376,0.7698986975397974
ti_cu,ba_ca,ba_mn,nd_ti,0.8789808917197452,0.7698986975397974
ti_cu,ba_ca,ba_mn,na_ti,0.8789808917197452,0.7698986975397974
ti_cu,ba_ca,na_ba,nd_ba,0.8789808917197452,0.7698986975397974
nd_ca,nd_mn,ba_ti,nd_ba,0.8853503184713376,0.7698986975397974
ti_cu,ba_ca,ba_ti,na_ba,0.8662420382165605,0.7698986975397974
ti_cu,ba_ca,nd_mn,nd_ba,0.8726114649681529,0.7698986975397974
ti_cu,na_ca,ti_mn,nd_na,0.89171974522293,0.7698986975397974
ca_cu,ti_cu,ti_mn,nd_ba,0.8598726114649682,0.7698986975397974
ti_cu,nd_ca,ba_mn,nd_mn,0.8789808917197452,0.7698986975397974
na_ca,ba_mn,na_mn,nd_ba,0.8662420382165605,0.7698986975397974
mn_cu,ti_cu,nd_cu,nd_ca,0.89171974522293,0.7698986975397974
ti_ca,nd_mn,na_ti,nd_ti,0.8726114649681529,0.7698986975397974
ti_ca,nd_mn,ba_ti,nd_ba,0.8789808917197452,0.7698986975397974
ti_ca,nd_mn,ba_ti,na_ba,0.8726114649681529,0.7698986975397974
mn_cu,nd_cu,ti_ca,ba_mn,0.8853503184713376,0.7698986975397974
mn_cu,nd_cu,mn_ca,ba_ti,0.8726114649681529,0.7698986975397974
mn_cu,nd_cu,ba_ca,ba_mn,0.89171974522293,0.7698986975397974
ca_cu,na_ca,ti_mn,ba_ti,0.8726114649681529,0.7698986975397974
na_cu,nd_ca,na_ti,nd_ba,0.8789808917197452,0.7698986975397974
na_cu,ti_mn,na_mn,nd_ti,0.8789808917197452,0.7698986975397974
na_cu,ba_mn,nd_ti,nd_na,0.8789808917197452,0.7698986975397974
na_cu,ba_ti,na_ba,nd_ba,0.8789808917197452,0.7698986975397974
na_cu,ba_ti,nd_ba,nd_na,0.8853503184713376,0.768451519536903
ca_cu,mn_cu,ti_cu,nd_mn,0.8662420382165605,0.768451519536903
na_cu,ba_mn,ba_ti,na_ba,0.8662420382165605,0.768451519536903
nd_cu,mn_ca,ba_ca,na_ti,0.8726114649681529,0.768451519536903
nd_cu,mn_ca,na_ca,na_ti,0.8726114649681529,0.768451519536903
na_cu,ti_mn,nd_mn,ba_ti,0.8726114649681529,0.768451519536903
na_ca,nd_ca,ti_mn,na_ba,0.8662420382165605,0.768451519536903
ca_cu,mn_cu,nd_cu,na_ti,0.8726114649681529,0.768451519536903
na_cu,na_ca,ti_mn,na_ba,0.8853503184713376,0.768451519536903
na_cu,na_ca,nd_mn,na_ba,0.8726114649681529,0.768451519536903
na_cu,na_ca,na_mn,na_ba,0.8789808917197452,0.768451519536903
na_cu,na_ca,ba_mn,na_ba,0.8789808917197452,0.768451519536903
nd_cu,mn_ca,nd_ti,na_ba,0.89171974522293,0.768451519536903
nd_cu,mn_ca,na_ti,nd_ba,0.8789808917197452,0.768451519536903
na_cu,na_ca,nd_ti,nd_na,0.8789808917197452,0.768451519536903
na_cu,na_ca,nd_ti,na_ba,0.8662420382165605,0.768451519536903
ca_cu,na_ca,ba_mn,ba_ti,0.8662420382165605,0.768451519536903
ba_ca,na_ca,ti_mn,nd_ba,0.8726114649681529,0.768451519536903
ba_ca,na_ca,ti_mn,na_ti,0.8726114649681529,0.768451519536903
ti_ca,ti_mn,na_mn,ba_ti,0.8853503184713376,0.768451519536903
ca_cu,na_cu,mn_ca,nd_mn,0.8662420382165605,0.768451519536903
ca_cu,na_cu,mn_ca,ba_mn,0.8662420382165605,0.768451519536903
ti_cu,ba_ca,nd_ti,nd_na,0.89171974522293,0.768451519536903
ca_cu,ti_cu,na_mn,nd_na,0.8789808917197452,0.768451519536903
mn_ca,ti_mn,na_ti,nd_na,0.89171974522293,0.768451519536903
ca_cu,ti_cu,ba_ca,nd_ba,0.8789808917197452,0.768451519536903
ca_cu,na_cu,nd_ti,nd_na,0.8789808917197452,0.768451519536903
ca_cu,ti_cu,ti_mn,ba_ti,0.8789808917197452,0.768451519536903
ca_cu,ti_cu,nd_ca,nd_ba,0.8789808917197452,0.768451519536903
ti_cu,na_ca,na_ti,nd_na,0.8789808917197452,0.768451519536903
ti_cu,nd_ca,nd_ti,na_ba,0.8789808917197452,0.768451519536903
ti_cu,nd_ca,na_ti,na_ba,0.8726114649681529,0.768451519536903
na_ca,ba_mn,na_mn,nd_na,0.8853503184713376,0.768451519536903
ti_cu,nd_ca,nd_mn,ba_ti,0.8726114649681529,0.768451519536903
nd_ca,nd_mn,nd_ti,nd_ba,0.8853503184713376,0.768451519536903
ti_cu,ti_mn,ba_mn,nd_ba,0.8662420382165605,0.768451519536903
ba_ca,ba_mn,nd_mn,nd_ti,0.8789808917197452,0.768451519536903
mn_cu,ti_cu,nd_cu,ba_ti,0.8789808917197452,0.768451519536903
mn_cu,ti_cu,ti_ca,nd_ca,0.8726114649681529,0.768451519536903
mn_cu,ti_cu,nd_ca,nd_ba,0.8662420382165605,0.768451519536903
ti_cu,ba_ca,na_ca,nd_ca,0.8726114649681529,0.768451519536903
ti_cu,ti_ca,nd_ti,nd_ba,0.8789808917197452,0.768451519536903
ti_cu,ti_ca,ba_ti,na_ba,0.8726114649681529,0.768451519536903
ti_cu,ba_ca,ba_mn,nd_mn,0.8726114649681529,0.768451519536903
ti_cu,ba_ca,ti_mn,na_ti,0.8789808917197452,0.768451519536903
ti_cu,ba_ca,ti_mn,nd_mn,0.8789808917197452,0.768451519536903
ti_cu,ti_mn,nd_mn,ba_ti,0.8789808917197452,0.768451519536903
mn_ca,nd_ca,nd_ti,nd_na,0.8598726114649682,0.768451519536903
ti_cu,ti_mn,na_ti,nd_na,0.8789808917197452,0.768451519536903
ti_cu,ba_mn,nd_mn,na_ti,0.8853503184713376,0.768451519536903
mn_cu,ti_cu,ba_cu,mn_ca,0.8789808917197452,0.768451519536903
mn_cu,ti_cu,na_cu,ba_ti,0.8789808917197452,0.768451519536903
mn_cu,ti_cu,na_cu,mn_ca,0.8789808917197452,0.768451519536903
ti_cu,ba_ca,na_mn,nd_ba,0.8853503184713376,0.768451519536903
ti_cu,ti_ca,ba_ca,nd_na,0.8853503184713376,0.768451519536903
ti_cu,ti_ca,ba_ca,ba_mn,0.8726114649681529,0.768451519536903
ti_cu,ti_ca,na_ca,nd_ti,0.8789808917197452,0.768451519536903
ti_cu,ti_ca,ba_mn,nd_ti,0.8726114649681529,0.768451519536903
ti_cu,ti_ca,ba_mn,nd_mn,0.8853503184713376,0.768451519536903
ti_cu,ti_ca,ti_mn,nd_ti,0.8726114649681529,0.768451519536903
ti_cu,nd_mn,ba_ti,nd_ba,0.8726114649681529,0.768451519536903
ti_cu,nd_mn,ba_ti,na_ba,0.8662420382165605,0.768451519536903
mn_ca,nd_ca,ti_mn,nd_na,0.8853503184713376,0.768451519536903
mn_ca,nd_ca,ti_mn,na_mn,0.8662420382165605,0.768451519536903
ti_cu,nd_mn,na_ti,nd_ba,0.8789808917197452,0.768451519536903
nd_ca,ba_ti,nd_ba,nd_na,0.8662420382165605,0.768451519536903
nd_ca,ba_ti,nd_ti,na_ba,0.8662420382165605,0.768451519536903
mn_ca,na_ca,ba_ti,nd_ti,0.8726114649681529,0.768451519536903
nd_ca,nd_ti,na_ba,nd_ba,0.8662420382165605,0.768451519536903
mn_ca,na_ca,nd_ca,na_ti,0.8598726114649682,0.768451519536903
ba_cu,na_cu,ba_ca,na_ca,0.8853503184713376,0.768451519536903
ba_cu,na_cu,na_ca,nd_na,0.8853503184713376,0.768451519536903
ba_cu,na_cu,ba_ca,nd_ba,0.8853503184713376,0.768451519536903
ba_cu,na_cu,nd_ca,na_ti,0.8598726114649682,0.768451519536903
mn_ca,ba_ca,nd_ba,nd_na,0.8726114649681529,0.768451519536903
mn_ca,ba_ca,ba_ti,nd_ba,0.8726114649681529,0.768451519536903
mn_ca,ba_ca,na_mn,nd_ba,0.8789808917197452,0.768451519536903
mn_ca,ba_ca,na_mn,nd_mn,0.8789808917197452,0.768451519536903
na_ca,ti_mn,nd_mn,na_ti,0.8726114649681529,0.768451519536903
ca_cu,ti_cu,nd_cu,nd_ba,0.8853503184713376,0.768451519536903
mn_ca,na_mn,na_ba,nd_ba,0.8853503184713376,0.768451519536903
mn_cu,ti_cu,na_ca,na_ba,0.8789808917197452,0.768451519536903
ca_cu,na_cu,nd_mn,na_ti,0.8789808917197452,0.768451519536903
ca_cu,nd_cu,mn_ca,na_ba,0.8853503184713376,0.768451519536903
ti_cu,mn_ca,ti_mn,nd_ti,0.8726114649681529,0.768451519536903
ti_cu,mn_ca,nd_mn,ba_ti,0.8726114649681529,0.768451519536903
ca_cu,ti_cu,ba_cu,nd_na,0.8853503184713376,0.768451519536903
ti_cu,nd_cu,mn_ca,na_ti,0.8726114649681529,0.768451519536903
ti_cu,nd_cu,mn_ca,ba_mn,0.8789808917197452,0.768451519536903
ti_cu,nd_cu,ba_ca,nd_mn,0.8853503184713376,0.768451519536903
ti_cu,nd_cu,ba_ca,ti_mn,0.8662420382165605,0.768451519536903
ti_cu,nd_cu,na_ca,nd_ca,0.8789808917197452,0.768451519536903
ti_cu,nd_cu,ti_mn,ba_ti,0.8662420382165605,0.768451519536903
ca_cu,ti_cu,na_ba,nd_na,0.8789808917197452,0.768451519536903
ca_cu,ti_cu,na_ba,nd_ba,0.8598726114649682,0.768451519536903
ca_cu,ti_cu,nd_ti,nd_na,0.8853503184713376,0.768451519536903
mn_ca,nd_ti,na_ba,nd_ba,0.8726114649681529,0.768451519536903
ti_cu,nd_cu,nd_mn,nd_ba,0.8789808917197452,0.768451519536903
ca_cu,nd_cu,mn_ca,ti_ca,0.8726114649681529,0.768451519536903
ti_cu,nd_cu,nd_ba,nd_na,0.8853503184713376,0.768451519536903
ti_cu,mn_ca,ba_ca,nd_ti,0.8789808917197452,0.768451519536903
ca_cu,ti_ca,na_ca,na_mn,0.8598726114649682,0.768451519536903
ti_cu,nd_cu,mn_ca,na_ca,0.8726114649681529,0.768451519536903
ti_cu,na_cu,nd_ti,nd_ba,0.8789808917197452,0.768451519536903
ti_cu,na_cu,ba_ti,nd_ba,0.8853503184713376,0.768451519536903
mn_cu,ti_cu,nd_mn,na_ba,0.8789808917197452,0.768451519536903
ti_cu,nd_cu,mn_ca,nd_na,0.8789808917197452,0.768451519536903
ba_cu,na_cu,nd_ti,nd_na,0.8726114649681529,0.768451519536903
ca_cu,ba_ca,ba_ti,nd_ba,0.8598726114649682,0.768451519536903
ba_cu,nd_cu,ti_ca,ba_ti,0.8726114649681529,0.768451519536903
ba_cu,nd_cu,mn_ca,nd_na,0.8853503184713376,0.768451519536903
ba_cu,nd_cu,ba_ca,ba_mn,0.89171974522293,0.768451519536903
mn_ca,ti_ca,nd_mn,na_ba,0.8662420382165605,0.768451519536903
mn_ca,ti_ca,ti_mn,nd_ti,0.8726114649681529,0.768451519536903
ba_cu,mn_ca,ba_ca,ti_mn,0.8726114649681529,0.768451519536903
ba_cu,mn_ca,ba_ca,nd_ca,0.8662420382165605,0.768451519536903
ba_cu,mn_ca,ti_ca,na_ba,0.8662420382165605,0.768451519536903
ba_cu,mn_ca,ti_ca,nd_ti,0.8853503184713376,0.768451519536903
ba_ca,na_mn,ba_ti,nd_ba,0.8853503184713376,0.768451519536903
mn_cu,ti_cu,nd_ba,nd_na,0.8853503184713376,0.768451519536903
mn_cu,ti_cu,nd_ti,na_ba,0.8726114649681529,0.768451519536903
mn_cu,ti_cu,na_ti,nd_ba,0.8662420382165605,0.768451519536903
ti_cu,na_cu,ti_ca,na_ba,0.8789808917197452,0.768451519536903
ca_cu,ba_cu,ti_ca,nd_ti,0.8726114649681529,0.768451519536903
ca_cu,ti_ca,nd_ca,ba_mn,0.8789808917197452,0.768451519536903
ti_cu,na_cu,nd_ca,nd_ba,0.8853503184713376,0.768451519536903
ti_cu,na_cu,na_ca,nd_na,0.8853503184713376,0.768451519536903
ti_cu,na_cu,na_ca,na_ba,0.8789808917197452,0.768451519536903
ca_cu,ba_ca,ba_mn,nd_ti,0.8726114649681529,0.768451519536903
ca_cu,ba_cu,na_cu,nd_ti,0.8726114649681529,0.768451519536903
ca_cu,ba_cu,mn_ca,nd_ba,0.8789808917197452,0.768451519536903
ca_cu,ba_cu,mn_ca,ba_ti,0.8789808917197452,0.768451519536903
ti_ca,ba_ca,nd_ca,nd_ti,0.8789808917197452,0.768451519536903
ti_ca,ba_ca,nd_ca,ba_mn,0.8789808917197452,0.768451519536903
ti_cu,ba_cu,ti_mn,ba_mn,0.8789808917197452,0.768451519536903
ti_cu,ba_cu,nd_ca,na_ti,0.8726114649681529,0.768451519536903
ti_cu,ba_cu,ba_mn,na_ba,0.8662420382165605,0.768451519536903
ti_cu,ba_cu,nd_ti,na_ba,0.8789808917197452,0.768451519536903
ti_cu,ba_cu,nd_ba,nd_na,0.89171974522293,0.768451519536903
ti_cu,ba_cu,na_ba,nd_ba,0.8789808917197452,0.768451519536903
ti_cu,na_cu,mn_ca,ba_mn,0.8726114649681529,0.768451519536903
ca_cu,ti_cu,ba_cu,nd_ti,0.8789808917197452,0.768451519536903
ba_cu,mn_ca,na_ca,nd_na,0.8789808917197452,0.768451519536903
ba_cu,mn_ca,na_mn,na_ti,0.8726114649681529,0.768451519536903
ba_cu,mn_ca,ti_mn,na_ti,0.8726114649681529,0.768451519536903
ca_cu,ti_cu,ba_cu,na_cu,0.8789808917197452,0.768451519536903
ca_cu,mn_cu,na_ba,nd_na,0.8853503184713376,0.768451519536903
ti_mn,nd_mn,na_ba,nd_na,0.8598726114649682,0.768451519536903
ba_cu,mn_ca,na_ti,nd_ti,0.8471337579617835,0.768451519536903
ba_cu,mn_ca,ba_ti,na_ba,0.8726114649681529,0.768451519536903
ba_cu,mn_ca,ba_ti,nd_ti,0.8853503184713376,0.768451519536903
ba_cu,mn_ca,nd_mn,nd_ba,0.8853503184713376,0.768451519536903
ca_cu,mn_ca,ti_mn,nd_mn,0.8853503184713376,0.768451519536903
ca_cu,mn_ca,nd_ca,na_mn,0.89171974522293,0.768451519536903
ca_cu,mn_ca,nd_ca,ba_mn,0.8726114649681529,0.768451519536903
ca_cu,mn_ca,na_ca,nd_na,0.8853503184713376,0.768451519536903
ca_cu,mn_ca,na_mn,ba_ti,0.8789808917197452,0.768451519536903
ba_cu,mn_ca,na_mn,nd_ti,0.8726114649681529,0.768451519536903
ba_cu,mn_ca,nd_ti,nd_ba,0.8789808917197452,0.768451519536903
ba_cu,ti_ca,na_ca,nd_ca,0.8726114649681529,0.768451519536903
ba_cu,ti_ca,ba_ca,na_ba,0.8789808917197452,0.768451519536903
ba_cu,ti_ca,ti_mn,na_mn,0.8789808917197452,0.768451519536903
ba_cu,ti_ca,nd_ca,na_ti,0.8726114649681529,0.768451519536903
mn_cu,ba_cu,mn_ca,na_ca,0.8726114649681529,0.768451519536903
ti_cu,ba_cu,ti_mn,nd_ti,0.8662420382165605,0.768451519536903
ti_cu,ba_cu,ti_mn,ba_ti,0.8726114649681529,0.768451519536903
nd_ca,ti_mn,na_ti,nd_ti,0.8662420382165605,0.768451519536903
nd_ca,ba_mn,na_mn,nd_ba,0.8662420382165605,0.768451519536903
ba_ca,nd_mn,ba_ti,nd_ti,0.8662420382165605,0.768451519536903
ba_cu,ti_ca,ba_mn,nd_ti,0.8662420382165605,0.768451519536903
ba_cu,ti_ca,ti_mn,nd_na,0.89171974522293,0.768451519536903
mn_ca,ti_ca,na_ca,nd_ti,0.8598726114649682,0.768451519536903
mn_ca,ti_ca,ba_ca,nd_ti,0.8789808917197452,0.768451519536903
mn_ca,ti_ca,ba_ca,na_mn,0.8853503184713376,0.768451519536903
ba_cu,ti_ca,na_ti,nd_na,0.8853503184713376,0.768451519536903
ba_cu,ba_ca,ti_mn,na_mn,0.8853503184713376,0.768451519536903
ti_cu,ba_cu,mn_ca,nd_mn,0.8789808917197452,0.768451519536903
ti_cu,ba_cu,mn_ca,na_mn,0.8789808917197452,0.768451519536903
ca_cu,na_cu,na_ti,nd_na,0.8853503184713376,0.768451519536903
ti_cu,ba_cu,ba_ca,ba_mn,0.8789808917197452,0.768451519536903
ti_ca,ba_ca,nd_ti,na_ba,0.8789808917197452,0.768451519536903
ba_ca,nd_ca,nd_ti,na_ba,0.8662420382165605,0.768451519536903
ti_ca,na_ca,na_mn,nd_ba,0.8726114649681529,0.768451519536903
ti_ca,na_ca,na_mn,ba_ti,0.8726114649681529,0.768451519536903
mn_cu,na_mn,nd_mn,nd_ba,0.8535031847133758,0.768451519536903
mn_cu,na_mn,nd_mn,nd_ti,0.8726114649681529,0.768451519536903
mn_cu,na_mn,nd_ti,na_ba,0.8789808917197452,0.768451519536903
ba_cu,ba_ca,nd_ca,ba_ti,0.8789808917197452,0.768451519536903
ba_cu,ba_ca,ba_mn,ba_ti,0.8726114649681529,0.768451519536903
ba_cu,ba_ca,ba_mn,na_mn,0.89171974522293,0.768451519536903
ba_cu,ba_ca,nd_mn,nd_ti,0.8789808917197452,0.768451519536903
nd_cu,na_ti,nd_ti,nd_ba,0.8853503184713376,0.768451519536903
ba_cu,na_ca,nd_ca,nd_ti,0.8662420382165605,0.768451519536903
ba_cu,na_ca,ba_mn,nd_mn,0.8726114649681529,0.768451519536903
ca_cu,mn_cu,nd_ca,ba_ti,0.8726114649681529,0.768451519536903
ca_cu,mn_cu,nd_ca,na_mn,0.8853503184713376,0.768451519536903
mn_cu,nd_mn,na_ba,nd_na,0.8726114649681529,0.768451519536903
nd_ca,ti_mn,na_ti,nd_ba,0.8789808917197452,0.768451519536903
ti_ca,na_ca,ba_ti,nd_na,0.8726114649681529,0.768451519536903
ti_ca,na_ca,nd_mn,nd_na,0.8726114649681529,0.768451519536903
mn_cu,ba_cu,na_ca,nd_ba,0.8598726114649682,0.768451519536903
ba_cu,na_ca,nd_mn,na_ba,0.8726114649681529,0.768451519536903
ba_cu,na_ca,nd_mn,ba_ti,0.8662420382165605,0.768451519536903
ba_cu,nd_ca,ba_mn,na_ba,0.8598726114649682,0.768451519536903
ba_cu,nd_ca,ba_mn,nd_mn,0.8726114649681529,0.768451519536903
nd_cu,ba_ti,na_ba,nd_ba,0.8853503184713376,0.768451519536903
ba_cu,nd_ca,nd_ba,nd_na,0.8662420382165605,0.768451519536903
nd_cu,nd_mn,ba_ti,na_ba,0.8726114649681529,0.768451519536903
na_ca,ti_mn,nd_ti,na_ba,0.8726114649681529,0.768451519536903
mn_cu,ba_cu,ba_ca,nd_ba,0.8789808917197452,0.768451519536903
mn_cu,ti_mn,nd_mn,na_ti,0.8726114649681529,0.768451519536903
mn_cu,ti_mn,nd_ti,nd_na,0.8598726114649682,0.768451519536903
mn_cu,ti_mn,nd_ti,nd_ba,0.8662420382165605,0.768451519536903
ti_ca,na_ca,nd_mn,na_ba,0.8726114649681529,0.768451519536903
ti_ca,nd_ca,ti_mn,ba_ti,0.8662420382165605,0.768451519536903
ti_ca,nd_ca,ti_mn,ba_mn,0.8726114649681529,0.768451519536903
mn_cu,na_ca,na_ti,na_ba,0.8535031847133758,0.768451519536903
na_ca,ti_mn,ba_ti,na_ti,0.8789808917197452,0.768451519536903
ba_ca,ba_ti,na_ti,nd_na,0.8726114649681529,0.768451519536903
nd_cu,ba_mn,nd_mn,nd_ti,0.8789808917197452,0.768451519536903
ca_cu,mn_cu,na_ca,ba_mn,0.8853503184713376,0.768451519536903
nd_cu,ti_mn,na_mn,nd_ba,0.8853503184713376,0.768451519536903
ba_cu,na_ti,nd_ti,na_ba,0.8662420382165605,0.768451519536903
nd_cu,nd_ca,ti_mn,na_ti,0.8853503184713376,0.768451519536903
ba_cu,nd_ti,na_ba,nd_na,0.8662420382165605,0.768451519536903
mn_cu,ba_cu,ti_mn,nd_ti,0.8789808917197452,0.768451519536903
mn_cu,ba_cu,nd_ca,ba_ti,0.8789808917197452,0.768451519536903
mn_cu,nd_ca,ba_mn,nd_ba,0.8726114649681529,0.768451519536903
mn_cu,nd_ca,ba_ti,na_ba,0.8789808917197452,0.768451519536903
ti_ca,na_ca,nd_ti,na_ba,0.8662420382165605,0.768451519536903
mn_cu,ba_ca,nd_ca,nd_na,0.8662420382165605,0.768451519536903
mn_cu,ba_ca,nd_mn,na_ti,0.8789808917197452,0.768451519536903
mn_cu,ba_ca,nd_mn,ba_ti,0.8789808917197452,0.768451519536903
mn_cu,ba_ca,na_mn,nd_ti,0.8853503184713376,0.768451519536903
ca_cu,ti_ca,ba_ti,nd_ba,0.8662420382165605,0.768451519536903
nd_cu,ba_ca,na_ti,nd_na,0.8853503184713376,0.768451519536903
na_cu,mn_ca,ti_ca,ba_ca,0.8853503184713376,0.768451519536903
na_cu,mn_ca,ti_ca,ti_mn,0.89171974522293,0.768451519536903
ca_cu,nd_ca,ti_mn,nd_ba,0.8789808917197452,0.768451519536903
ca_cu,nd_ca,ba_ti,na_ba,0.8789808917197452,0.768451519536903
ca_cu,nd_ca,ba_ti,na_ti,0.8789808917197452,0.768451519536903
ca_cu,ba_cu,na_ba,nd_na,0.8789808917197452,0.768451519536903
ca_cu,ba_cu,nd_ti,na_ba,0.8726114649681529,0.768451519536903
ti_ca,nd_ca,ba_mn,ba_ti,0.8789808917197452,0.768451519536903
ti_ca,nd_ca,ba_mn,nd_mn,0.8789808917197452,0.768451519536903
ti_ca,nd_ca,ti_mn,nd_na,0.8853503184713376,0.768451519536903
mn_cu,ba_ca,na_ca,nd_ca,0.8726114649681529,0.768451519536903
mn_cu,ti_ca,na_ba,nd_ba,0.8726114649681529,0.768451519536903
mn_cu,ba_ca,na_ca,nd_na,0.8789808917197452,0.768451519536903
mn_cu,ba_ca,na_ca,nd_ba,0.8662420382165605,0.768451519536903
ca_cu,na_cu,mn_ca,nd_ca,0.8598726114649682,0.768451519536903
ca_cu,nd_ca,nd_mn,nd_na,0.8535031847133758,0.768451519536903
ca_cu,nd_ca,nd_mn,na_ti,0.8789808917197452,0.768451519536903
na_cu,mn_ca,ti_mn,na_mn,0.8789808917197452,0.768451519536903
na_cu,mn_ca,nd_ca,na_ba,0.8598726114649682,0.768451519536903
na_cu,mn_ca,ba_mn,na_ba,0.8598726114649682,0.768451519536903
nd_cu,ti_ca,na_ti,nd_ti,0.89171974522293,0.768451519536903
ca_cu,mn_ca,ti_ca,na_mn,0.8726114649681529,0.768451519536903
mn_cu,ba_cu,ba_ti,nd_ti,0.8726114649681529,0.768451519536903
na_ca,ba_ti,nd_ba,nd_na,0.8789808917197452,0.768451519536903
mn_cu,ba_ca,na_ca,nd_ti,0.8662420382165605,0.768451519536903
mn_cu,ba_ca,na_ca,nd_mn,0.8726114649681529,0.768451519536903
mn_cu,ti_ca,nd_ca,ba_mn,0.8662420382165605,0.768451519536903
mn_cu,ti_ca,ti_mn,nd_na,0.8853503184713376,0.768451519536903
ca_cu,na_ca,ba_ti,na_ba,0.8789808917197452,0.768451519536903
ca_cu,mn_ca,na_ca,na_ti,0.8662420382165605,0.768451519536903
nd_cu,ti_ca,na_mn,nd_ba,0.8726114649681529,0.768451519536903
ca_cu,mn_cu,mn_ca,na_ca,0.8726114649681529,0.768451519536903
na_cu,ti_ca,ba_ca,na_ti,0.8662420382165605,0.768451519536903
na_cu,ti_ca,ti_mn,na_ti,0.8789808917197452,0.768451519536903
na_cu,ti_ca,ti_mn,nd_mn,0.8853503184713376,0.768451519536903
na_cu,ti_ca,ti_mn,ba_mn,0.8853503184713376,0.768451519536903
na_ca,nd_ca,ti_mn,na_mn,0.8662420382165605,0.768451519536903
ca_cu,na_cu,na_mn,na_ba,0.8853503184713376,0.768451519536903
mn_cu,ti_ca,nd_ca,nd_na,0.8726114649681529,0.768451519536903
mn_cu,ti_ca,ba_mn,nd_ba,0.8662420382165605,0.768451519536903
ti_ca,nd_ca,nd_mn,nd_ti,0.8789808917197452,0.768451519536903
ti_ca,nd_ca,na_mn,na_ti,0.8598726114649682,0.768451519536903
mn_cu,mn_ca,nd_mn,ba_ti,0.8726114649681529,0.768451519536903
mn_cu,mn_ca,na_mn,nd_ba,0.8726114649681529,0.768451519536903
mn_cu,mn_ca,na_mn,nd_ti,0.89171974522293,0.768451519536903
mn_cu,mn_ca,na_mn,na_ti,0.8662420382165605,0.768451519536903
ti_ca,nd_ca,na_ba,nd_na,0.8662420382165605,0.768451519536903
ca_cu,ba_ca,ti_mn,nd_mn,0.8662420382165605,0.768451519536903
ca_cu,na_ca,ba_mn,na_ba,0.8789808917197452,0.768451519536903
na_cu,ti_ca,ba_mn,ba_ti,0.8726114649681529,0.768451519536903
na_cu,ba_ca,na_ca,ba_ti,0.8726114649681529,0.768451519536903
na_cu,ba_ca,ti_mn,ba_ti,0.89171974522293,0.768451519536903
nd_cu,ti_ca,ba_ca,na_ti,0.8789808917197452,0.768451519536903
na_cu,ba_ca,ti_mn,nd_ti,0.8789808917197452,0.768451519536903
na_ca,ba_mn,ba_ti,nd_ba,0.8726114649681529,0.768451519536903
mn_cu,mn_ca,na_ba,nd_ba,0.8726114649681529,0.768451519536903
mn_cu,mn_ca,ba_ti,nd_na,0.8789808917197452,0.768451519536903
mn_cu,ti_ca,nd_ca,na_ba,0.8789808917197452,0.768451519536903
na_cu,nd_ca,ba_ti,nd_ba,0.8726114649681529,0.768451519536903
nd_mn,nd_ti,na_ba,nd_ba,0.8598726114649682,0.768451519536903
na_cu,na_ti,nd_ba,nd_na,0.89171974522293,0.768451519536903
nd_cu,mn_ca,ti_ca,na_ca,0.8726114649681529,0.768451519536903
ti_ca,na_ti,na_ba,nd_ba,0.8789808917197452,0.768451519536903
na_ca,ba_mn,nd_mn,nd_na,0.8726114649681529,0.768451519536903
na_ca,ba_mn,nd_mn,nd_ti,0.8598726114649682,0.768451519536903
nd_cu,mn_ca,ti_ca,na_ba,0.8726114649681529,0.768451519536903
na_ca,nd_mn,ba_ti,nd_ti,0.8662420382165605,0.768451519536903
mn_cu,nd_cu,ti_ca,na_ti,0.8726114649681529,0.768451519536903
ti_ca,ba_mn,na_ti,nd_ba,0.8726114649681529,0.768451519536903
mn_cu,nd_cu,ba_mn,nd_ti,0.8726114649681529,0.768451519536903
ti_ca,ba_mn,nd_mn,na_ti,0.8726114649681529,0.768451519536903
mn_cu,mn_ca,ba_ca,nd_mn,0.8980891719745223,0.768451519536903
mn_cu,mn_ca,ba_ca,nd_ca,0.8726114649681529,0.768451519536903
na_cu,ba_ca,nd_mn,na_ti,0.8789808917197452,0.768451519536903
mn_cu,ti_cu,nd_cu,ba_ca,0.8853503184713376,0.768451519536903
na_cu,nd_mn,na_ti,nd_ti,0.8789808917197452,0.768451519536903
ca_cu,na_cu,ti_mn,na_ba,0.89171974522293,0.768451519536903
ti_ca,ba_ti,na_ti,nd_ti,0.8789808917197452,0.768451519536903
ti_ca,nd_mn,nd_ba,nd_na,0.8789808917197452,0.768451519536903
ti_ca,nd_mn,nd_ti,na_ba,0.8598726114649682,0.768451519536903
ti_ca,nd_mn,ba_ti,nd_ti,0.8726114649681529,0.768451519536903
ti_ca,nd_mn,ba_ti,na_ti,0.8662420382165605,0.768451519536903
ti_ca,na_mn,na_ba,nd_na,0.8726114649681529,0.768451519536903
ti_ca,na_mn,ba_ti,na_ba,0.8789808917197452,0.768451519536903
mn_cu,na_cu,mn_ca,nd_ba,0.8598726114649682,0.768451519536903
ca_cu,na_ca,ti_mn,na_ti,0.8789808917197452,0.768451519536903
ca_cu,nd_cu,ba_ca,ti_mn,0.8853503184713376,0.768451519536903
nd_cu,mn_ca,ti_mn,nd_ba,0.8789808917197452,0.768451519536903
nd_cu,mn_ca,ti_mn,na_ba,0.8535031847133758,0.768451519536903
na_cu,nd_ca,nd_ba,nd_na,0.8535031847133758,0.768451519536903
mn_cu,ti_cu,ba_ca,nd_ti,0.8789808917197452,0.7670043415340086
nd_ca,na_mn,na_ti,nd_na,0.8789808917197452,0.7670043415340086
ti_cu,ti_ca,na_ca,ba_ti,0.8726114649681529,0.7670043415340086
ti_cu,ti_ca,ti_mn,nd_ba,0.8726114649681529,0.7670043415340086
ti_cu,ti_ca,nd_mn,nd_ba,0.89171974522293,0.7670043415340086
ti_cu,ti_ca,na_mn,na_ba,0.8662420382165605,0.7670043415340086
ti_cu,ti_ca,na_ti,na_ba,0.8789808917197452,0.7670043415340086
na_cu,ti_mn,nd_ti,nd_ba,0.8789808917197452,0.7670043415340086
ca_cu,nd_cu,ti_mn,na_ti,0.89171974522293,0.7670043415340086
ca_cu,nd_cu,ti_mn,na_mn,0.8980891719745223,0.7670043415340086
ti_ca,ba_ti,nd_ti,na_ba,0.8789808917197452,0.7670043415340086
na_ca,nd_mn,nd_ti,na_ba,0.8598726114649682,0.7670043415340086
na_cu,ba_mn,na_mn,nd_ti,0.8789808917197452,0.7670043415340086
nd_cu,mn_ca,ba_ca,na_ca,0.8789808917197452,0.7670043415340086
nd_cu,mn_ca,ti_ca,nd_ba,0.8789808917197452,0.7670043415340086
ti_cu,ba_ca,na_ca,na_ba,0.8853503184713376,0.7670043415340086
ti_cu,ba_ca,na_ca,nd_mn,0.8726114649681529,0.7670043415340086
ca_cu,ti_ca,ba_ca,nd_ca,0.8726114649681529,0.7670043415340086
ti_ca,na_ti,na_ba,nd_na,0.8789808917197452,0.7670043415340086
mn_cu,na_cu,nd_ca,nd_ba,0.8726114649681529,0.7670043415340086
mn_cu,na_cu,na_ca,nd_ba,0.8853503184713376,0.7670043415340086
na_cu,ti_mn,ba_mn,nd_mn,0.8726114649681529,0.7670043415340086
na_cu,nd_ca,na_ba,nd_na,0.8598726114649682,0.7670043415340086
mn_ca,ba_mn,nd_ba,nd_na,0.8726114649681529,0.7670043415340086
mn_cu,ti_cu,ti_ca,na_ba,0.8662420382165605,0.7670043415340086
ca_cu,ti_cu,nd_ca,nd_mn,0.89171974522293,0.7670043415340086
ti_cu,na_ca,ti_mn,ba_ti,0.8662420382165605,0.7670043415340086
ti_cu,mn_ca,nd_ti,nd_na,0.8726114649681529,0.7670043415340086
ti_cu,mn_ca,ba_ti,nd_ti,0.8726114649681529,0.7670043415340086
ti_cu,ti_ca,ba_ca,na_ba,0.8789808917197452,0.7670043415340086
ti_cu,ti_ca,ba_ca,ba_ti,0.8598726114649682,0.7670043415340086
ti_cu,na_ca,ba_mn,nd_na,0.8789808917197452,0.7670043415340086
ti_cu,na_ca,ba_mn,na_ti,0.89171974522293,0.7670043415340086
ca_cu,na_cu,nd_mn,nd_ti,0.8789808917197452,0.7670043415340086
ca_cu,na_ca,nd_ca,nd_ba,0.8853503184713376,0.7670043415340086
ti_ca,nd_mn,na_ti,nd_na,0.8726114649681529,0.7670043415340086
na_cu,nd_ca,nd_mn,nd_na,0.8662420382165605,0.7670043415340086
na_cu,nd_ca,na_mn,nd_na,0.8662420382165605,0.7670043415340086
ti_cu,mn_ca,na_mn,nd_na,0.8789808917197452,0.7670043415340086
ti_cu,mn_ca,ba_mn,nd_na,0.8662420382165605,0.7670043415340086
mn_ca,nd_mn,ba_ti,na_ti,0.8726114649681529,0.7670043415340086
ca_cu,ti_cu,na_ca,ba_ti,0.8662420382165605,0.7670043415340086
ca_cu,ti_cu,na_ca,ti_mn,0.8853503184713376,0.7670043415340086
ca_cu,nd_cu,mn_ca,nd_ba,0.8789808917197452,0.7670043415340086
na_ca,na_mn,na_ti,nd_na,0.8789808917197452,0.7670043415340086
ti_cu,na_ca,nd_ti,na_ba,0.8662420382165605,0.7670043415340086
ca_cu,ba_cu,na_cu,na_ti,0.8789808917197452,0.7670043415340086
ca_cu,ba_cu,na_cu,ti_mn,0.8980891719745223,0.7670043415340086
ca_cu,ti_ca,na_ca,ti_mn,0.8789808917197452,0.7670043415340086
nd_cu,mn_ca,nd_mn,na_ba,0.8726114649681529,0.7670043415340086
mn_cu,na_cu,nd_ti,na_ba,0.8662420382165605,0.7670043415340086
mn_cu,na_cu,ba_ti,nd_ba,0.8726114649681529,0.7670043415340086
mn_cu,nd_cu,ti_ca,ba_ca,0.8789808917197452,0.7670043415340086
mn_cu,nd_cu,mn_ca,na_ba,0.8726114649681529,0.7670043415340086
nd_cu,mn_ca,na_mn,nd_ba,0.8789808917197452,0.7670043415340086
nd_cu,mn_ca,ba_mn,nd_ba,0.8789808917197452,0.7670043415340086
ca_cu,na_ca,nd_ca,nd_na,0.8789808917197452,0.7670043415340086
ca_cu,ti_cu,nd_mn,nd_na,0.8789808917197452,0.7670043415340086
ca_cu,ti_cu,nd_mn,na_ba,0.8726114649681529,0.7670043415340086
ca_cu,mn_ca,ba_ti,nd_ti,0.8853503184713376,0.7670043415340086
mn_ca,ti_mn,na_mn,nd_ba,0.8789808917197452,0.7670043415340086
mn_ca,ti_mn,na_mn,nd_ti,0.8662420382165605,0.7670043415340086
nd_ca,nd_mn,na_ti,nd_ba,0.8789808917197452,0.7670043415340086
ca_cu,ti_cu,na_ca,nd_ti,0.8662420382165605,0.7670043415340086
mn_ca,ti_mn,ba_mn,nd_mn,0.8853503184713376,0.7670043415340086
ti_cu,nd_ca,nd_ti,nd_na,0.8789808917197452,0.7670043415340086
ba_ca,ba_mn,nd_mn,na_ti,0.89171974522293,0.7670043415340086
ti_cu,ti_mn,nd_mn,na_ba,0.8726114649681529,0.7670043415340086
mn_ca,nd_ca,nd_ti,nd_ba,0.8789808917197452,0.7670043415340086
na_cu,na_ca,na_mn,nd_ti,0.8726114649681529,0.7670043415340086
na_cu,na_ca,na_mn,ba_ti,0.8789808917197452,0.7670043415340086
nd_cu,mn_ca,na_ti,na_ba,0.89171974522293,0.7670043415340086
ti_ca,na_mn,nd_ti,nd_na,0.8726114649681529,0.7670043415340086
ti_ca,na_mn,na_ti,nd_ti,0.8662420382165605,0.7670043415340086
mn_cu,nd_cu,ba_ca,na_mn,0.8789808917197452,0.7670043415340086
nd_cu,mn_ca,ba_ti,na_ba,0.8789808917197452,0.7670043415340086
nd_cu,mn_ca,ba_ti,nd_ti,0.89171974522293,0.7670043415340086
na_cu,na_ca,ba_ti,nd_ba,0.8789808917197452,0.7670043415340086
ca_cu,nd_cu,mn_ca,ba_ca,0.8789808917197452,0.7670043415340086
ti_cu,ti_mn,na_ba,nd_na,0.8726114649681529,0.7670043415340086
ti_cu,ti_mn,nd_ti,nd_ba,0.8726114649681529,0.7670043415340086
ti_cu,ba_mn,na_ti,nd_na,0.89171974522293,0.7670043415340086
ca_cu,mn_cu,nd_cu,ti_mn,0.8726114649681529,0.7670043415340086
ba_ca,na_ca,nd_ca,nd_na,0.8535031847133758,0.7670043415340086
mn_cu,nd_cu,ti_ca,ba_ti,0.8789808917197452,0.7670043415340086
mn_cu,nd_cu,na_ca,ti_mn,0.8726114649681529,0.7670043415340086
na_cu,na_ca,nd_ca,na_ba,0.8662420382165605,0.7670043415340086
na_cu,na_ca,nd_mn,na_ti,0.8726114649681529,0.7670043415340086
mn_cu,ti_cu,ba_cu,ba_mn,0.8789808917197452,0.7670043415340086
ti_cu,nd_cu,na_mn,nd_ba,0.8789808917197452,0.7670043415340086
ti_cu,nd_cu,na_ti,na_ba,0.8789808917197452,0.7670043415340086
ti_cu,nd_cu,ba_ti,nd_ba,0.8789808917197452,0.7670043415340086
mn_cu,ti_cu,na_cu,nd_ca,0.89171974522293,0.7670043415340086
mn_ca,nd_ca,ba_mn,nd_na,0.8598726114649682,0.7670043415340086
ti_cu,na_mn,na_ba,nd_ba,0.8726114649681529,0.7670043415340086
ti_ca,ba_ca,na_ca,nd_ti,0.8726114649681529,0.7670043415340086
ti_cu,ba_ti,na_ti,nd_ba,0.8853503184713376,0.7670043415340086
ti_cu,nd_mn,nd_ti,nd_ba,0.8726114649681529,0.7670043415340086
ca_cu,nd_cu,na_ca,na_ti,0.8726114649681529,0.7670043415340086
na_ca,ba_mn,na_ti,nd_ba,0.8726114649681529,0.7670043415340086
na_ca,nd_ca,ba_mn,nd_mn,0.8726114649681529,0.7670043415340086
ti_cu,nd_cu,ti_ca,ba_ti,0.8726114649681529,0.7670043415340086
ti_cu,nd_cu,nd_ca,ti_mn,0.8726114649681529,0.7670043415340086
ti_cu,nd_cu,na_ca,ba_ti,0.8726114649681529,0.7670043415340086
ti_cu,nd_cu,ba_ca,nd_na,0.8853503184713376,0.7670043415340086
ti_cu,nd_ti,nd_ba,nd_na,0.89171974522293,0.7670043415340086
ti_cu,nd_ti,na_ba,nd_na,0.8853503184713376,0.7670043415340086
ti_cu,na_ti,nd_ti,na_ba,0.8853503184713376,0.7670043415340086
ba_cu,na_cu,mn_ca,nd_ca,0.8598726114649682,0.7670043415340086
ba_cu,na_cu,mn_ca,ti_ca,0.8789808917197452,0.7670043415340086
ba_cu,na_cu,mn_ca,nd_na,0.8853503184713376,0.7670043415340086
ti_cu,nd_cu,mn_ca,ti_mn,0.8726114649681529,0.7670043415340086
mn_cu,ti_cu,ti_mn,ba_ti,0.8789808917197452,0.7670043415340086
mn_cu,ti_cu,ba_ti,na_ti,0.8853503184713376,0.7670043415340086
mn_cu,ti_cu,na_mn,na_ba,0.8726114649681529,0.7670043415340086
ca_cu,ba_ca,na_ba,nd_ba,0.8726114649681529,0.7670043415340086
ti_cu,na_cu,ba_mn,nd_na,0.8853503184713376,0.7670043415340086
na_cu,ba_ca,ba_mn,nd_na,0.89171974522293,0.7670043415340086
na_cu,ba_ca,ba_mn,ba_ti,0.8535031847133758,0.7670043415340086
na_cu,ba_ca,ba_ti,na_ti,0.8726114649681529,0.7670043415340086
ti_ca,ba_mn,ba_ti,nd_ti,0.8726114649681529,0.7670043415340086
ti_ca,ba_mn,nd_mn,nd_na,0.8726114649681529,0.7670043415340086
na_cu,ba_ca,nd_mn,nd_na,0.8535031847133758,0.7670043415340086
na_cu,ba_ca,nd_mn,nd_ba,0.8598726114649682,0.7670043415340086
na_cu,ba_ca,na_mn,nd_na,0.8853503184713376,0.7670043415340086
na_cu,ba_ca,na_mn,nd_ba,0.8789808917197452,0.7670043415340086
ti_ca,ba_ca,ti_mn,nd_mn,0.8853503184713376,0.7670043415340086
nd_ca,na_mn,nd_mn,nd_ba,0.8598726114649682,0.7670043415340086
ca_cu,ba_ti,na_ti,nd_na,0.8789808917197452,0.7670043415340086
ba_cu,na_cu,na_ca,na_ba,0.8853503184713376,0.7670043415340086
ba_cu,na_cu,na_ca,nd_ti,0.8726114649681529,0.7670043415340086
ti_ca,ti_mn,na_ba,nd_na,0.8662420382165605,0.7670043415340086
mn_cu,nd_cu,ba_ti,na_ti,0.8789808917197452,0.7670043415340086
ti_ca,ti_mn,nd_ti,nd_na,0.8726114649681529,0.7670043415340086
ti_ca,ti_mn,nd_ti,na_ba,0.8662420382165605,0.7670043415340086
ca_cu,na_cu,nd_ca,na_mn,0.9044585987261148,0.7670043415340086
nd_cu,ti_ca,ba_ca,nd_mn,0.8726114649681529,0.7670043415340086
nd_cu,ti_ca,ba_ca,ti_mn,0.8726114649681529,0.7670043415340086
mn_ca,ba_ca,nd_ti,nd_ba,0.89171974522293,0.7670043415340086
ba_cu,na_cu,na_mn,nd_ti,0.8726114649681529,0.7670043415340086
na_ca,nd_ca,na_mn,na_ti,0.8407643312101911,0.7670043415340086
mn_ca,ba_ca,na_mn,ba_ti,0.89171974522293,0.7670043415340086
ti_cu,na_cu,ba_mn,nd_ba,0.8789808917197452,0.7670043415340086
ti_cu,na_cu,ba_mn,nd_ti,0.8789808917197452,0.7670043415340086
ti_cu,na_cu,ti_mn,ba_ti,0.8853503184713376,0.7670043415340086
ca_cu,mn_ca,ti_mn,nd_na,0.8853503184713376,0.7670043415340086
na_ca,ti_mn,ba_mn,na_ba,0.8726114649681529,0.7670043415340086
nd_cu,ti_ca,na_ca,nd_ti,0.8789808917197452,0.7670043415340086
na_cu,ba_ca,na_ca,na_ba,0.8789808917197452,0.7670043415340086
mn_cu,mn_ca,ti_ca,ba_mn,0.8789808917197452,0.7670043415340086
mn_cu,mn_ca,ti_ca,nd_ca,0.8726114649681529,0.7670043415340086
na_cu,ba_ca,na_ca,ti_mn,0.8853503184713376,0.7670043415340086
na_cu,ba_ca,ti_mn,nd_mn,0.8789808917197452,0.7670043415340086
ti_cu,na_cu,na_ca,ba_mn,0.8789808917197452,0.7670043415340086
ti_cu,na_cu,na_ca,nd_ca,0.8853503184713376,0.7670043415340086
ca_cu,ti_cu,nd_cu,nd_na,0.8853503184713376,0.7670043415340086
ba_cu,nd_cu,mn_ca,nd_ti,0.8853503184713376,0.7670043415340086
ca_cu,ti_ca,ba_mn,na_ba,0.8789808917197452,0.7670043415340086
ba_cu,nd_cu,mn_ca,na_ca,0.8789808917197452,0.7670043415340086
ca_cu,ba_ca,ba_ti,nd_ti,0.8598726114649682,0.7670043415340086
ca_cu,ba_ca,nd_mn,na_ba,0.8789808917197452,0.7670043415340086
na_cu,ti_ca,ba_mn,nd_ti,0.8726114649681529,0.7670043415340086
ba_ca,na_ca,ti_mn,nd_ti,0.8662420382165605,0.7670043415340086
ca_cu,ba_ca,na_mn,nd_ba,0.89171974522293,0.7670043415340086
ba_cu,nd_cu,ti_ca,ba_ca,0.8726114649681529,0.7670043415340086
mn_ca,ba_ca,na_ca,nd_ba,0.8789808917197452,0.7670043415340086
nd_ca,ba_mn,nd_ti,nd_ba,0.8662420382165605,0.7670043415340086
ti_cu,na_cu,ba_ca,na_ca,0.8789808917197452,0.7670043415340086
mn_cu,ti_cu,na_ti,nd_ti,0.8789808917197452,0.7670043415340086
ba_cu,nd_cu,ba_ca,ti_mn,0.8662420382165605,0.7670043415340086
ba_cu,nd_cu,nd_ca,na_ti,0.8598726114649682,0.7670043415340086
mn_ca,ti_ca,na_ti,nd_ti,0.8662420382165605,0.7670043415340086
ti_ca,ba_ca,ba_ti,nd_na,0.8789808917197452,0.7670043415340086
ti_cu,na_cu,mn_ca,ti_mn,0.8726114649681529,0.7670043415340086
ba_cu,nd_cu,nd_mn,nd_ti,0.8789808917197452,0.7670043415340086
mn_ca,ti_ca,ba_mn,nd_ti,0.8789808917197452,0.7670043415340086
mn_ca,ti_ca,ba_mn,na_mn,0.8789808917197452,0.7670043415340086
ti_cu,ba_cu,ba_mn,na_ti,0.8726114649681529,0.7670043415340086
ti_cu,ba_cu,nd_mn,na_ti,0.8726114649681529,0.7670043415340086
ti_cu,ba_cu,na_ca,nd_ca,0.8789808917197452,0.7670043415340086
nd_cu,ti_ca,ba_mn,nd_ti,0.8726114649681529,0.7670043415340086
ca_cu,na_ca,nd_mn,nd_ba,0.8853503184713376,0.7670043415340086
ti_ca,ti_mn,nd_mn,na_ti,0.8726114649681529,0.7670043415340086
na_cu,ti_ca,na_mn,ba_ti,0.8662420382165605,0.7670043415340086
ti_cu,ba_cu,nd_ca,nd_mn,0.8853503184713376,0.7670043415340086
ca_cu,ti_cu,na_cu,ba_ca,0.8789808917197452,0.7670043415340086
ca_cu,nd_mn,na_ti,nd_ba,0.8789808917197452,0.7670043415340086
ca_cu,nd_mn,na_ti,na_ba,0.8789808917197452,0.7670043415340086
ca_cu,ba_cu,na_ca,ti_mn,0.8853503184713376,0.7670043415340086
ca_cu,nd_mn,ba_ti,na_ba,0.8726114649681529,0.7670043415340086
ca_cu,nd_mn,ba_ti,nd_ti,0.8789808917197452,0.7670043415340086
ba_cu,mn_ca,ba_ca,nd_mn,0.89171974522293,0.7670043415340086
ti_cu,ba_cu,ti_ca,na_ba,0.8789808917197452,0.7670043415340086
ti_ca,ba_ca,na_ti,nd_ti,0.8789808917197452,0.7670043415340086
ti_cu,ba_cu,nd_ca,ba_mn,0.8853503184713376,0.7670043415340086
ti_cu,ba_cu,na_ca,nd_na,0.8789808917197452,0.7670043415340086
mn_cu,ba_cu,nd_cu,ti_mn,0.8662420382165605,0.7670043415340086
mn_cu,ba_cu,nd_cu,nd_ca,0.8662420382165605,0.7670043415340086
mn_cu,mn_ca,ba_mn,nd_mn,0.89171974522293,0.7670043415340086
mn_cu,mn_ca,ti_mn,na_ba,0.8662420382165605,0.7670043415340086
mn_cu,mn_ca,ti_mn,nd_ti,0.8598726114649682,0.7670043415340086
ca_cu,na_cu,ba_mn,nd_mn,0.8662420382165605,0.7670043415340086
ba_cu,mn_ca,ba_mn,nd_ti,0.8726114649681529,0.7670043415340086
ba_cu,mn_ca,ba_mn,na_ti,0.8598726114649682,0.7670043415340086
ba_cu,mn_ca,ti_mn,nd_ti,0.8662420382165605,0.7670043415340086
ca_cu,mn_cu,na_mn,ba_ti,0.8789808917197452,0.7670043415340086
ca_cu,mn_cu,nd_ba,nd_na,0.8853503184713376,0.7670043415340086
ca_cu,mn_cu,na_ti,nd_na,0.8789808917197452,0.7670043415340086
ti_mn,nd_mn,na_ti,nd_ba,0.8789808917197452,0.7670043415340086
ca_cu,nd_ca,ba_mn,nd_ti,0.8726114649681529,0.7670043415340086
na_cu,ti_ca,na_ca,nd_na,0.9044585987261148,0.7670043415340086
na_cu,ti_ca,na_ca,nd_ti,0.8726114649681529,0.7670043415340086
ca_cu,mn_cu,mn_ca,nd_na,0.8853503184713376,0.7670043415340086
ti_cu,ba_cu,mn_ca,na_ba,0.8853503184713376,0.7670043415340086
ti_cu,ba_cu,mn_ca,ba_ti,0.8726114649681529,0.7670043415340086
ti_cu,ba_cu,nd_cu,ba_ca,0.8726114649681529,0.7670043415340086
ca_cu,ti_ca,ba_mn,ba_ti,0.8726114649681529,0.7670043415340086
ca_cu,ti_ca,ti_mn,nd_ba,0.8789808917197452,0.7670043415340086
na_ca,nd_ca,nd_ti,nd_ba,0.8789808917197452,0.7670043415340086
na_ca,nd_ca,nd_ti,na_ba,0.8726114649681529,0.7670043415340086
mn_cu,na_ti,nd_ti,na_ba,0.8726114649681529,0.7670043415340086
mn_cu,ba_ti,nd_ba,nd_na,0.8726114649681529,0.7670043415340086
ba_cu,ti_ca,na_ca,na_mn,0.8662420382165605,0.7670043415340086
ba_cu,ti_ca,na_ca,ti_mn,0.8789808917197452,0.7670043415340086
ba_cu,ti_ca,ti_mn,na_ti,0.8726114649681529,0.7670043415340086
ca_cu,ba_ca,nd_ca,nd_na,0.8726114649681529,0.7670043415340086
ca_cu,ba_ca,nd_ca,ba_mn,0.8662420382165605,0.7670043415340086
ca_cu,mn_ca,ti_ca,nd_mn,0.8726114649681529,0.7670043415340086
ca_cu,mn_ca,na_ca,na_ba,0.8726114649681529,0.7670043415340086
ca_cu,na_ca,nd_ti,nd_ba,0.8726114649681529,0.7670043415340086
ca_cu,ba_cu,ti_mn,nd_ti,0.8789808917197452,0.7670043415340086
ba_cu,ti_ca,ti_mn,na_ba,0.8598726114649682,0.7670043415340086
mn_cu,nd_mn,na_ti,na_ba,0.8726114649681529,0.7670043415340086
nd_ca,ti_mn,nd_ti,nd_na,0.8598726114649682,0.7670043415340086
ca_cu,ba_cu,ti_mn,na_ba,0.8789808917197452,0.7670043415340086
ba_cu,ba_ca,na_ca,na_ba,0.8726114649681529,0.7670043415340086
ba_cu,ba_ca,na_ca,na_ti,0.8789808917197452,0.7670043415340086
mn_cu,ba_ti,nd_ti,nd_na,0.8662420382165605,0.7670043415340086
ba_ca,nd_ca,nd_mn,nd_ba,0.8789808917197452,0.7670043415340086
mn_cu,ba_cu,ti_ca,ti_mn,0.8726114649681529,0.7670043415340086
ti_mn,na_ti,nd_ba,nd_na,0.8853503184713376,0.7670043415340086
ti_mn,na_ti,nd_ti,nd_ba,0.8726114649681529,0.7670043415340086
na_cu,mn_ca,na_mn,ba_ti,0.8789808917197452,0.7670043415340086
nd_cu,ba_ca,na_ca,ti_mn,0.8726114649681529,0.7670043415340086
mn_cu,mn_ca,na_ti,nd_ba,0.8726114649681529,0.7670043415340086
mn_cu,mn_ca,ba_ti,nd_ti,0.8726114649681529,0.7670043415340086
na_cu,mn_ca,na_ba,nd_na,0.8662420382165605,0.7670043415340086
ba_cu,ba_ca,nd_ca,ba_mn,0.8726114649681529,0.7670043415340086
mn_cu,na_mn,nd_mn,na_ba,0.8662420382165605,0.7670043415340086
mn_cu,na_mn,nd_ba,nd_na,0.8662420382165605,0.7670043415340086
mn_cu,na_mn,na_ti,nd_na,0.89171974522293,0.7670043415340086
ba_cu,ba_ca,ba_mn,nd_ti,0.8662420382165605,0.7670043415340086
ti_ca,na_ca,nd_mn,ba_ti,0.8726114649681529,0.7670043415340086
mn_cu,ba_mn,nd_mn,na_ba,0.8789808917197452,0.7670043415340086
mn_cu,ba_mn,na_mn,nd_ba,0.8662420382165605,0.7670043415340086
mn_cu,ba_mn,na_mn,na_ti,0.89171974522293,0.7670043415340086
ba_cu,ba_ca,nd_ti,nd_na,0.8726114649681529,0.7670043415340086
nd_ca,ti_mn,na_mn,na_ti,0.8662420382165605,0.7670043415340086
na_cu,mn_ca,na_ca,ba_mn,0.8789808917197452,0.7670043415340086
na_cu,mn_ca,ba_ca,ba_ti,0.8598726114649682,0.7670043415340086
nd_cu,ba_ca,na_ca,na_ba,0.8726114649681529,0.7670043415340086
nd_cu,ba_ca,na_ca,nd_mn,0.8853503184713376,0.7670043415340086
mn_cu,ba_cu,nd_ca,ba_mn,0.8662420382165605,0.7670043415340086
ba_cu,na_ca,ti_mn,na_ti,0.8726114649681529,0.7670043415340086
ba_cu,na_ca,nd_ca,nd_ba,0.8789808917197452,0.7670043415340086
nd_ca,ti_mn,na_mn,nd_ba,0.8598726114649682,0.7670043415340086
ca_cu,ti_mn,nd_ba,nd_na,0.8853503184713376,0.7670043415340086
ca_cu,ti_mn,na_ba,nd_na,0.8853503184713376,0.7670043415340086
na_ca,na_mn,nd_mn,nd_na,0.8726114649681529,0.7670043415340086
na_ca,na_mn,nd_mn,na_ba,0.8789808917197452,0.7670043415340086
na_ca,na_mn,nd_mn,na_ti,0.8662420382165605,0.7670043415340086
ba_cu,na_ca,na_mn,na_ti,0.8726114649681529,0.7670043415340086
ba_cu,na_ca,nd_ba,nd_na,0.8789808917197452,0.7670043415340086
ti_ca,na_ca,na_ba,nd_na,0.8789808917197452,0.7670043415340086
ba_cu,nd_ca,ti_mn,nd_na,0.8789808917197452,0.7670043415340086
nd_cu,ba_ti,na_ti,nd_na,0.8789808917197452,0.7670043415340086
nd_cu,ba_ti,na_ti,nd_ba,0.8789808917197452,0.7670043415340086
nd_cu,ba_ti,na_ti,nd_ti,0.8789808917197452,0.7670043415340086
ca_cu,na_cu,na_mn,ba_ti,0.8853503184713376,0.7670043415340086
mn_cu,ba_cu,nd_mn,nd_ti,0.8789808917197452,0.7670043415340086
ca_cu,mn_cu,ti_ca,nd_ca,0.8726114649681529,0.7670043415340086
nd_cu,ba_ca,ti_mn,na_ba,0.8726114649681529,0.7670043415340086
nd_cu,ba_ca,ti_mn,ba_ti,0.8598726114649682,0.7670043415340086
na_cu,mn_ca,ti_ca,ba_ti,0.8853503184713376,0.7670043415340086
ba_cu,nd_ca,nd_ti,nd_na,0.8726114649681529,0.7670043415340086
ba_cu,nd_ca,nd_ti,nd_ba,0.8789808917197452,0.7670043415340086
ba_cu,nd_ca,na_ti,nd_ba,0.8662420382165605,0.7670043415340086
ba_cu,ti_mn,ba_mn,nd_ti,0.8662420382165605,0.7670043415340086
nd_cu,ba_mn,nd_ti,nd_ba,0.8662420382165605,0.7670043415340086
ca_cu,mn_ca,na_ca,nd_ca,0.8662420382165605,0.7670043415340086
ba_ca,nd_ca,na_mn,nd_mn,0.8598726114649682,0.7670043415340086
ca_cu,mn_ca,ba_ca,nd_na,0.8853503184713376,0.7670043415340086
ca_cu,ti_mn,na_mn,nd_na,0.8980891719745223,0.7670043415340086
ca_cu,ti_mn,na_mn,ba_ti,0.8853503184713376,0.7670043415340086
mn_cu,ti_ca,na_mn,ba_ti,0.8726114649681529,0.7670043415340086
na_cu,nd_cu,ba_ti,nd_ba,0.8853503184713376,0.7670043415340086
ca_cu,mn_cu,ti_ca,nd_na,0.8853503184713376,0.7670043415340086
mn_cu,na_ca,na_mn,na_ti,0.8662420382165605,0.7670043415340086
mn_cu,na_ca,ba_mn,nd_ba,0.8598726114649682,0.7670043415340086
ba_ca,ba_ti,nd_ti,na_ba,0.8662420382165605,0.7670043415340086
ca_cu,na_cu,nd_cu,mn_ca,0.8662420382165605,0.7670043415340086
ba_ca,nd_ca,ti_mn,na_ba,0.8598726114649682,0.7670043415340086
ba_ca,nd_ca,ti_mn,nd_mn,0.8726114649681529,0.7670043415340086
ca_cu,mn_cu,na_ca,ti_mn,0.89171974522293,0.7670043415340086
ca_cu,mn_cu,ba_ca,nd_na,0.8789808917197452,0.7670043415340086
ti_mn,nd_ti,na_ba,nd_na,0.8598726114649682,0.7670043415340086
nd_cu,ba_ca,ba_mn,nd_ba,0.8726114649681529,0.7670043415340086
ti_ca,nd_ca,nd_mn,na_ti,0.8789808917197452,0.7670043415340086
mn_cu,ti_ca,nd_ba,nd_na,0.8662420382165605,0.7670043415340086
mn_cu,ti_ca,na_ti,nd_na,0.8662420382165605,0.7670043415340086
mn_cu,ti_ca,ba_ti,na_ti,0.8726114649681529,0.7670043415340086
mn_cu,ba_ca,nd_ca,ti_mn,0.8662420382165605,0.7670043415340086
mn_cu,ba_cu,na_ba,nd_na,0.8726114649681529,0.7670043415340086
mn_cu,ti_ca,ti_mn,ba_mn,0.8726114649681529,0.7670043415340086
ba_cu,ti_mn,nd_mn,nd_ba,0.8726114649681529,0.7670043415340086
mn_cu,na_ca,nd_ca,nd_ti,0.8598726114649682,0.7670043415340086
mn_cu,na_ca,nd_ca,ba_mn,0.8789808917197452,0.7670043415340086
na_ca,na_ti,nd_ba,nd_na,0.8789808917197452,0.7670043415340086
ca_cu,na_cu,nd_cu,ti_ca,0.8853503184713376,0.7670043415340086
ca_cu,ba_ca,na_ca,nd_ca,0.8789808917197452,0.7670043415340086
ca_cu,ti_ca,na_ba,nd_na,0.8853503184713376,0.7670043415340086
mn_cu,ba_ca,na_ti,nd_ba,0.8662420382165605,0.7670043415340086
mn_cu,ba_ca,nd_mn,nd_na,0.8726114649681529,0.7670043415340086
mn_cu,ba_ca,nd_mn,nd_ba,0.8726114649681529,0.7670043415340086
nd_cu,nd_ca,ti_mn,nd_na,0.8789808917197452,0.7670043415340086
mn_cu,ba_cu,ba_ti,na_ba,0.8789808917197452,0.7670043415340086
nd_cu,ba_ca,ba_ti,nd_ba,0.8726114649681529,0.7670043415340086
ca_cu,nd_ca,na_mn,na_ti,0.89171974522293,0.7670043415340086
ca_cu,nd_ca,na_mn,nd_mn,0.8789808917197452,0.7670043415340086
ca_cu,nd_ca,nd_ba,nd_na,0.8598726114649682,0.7670043415340086
ca_cu,ti_mn,nd_mn,nd_ba,0.8726114649681529,0.7670043415340086
ca_cu,ti_mn,nd_mn,na_ti,0.8662420382165605,0.7670043415340086
na_cu,nd_cu,na_mn,na_ti,0.8853503184713376,0.7670043415340086
mn_cu,ba_ca,nd_ca,na_ba,0.8853503184713376,0.7670043415340086
mn_cu,ba_ca,nd_mn,na_ba,0.8789808917197452,0.7670043415340086
ca_cu,ti_ca,ba_ti,nd_ti,0.8662420382165605,0.7670043415340086
mn_cu,ba_ca,ba_mn,ba_ti,0.8726114649681529,0.7670043415340086
mn_cu,ba_ca,ti_mn,na_ba,0.8662420382165605,0.7670043415340086
nd_cu,na_ca,nd_ca,na_ti,0.8726114649681529,0.7670043415340086
na_cu,na_mn,nd_ti,na_ba,0.8726114649681529,0.7670043415340086
ti_cu,ti_ca,ti_mn,nd_mn,0.8598726114649682,0.7670043415340086
mn_cu,ti_cu,ti_ca,ba_ca,0.8789808917197452,0.7670043415340086
ca_cu,mn_cu,na_cu,nd_mn,0.8789808917197452,0.7670043415340086
na_cu,nd_mn,na_ti,nd_ba,0.8726114649681529,0.7670043415340086
na_cu,nd_mn,ba_ti,nd_ba,0.8726114649681529,0.7670043415340086
na_cu,na_mn,ba_ti,na_ba,0.8662420382165605,0.7670043415340086
mn_cu,ti_cu,ba_ca,na_ti,0.8853503184713376,0.7655571635311144
na_cu,na_mn,nd_mn,nd_ba,0.8789808917197452,0.7655571635311144
ca_cu,ti_cu,ba_ti,nd_ba,0.8662420382165605,0.7655571635311144
ti_cu,ba_ca,na_ca,ti_mn,0.8662420382165605,0.7655571635311144
ti_cu,ba_ca,ba_mn,ba_ti,0.8726114649681529,0.7655571635311144
ti_cu,ba_ca,nd_mn,nd_ti,0.8853503184713376,0.7655571635311144
ba_ca,ti_mn,ba_ti,nd_ba,0.8598726114649682,0.7655571635311144
na_ca,nd_mn,ba_ti,na_ti,0.8726114649681529,0.7655571635311144
ca_cu,na_cu,ti_mn,nd_ba,0.8853503184713376,0.7655571635311144
ti_ca,nd_ti,nd_ba,nd_na,0.8789808917197452,0.7655571635311144
mn_cu,na_cu,nd_ca,nd_ti,0.8726114649681529,0.7655571635311144
ca_cu,na_cu,nd_ca,ba_ti,0.8662420382165605,0.7655571635311144
mn_cu,ba_ca,ba_mn,nd_mn,0.8789808917197452,0.7655571635311144
mn_cu,ba_ca,ti_mn,nd_ba,0.8726114649681529,0.7655571635311144
mn_cu,ba_ca,ti_mn,nd_ti,0.8662420382165605,0.7655571635311144
nd_cu,na_ca,nd_ca,nd_na,0.8535031847133758,0.7655571635311144
ca_cu,mn_cu,ba_cu,ba_ti,0.8789808917197452,0.7655571635311144
ca_cu,mn_cu,ba_cu,na_mn,0.8853503184713376,0.7655571635311144
ca_cu,mn_cu,ba_cu,nd_ca,0.8789808917197452,0.7655571635311144
na_cu,nd_ca,na_ti,na_ba,0.8662420382165605,0.7655571635311144
mn_cu,ti_cu,nd_cu,na_ba,0.8853503184713376,0.7655571635311144
ti_cu,ti_ca,ba_ca,na_ca,0.8726114649681529,0.7655571635311144
mn_ca,ba_mn,ba_ti,nd_ba,0.8662420382165605,0.7655571635311144
ti_cu,ti_ca,nd_ca,nd_ti,0.8726114649681529,0.7655571635311144
ti_cu,ti_ca,nd_ca,na_ti,0.8789808917197452,0.7655571635311144
mn_cu,ba_ca,na_mn,nd_na,0.89171974522293,0.7655571635311144
mn_cu,ba_ca,ba_mn,nd_na,0.89171974522293,0.7655571635311144
mn_cu,ba_ca,ba_mn,nd_ba,0.8726114649681529,0.7655571635311144
mn_cu,ba_ca,nd_ti,nd_na,0.8726114649681529,0.7655571635311144
mn_cu,ba_ca,nd_ti,nd_ba,0.8598726114649682,0.7655571635311144
nd_cu,na_ca,na_ti,nd_ba,0.8726114649681529,0.7655571635311144
nd_cu,na_ca,na_ti,nd_ti,0.8726114649681529,0.7655571635311144
na_cu,nd_cu,ba_ca,nd_mn,0.8598726114649682,0.7655571635311144
nd_cu,na_ca,ti_mn,na_ba,0.8789808917197452,0.7655571635311144
na_cu,nd_cu,na_ca,na_ti,0.8853503184713376,0.7655571635311144
ca_cu,ti_cu,na_mn,ba_ti,0.8662420382165605,0.7655571635311144
ti_cu,ba_ca,ba_ti,na_ti,0.8598726114649682,0.7655571635311144
ti_cu,na_ca,nd_ca,ba_mn,0.8853503184713376,0.7655571635311144
mn_ca,na_mn,nd_mn,nd_ba,0.8726114649681529,0.7655571635311144
ti_cu,mn_ca,ba_ti,na_ba,0.8789808917197452,0.7655571635311144
ti_cu,na_ca,ba_mn,nd_ba,0.8726114649681529,0.7655571635311144
ti_cu,na_ca,ba_mn,nd_mn,0.8726114649681529,0.7655571635311144
ca_cu,nd_cu,nd_ca,na_ba,0.8726114649681529,0.7655571635311144
mn_cu,na_cu,na_ca,nd_ti,0.8853503184713376,0.7655571635311144
ca_cu,na_cu,ti_mn,na_ti,0.8789808917197452,0.7655571635311144
ba_cu,nd_mn,ba_ti,na_ti,0.8726114649681529,0.7655571635311144
ba_cu,na_ti,na_ba,nd_na,0.8789808917197452,0.7655571635311144
ca_cu,ba_ca,na_ca,nd_mn,0.8662420382165605,0.7655571635311144
mn_cu,ba_ca,ba_ti,nd_ti,0.8662420382165605,0.7655571635311144
na_cu,nd_cu,mn_ca,ba_ti,0.8662420382165605,0.7655571635311144
mn_cu,ba_ca,nd_ca,nd_ba,0.8726114649681529,0.7655571635311144
ca_cu,ba_cu,na_ti,nd_ti,0.8726114649681529,0.7655571635311144
ba_ca,na_ca,na_ti,nd_ti,0.8726114649681529,0.7655571635311144
ca_cu,nd_ca,na_ba,nd_na,0.8598726114649682,0.7655571635311144
ca_cu,nd_ca,nd_ti,nd_ba,0.8789808917197452,0.7655571635311144
mn_cu,na_cu,nd_cu,mn_ca,0.8662420382165605,0.7655571635311144
ba_cu,na_mn,nd_ti,na_ba,0.8789808917197452,0.7655571635311144
ti_ca,nd_ca,ba_mn,na_ba,0.8598726114649682,0.7655571635311144
nd_ca,ti_mn,ba_mn,nd_ba,0.8662420382165605,0.7655571635311144
nd_cu,nd_ca,na_ti,nd_ba,0.8662420382165605,0.7655571635311144
nd_cu,nd_ca,na_ti,na_ba,0.8726114649681529,0.7655571635311144
ba_cu,nd_mn,na_ba,nd_ba,0.8726114649681529,0.7655571635311144
ti_ca,nd_mn,na_ba,nd_ba,0.8726114649681529,0.7655571635311144
mn_cu,nd_cu,mn_ca,ba_ca,0.8853503184713376,0.7655571635311144
na_cu,nd_ca,nd_mn,nd_ti,0.8662420382165605,0.7655571635311144
nd_cu,mn_ca,ba_mn,nd_mn,0.8853503184713376,0.7655571635311144
nd_cu,mn_ca,ti_mn,na_mn,0.8726114649681529,0.7655571635311144
ti_cu,mn_ca,ti_mn,ba_mn,0.8789808917197452,0.7655571635311144
ti_cu,na_ca,ti_mn,nd_ti,0.8662420382165605,0.7655571635311144
ti_cu,na_ca,na_ti,nd_ti,0.8662420382165605,0.7655571635311144
ti_cu,na_ca,ba_ti,nd_ti,0.8662420382165605,0.7655571635311144
ba_cu,ti_mn,na_ba,nd_na,0.8726114649681529,0.7655571635311144
ba_ca,nd_ca,ti_mn,nd_ti,0.8662420382165605,0.7655571635311144
mn_cu,ba_cu,na_mn,nd_ba,0.8598726114649682,0.7655571635311144
ba_cu,ti_mn,ba_ti,na_ba,0.8789808917197452,0.7655571635311144
ca_cu,mn_cu,ba_ca,na_mn,0.8853503184713376,0.7655571635311144
ti_mn,nd_ti,nd_ba,nd_na,0.8726114649681529,0.7655571635311144
ti_ca,nd_ca,na_mn,nd_na,0.8598726114649682,0.7655571635311144
mn_cu,ti_ca,nd_ti,nd_na,0.8662420382165605,0.7655571635311144
mn_cu,ti_ca,nd_ti,nd_ba,0.8662420382165605,0.7655571635311144
ti_cu,nd_ca,ti_mn,nd_mn,0.8789808917197452,0.7655571635311144
mn_cu,ti_cu,nd_ca,na_mn,0.8853503184713376,0.7655571635311144
mn_cu,ti_cu,nd_ca,ti_mn,0.8789808917197452,0.7655571635311144
ca_cu,na_cu,ba_ti,nd_ti,0.8662420382165605,0.7655571635311144
ca_cu,na_cu,nd_mn,nd_na,0.8726114649681529,0.7655571635311144
ca_cu,na_cu,nd_mn,nd_ba,0.8789808917197452,0.7655571635311144
ca_cu,na_cu,nd_mn,na_ba,0.8789808917197452,0.7655571635311144
ca_cu,mn_cu,ba_ca,na_ca,0.8789808917197452,0.7655571635311144
mn_cu,ti_ca,na_ca,nd_mn,0.8598726114649682,0.7655571635311144
ca_cu,ti_mn,ba_mn,nd_ba,0.8726114649681529,0.7655571635311144
ba_ca,nd_ti,na_ba,nd_na,0.8662420382165605,0.7655571635311144
ba_ca,na_ti,na_ba,nd_na,0.8789808917197452,0.7655571635311144
ba_ca,na_ca,na_ti,nd_na,0.8789808917197452,0.7655571635311144
mn_cu,na_ca,na_mn,ba_ti,0.8853503184713376,0.7655571635311144
mn_cu,na_ca,ba_mn,nd_mn,0.8726114649681529,0.7655571635311144
mn_cu,na_ca,ti_mn,nd_ti,0.8789808917197452,0.7655571635311144
ba_ca,ti_mn,na_ba,nd_ba,0.8726114649681529,0.7655571635311144
ti_cu,nd_ca,nd_mn,nd_na,0.8789808917197452,0.7655571635311144
ca_cu,ba_cu,na_cu,ba_ti,0.8789808917197452,0.7655571635311144
ca_cu,ba_cu,na_cu,nd_cu,0.8853503184713376,0.7655571635311144
ti_cu,mn_ca,nd_ca,ba_ti,0.8789808917197452,0.7655571635311144
ca_cu,mn_ca,nd_ti,na_ba,0.8726114649681529,0.7655571635311144
na_cu,nd_ca,ti_mn,nd_ti,0.8662420382165605,0.7655571635311144
mn_cu,na_cu,na_ti,nd_na,0.8853503184713376,0.7655571635311144
mn_cu,na_cu,ba_ti,na_ba,0.8662420382165605,0.7655571635311144
mn_cu,nd_cu,ti_ca,nd_ca,0.8662420382165605,0.7655571635311144
ca_cu,mn_ca,na_ca,ba_mn,0.8789808917197452,0.7655571635311144
mn_cu,nd_ca,ti_mn,nd_ba,0.8789808917197452,0.7655571635311144
na_ca,ti_mn,na_ti,nd_ti,0.8726114649681529,0.7655571635311144
mn_cu,ti_ca,nd_mn,na_ba,0.8598726114649682,0.7655571635311144
mn_cu,ti_ca,na_mn,nd_na,0.8598726114649682,0.7655571635311144
mn_cu,ti_ca,na_mn,nd_ba,0.8535031847133758,0.7655571635311144
nd_cu,mn_ca,na_mn,na_ti,0.8789808917197452,0.7655571635311144
ti_cu,nd_ca,nd_mn,nd_ti,0.8789808917197452,0.7655571635311144
ca_cu,mn_ca,ba_ti,nd_na,0.8853503184713376,0.7655571635311144
ca_cu,nd_cu,nd_mn,na_ba,0.8726114649681529,0.7655571635311144
na_cu,mn_ca,ti_ca,nd_mn,0.8662420382165605,0.7655571635311144
ba_cu,nd_ca,ba_ti,nd_ti,0.8726114649681529,0.7655571635311144
mn_cu,nd_ca,na_mn,nd_ti,0.8789808917197452,0.7655571635311144
ba_cu,nd_ca,nd_mn,na_ba,0.8535031847133758,0.7655571635311144
mn_ca,ti_mn,na_mn,ba_ti,0.8789808917197452,0.7655571635311144
ti_cu,mn_ca,ti_ca,nd_ti,0.8789808917197452,0.7655571635311144
ti_cu,mn_ca,ba_ca,na_ca,0.8789808917197452,0.7655571635311144
ti_cu,ti_mn,ba_mn,nd_na,0.8726114649681529,0.7655571635311144
ti_cu,ti_mn,ba_mn,na_ti,0.8853503184713376,0.7655571635311144
mn_cu,na_cu,ba_ca,nd_ca,0.8789808917197452,0.7655571635311144
nd_cu,mn_ca,na_ti,nd_ti,0.8853503184713376,0.7655571635311144
na_cu,na_ca,na_ba,nd_na,0.8853503184713376,0.7655571635311144
na_cu,na_ca,ba_ti,na_ti,0.8789808917197452,0.7655571635311144
mn_ca,nd_ca,na_ti,nd_ba,0.8662420382165605,0.7655571635311144
ti_cu,nd_cu,ba_ti,na_ba,0.8789808917197452,0.7655571635311144
ca_cu,nd_cu,mn_ca,na_ca,0.8726114649681529,0.7655571635311144
ca_cu,na_cu,na_ba,nd_na,0.8980891719745223,0.7655571635311144
ti_cu,ba_mn,na_mn,ba_ti,0.8853503184713376,0.7655571635311144
ca_cu,mn_cu,nd_cu,ti_ca,0.8726114649681529,0.7655571635311144
ca_cu,mn_cu,na_cu,nd_ba,0.89171974522293,0.7655571635311144
mn_cu,nd_ca,ba_ti,nd_ti,0.8662420382165605,0.7655571635311144
mn_cu,nd_ca,nd_mn,na_ba,0.8726114649681529,0.7655571635311144
ba_cu,nd_ca,ba_mn,ba_ti,0.8662420382165605,0.7655571635311144
mn_cu,ti_ca,ti_mn,na_ba,0.8598726114649682,0.7655571635311144
na_cu,mn_ca,ti_ca,na_ti,0.8789808917197452,0.7655571635311144
ba_ca,na_ca,nd_ca,ti_mn,0.8726114649681529,0.7655571635311144
mn_cu,nd_cu,na_ca,na_ba,0.8726114649681529,0.7655571635311144
ca_cu,ba_cu,na_cu,nd_ba,0.89171974522293,0.7655571635311144
ti_cu,nd_cu,na_mn,na_ti,0.8980891719745223,0.7655571635311144
ti_cu,nd_cu,ba_mn,nd_na,0.8853503184713376,0.7655571635311144
mn_ca,nd_ca,ba_mn,nd_ti,0.8662420382165605,0.7655571635311144
ti_cu,nd_mn,ba_ti,nd_na,0.8789808917197452,0.7655571635311144
ti_cu,nd_cu,ti_mn,nd_mn,0.8598726114649682,0.7655571635311144
ca_cu,mn_cu,na_ca,na_ba,0.8853503184713376,0.7655571635311144
ca_cu,ba_cu,nd_mn,na_ba,0.8789808917197452,0.7655571635311144
ca_cu,ba_cu,nd_mn,nd_ti,0.8853503184713376,0.7655571635311144
nd_ca,ti_mn,nd_mn,nd_ba,0.8789808917197452,0.7655571635311144
nd_ca,ti_mn,na_mn,nd_na,0.8535031847133758,0.7655571635311144
ba_cu,na_ca,na_mn,nd_na,0.8726114649681529,0.7655571635311144
ba_cu,na_ca,na_mn,nd_ti,0.8662420382165605,0.7655571635311144
ca_cu,ti_mn,na_ba,nd_ba,0.8789808917197452,0.7655571635311144
mn_ca,nd_ca,ti_mn,ba_mn,0.8726114649681529,0.7655571635311144
mn_ca,na_ca,na_ba,nd_ba,0.8853503184713376,0.7655571635311144
na_cu,na_ca,nd_ca,ti_mn,0.8789808917197452,0.7655571635311144
na_cu,ba_ca,nd_ti,nd_na,0.8726114649681529,0.7655571635311144
ti_ca,na_mn,nd_mn,na_ti,0.8789808917197452,0.7655571635311144
ti_ca,ba_mn,nd_ti,nd_na,0.8662420382165605,0.7655571635311144
na_ca,na_mn,nd_mn,ba_ti,0.8726114649681529,0.7655571635311144
na_ca,ba_mn,na_ba,nd_na,0.8726114649681529,0.7655571635311144
na_ca,ba_mn,na_ti,nd_ti,0.8662420382165605,0.7655571635311144
ca_cu,ti_cu,ba_ca,nd_ti,0.8789808917197452,0.7655571635311144
ti_cu,nd_mn,na_ti,na_ba,0.8789808917197452,0.7655571635311144
na_cu,mn_ca,nd_ca,nd_na,0.8407643312101911,0.7655571635311144
na_cu,mn_ca,na_ca,nd_ba,0.8726114649681529,0.7655571635311144
mn_cu,nd_ca,na_ba,nd_ba,0.8853503184713376,0.7655571635311144
mn_cu,ti_mn,ba_ti,nd_na,0.8726114649681529,0.7655571635311144
ca_cu,mn_cu,nd_ca,nd_na,0.8726114649681529,0.7655571635311144
ca_cu,mn_cu,nd_ca,nd_ti,0.8726114649681529,0.7655571635311144
ba_cu,na_cu,mn_ca,na_ba,0.8726114649681529,0.7655571635311144
ba_ca,ti_mn,nd_mn,nd_ba,0.8535031847133758,0.7655571635311144
ti_cu,nd_cu,ti_ca,na_ca,0.8789808917197452,0.7655571635311144
ti_cu,nd_cu,mn_ca,na_ba,0.89171974522293,0.7655571635311144
ti_cu,nd_cu,ba_ca,nd_ca,0.8789808917197452,0.7655571635311144
ba_cu,na_cu,mn_ca,ba_mn,0.8662420382165605,0.7655571635311144
mn_ca,na_ca,ti_mn,nd_na,0.89171974522293,0.7655571635311144
ca_cu,ti_cu,ti_ca,ti_mn,0.8726114649681529,0.7655571635311144
ca_cu,ti_cu,mn_ca,nd_na,0.8789808917197452,0.7655571635311144
mn_ca,na_ca,ti_mn,na_ba,0.8853503184713376,0.7655571635311144
ti_ca,ba_ca,nd_ca,ti_mn,0.8853503184713376,0.7655571635311144
mn_cu,ti_mn,nd_mn,ba_ti,0.8662420382165605,0.7655571635311144
nd_cu,nd_ti,na_ba,nd_ba,0.8789808917197452,0.7655571635311144
ba_cu,na_ca,nd_ca,nd_mn,0.8726114649681529,0.7655571635311144
ba_cu,ba_ca,na_ba,nd_na,0.8789808917197452,0.7655571635311144
ba_cu,ba_ca,na_ba,nd_ba,0.8789808917197452,0.7655571635311144
ba_cu,ba_ca,nd_ti,na_ba,0.8662420382165605,0.7655571635311144
ba_cu,na_ca,ba_mn,na_ti,0.8789808917197452,0.7655571635311144
na_cu,mn_ca,ti_ca,na_mn,0.8726114649681529,0.7655571635311144
na_cu,mn_ca,na_ca,na_ba,0.8789808917197452,0.7655571635311144
mn_cu,ti_ca,ba_ca,na_mn,0.8726114649681529,0.7655571635311144
ti_cu,na_cu,ba_ti,na_ba,0.8662420382165605,0.7655571635311144
ti_cu,nd_cu,ti_ca,ba_mn,0.8789808917197452,0.7655571635311144
mn_cu,ti_cu,ti_mn,nd_ti,0.8662420382165605,0.7655571635311144
mn_cu,ti_cu,nd_mn,nd_na,0.8789808917197452,0.7655571635311144
ba_cu,na_cu,ba_ca,ba_ti,0.8789808917197452,0.7655571635311144
ca_cu,na_ca,nd_ca,nd_ti,0.8789808917197452,0.7655571635311144
ca_cu,ba_ti,nd_ba,nd_na,0.8789808917197452,0.7655571635311144
na_cu,ba_ca,ba_mn,na_ti,0.8789808917197452,0.7655571635311144
ti_ca,ba_mn,ba_ti,na_ba,0.8662420382165605,0.7655571635311144
mn_cu,nd_cu,ti_mn,nd_ba,0.8789808917197452,0.7655571635311144
ti_ca,ba_mn,ba_ti,na_ti,0.8662420382165605,0.7655571635311144
ti_ca,ba_mn,nd_mn,ba_ti,0.8789808917197452,0.7655571635311144
ti_ca,ba_mn,na_mn,ba_ti,0.8662420382165605,0.7655571635311144
ti_ca,ba_ca,ti_mn,ba_mn,0.8662420382165605,0.7655571635311144
ba_cu,ba_ca,ti_mn,nd_ba,0.8726114649681529,0.7655571635311144
ba_cu,ba_ca,nd_mn,nd_na,0.8598726114649682,0.7655571635311144
ba_cu,ba_ca,nd_mn,nd_ba,0.8726114649681529,0.7655571635311144
ba_cu,ba_ca,nd_mn,na_ba,0.8662420382165605,0.7655571635311144
ti_ca,na_ca,ba_mn,nd_ba,0.8726114649681529,0.7655571635311144
mn_cu,ba_mn,nd_mn,ba_ti,0.8662420382165605,0.7655571635311144
mn_cu,ba_cu,na_ca,nd_ca,0.8662420382165605,0.7655571635311144
mn_cu,ti_mn,ba_ti,nd_ba,0.8726114649681529,0.7655571635311144
mn_cu,mn_ca,nd_ti,nd_na,0.8662420382165605,0.7655571635311144
nd_cu,ti_ca,ba_ti,nd_ti,0.8726114649681529,0.7655571635311144
na_cu,mn_ca,na_ti,nd_ba,0.8789808917197452,0.7655571635311144
ca_cu,nd_cu,ba_ti,nd_na,0.8726114649681529,0.7655571635311144
ca_cu,nd_cu,ba_ca,na_ti,0.8789808917197452,0.7655571635311144
ca_cu,nd_cu,ba_ca,ba_ti,0.8662420382165605,0.7655571635311144
mn_cu,na_mn,nd_mn,ba_ti,0.8726114649681529,0.7655571635311144
mn_cu,na_mn,na_ba,nd_na,0.8662420382165605,0.7655571635311144
ca_cu,ba_cu,mn_ca,nd_mn,0.8789808917197452,0.7655571635311144
ca_cu,ba_cu,nd_cu,na_ba,0.8789808917197452,0.7655571635311144
mn_ca,na_ca,nd_ca,ti_mn,0.8726114649681529,0.7655571635311144
na_cu,ba_ca,na_ca,nd_ba,0.8789808917197452,0.7655571635311144
mn_cu,nd_cu,ba_ti,na_ba,0.8789808917197452,0.7655571635311144
ca_cu,na_cu,ba_ca,na_ca,0.8789808917197452,0.7655571635311144
ca_cu,na_cu,ti_ca,nd_ba,0.8789808917197452,0.7655571635311144
ba_cu,ba_ca,ti_mn,ba_ti,0.8662420382165605,0.7655571635311144
ba_cu,ba_ca,ti_mn,ba_mn,0.8726114649681529,0.7655571635311144
mn_cu,ba_ti,na_ti,nd_na,0.8789808917197452,0.7655571635311144
mn_cu,ba_cu,mn_ca,nd_na,0.8789808917197452,0.7655571635311144
mn_cu,ba_cu,mn_ca,nd_mn,0.8853503184713376,0.7655571635311144
ba_cu,ba_ca,nd_ca,na_ba,0.8662420382165605,0.7655571635311144
na_cu,mn_ca,na_mn,nd_mn,0.8535031847133758,0.7655571635311144
na_cu,mn_ca,nd_mn,na_ba,0.8726114649681529,0.7655571635311144
mn_cu,na_cu,mn_ca,nd_mn,0.8662420382165605,0.7655571635311144
ca_cu,na_cu,ti_ca,na_ba,0.8853503184713376,0.7655571635311144
nd_cu,ti_ca,ba_ca,nd_ca,0.8662420382165605,0.7655571635311144
ba_ca,ti_mn,nd_mn,na_ti,0.8789808917197452,0.7655571635311144
ba_ca,ti_mn,na_mn,nd_ti,0.8726114649681529,0.7655571635311144
na_ca,nd_ca,nd_mn,ba_ti,0.8789808917197452,0.7655571635311144
ca_cu,ba_ca,na_mn,ba_ti,0.8789808917197452,0.7655571635311144
mn_ca,ba_ca,nd_mn,nd_ba,0.89171974522293,0.7655571635311144
ca_cu,mn_ca,ba_mn,na_ba,0.8535031847133758,0.7655571635311144
mn_ca,ti_ca,na_ca,ba_ti,0.8662420382165605,0.7655571635311144
mn_ca,ti_ca,ba_ca,na_ba,0.8535031847133758,0.7655571635311144
ba_cu,ti_ca,na_ti,nd_ti,0.8853503184713376,0.7655571635311144
ba_cu,ti_ca,ba_ti,nd_na,0.8789808917197452,0.7655571635311144
mn_cu,nd_mn,na_ba,nd_ba,0.8726114649681529,0.7655571635311144
ca_cu,ba_cu,ba_mn,nd_ti,0.8789808917197452,0.7655571635311144
ca_cu,ba_cu,ti_mn,nd_na,0.89171974522293,0.7655571635311144
ba_cu,ba_ca,na_ca,nd_ti,0.8726114649681529,0.7655571635311144
ti_cu,na_cu,nd_mn,nd_na,0.89171974522293,0.7655571635311144
ca_cu,mn_ca,na_ti,nd_ti,0.8726114649681529,0.7655571635311144
ti_ca,ti_mn,ba_ti,nd_na,0.8789808917197452,0.7655571635311144
mn_cu,mn_ca,ba_ca,nd_na,0.8789808917197452,0.7655571635311144
ba_ca,na_ca,nd_mn,nd_ba,0.8726114649681529,0.7655571635311144
ba_ca,na_ca,na_mn,nd_ba,0.8789808917197452,0.7655571635311144
ca_cu,mn_ca,ti_ca,ba_ti,0.8789808917197452,0.7655571635311144
ca_cu,na_ca,na_ba,nd_ba,0.8853503184713376,0.7655571635311144
ca_cu,na_ca,na_ti,nd_na,0.89171974522293,0.7655571635311144
ba_ca,nd_mn,ba_ti,nd_na,0.8726114649681529,0.7655571635311144
ca_cu,na_mn,nd_mn,na_ba,0.8789808917197452,0.7655571635311144
ca_cu,na_mn,nd_mn,na_ti,0.8789808917197452,0.7655571635311144
ti_ca,na_ca,ti_mn,ba_ti,0.8789808917197452,0.7655571635311144
mn_cu,mn_ca,ba_ca,ba_ti,0.8789808917197452,0.7655571635311144
na_cu,ti_ca,nd_ti,nd_ba,0.8789808917197452,0.7655571635311144
na_cu,ti_ca,na_ti,nd_na,0.8980891719745223,0.7655571635311144
ti_ca,ba_ca,ti_mn,na_ti,0.8789808917197452,0.7655571635311144
ti_cu,na_cu,na_ca,nd_mn,0.8662420382165605,0.7655571635311144
ti_cu,na_cu,ba_ca,nd_mn,0.8726114649681529,0.7655571635311144
ti_cu,na_cu,ba_ca,ti_mn,0.89171974522293,0.7655571635311144
ca_cu,ti_cu,nd_cu,ba_ti,0.8726114649681529,0.7655571635311144
ba_cu,nd_cu,mn_ca,na_ti,0.8726114649681529,0.7655571635311144
ba_cu,ti_ca,na_ca,ba_ti,0.8726114649681529,0.7655571635311144
ba_cu,ti_ca,na_ca,nd_mn,0.8726114649681529,0.7655571635311144
na_ca,nd_ca,nd_ba,nd_na,0.8535031847133758,0.7655571635311144
na_ca,nd_ca,na_ti,na_ba,0.8598726114649682,0.7655571635311144
na_ca,nd_ca,ba_ti,na_ti,0.8662420382165605,0.7655571635311144
ca_cu,ti_ca,na_ti,nd_na,0.8980891719745223,0.7655571635311144
ca_cu,ti_ca,na_ti,nd_ti,0.8789808917197452,0.7655571635311144
ca_cu,ti_ca,ba_ti,nd_na,0.8980891719745223,0.7655571635311144
ba_cu,ti_ca,nd_ca,nd_mn,0.8789808917197452,0.7655571635311144
ba_ca,nd_mn,na_ba,nd_na,0.8789808917197452,0.7655571635311144
ca_cu,ba_ca,nd_ca,ba_ti,0.8726114649681529,0.7655571635311144
ca_cu,ti_ca,nd_ca,nd_ba,0.8853503184713376,0.7655571635311144
ca_cu,ti_ca,nd_ca,ba_ti,0.8726114649681529,0.7655571635311144
ca_cu,ti_ca,na_mn,ba_ti,0.8662420382165605,0.7655571635311144
ca_cu,ba_cu,ti_ca,na_ca,0.8726114649681529,0.7655571635311144
ca_cu,ba_ca,ti_mn,nd_ba,0.8726114649681529,0.7655571635311144
na_cu,ti_ca,ba_mn,nd_ba,0.8726114649681529,0.7655571635311144
ba_ca,na_mn,na_ti,nd_na,0.8980891719745223,0.7655571635311144
ba_cu,mn_ca,ba_ti,na_ti,0.8598726114649682,0.7655571635311144
ca_cu,mn_ca,ti_mn,na_mn,0.8789808917197452,0.7655571635311144
ca_cu,mn_ca,nd_ca,nd_ti,0.8726114649681529,0.7655571635311144
ca_cu,mn_ca,nd_ca,ti_mn,0.8789808917197452,0.7655571635311144
ti_cu,ba_cu,na_cu,ba_ca,0.8726114649681529,0.7655571635311144
ti_cu,ba_cu,nd_cu,na_ba,0.8789808917197452,0.7655571635311144
ba_cu,mn_ca,nd_mn,nd_ti,0.8726114649681529,0.7655571635311144
ba_cu,ti_ca,ba_ca,nd_mn,0.8726114649681529,0.7655571635311144
ba_ca,na_ca,ba_mn,na_ti,0.8853503184713376,0.7655571635311144
ba_ca,na_ca,ti_mn,nd_na,0.8789808917197452,0.7655571635311144
ba_ca,na_ca,ti_mn,na_ba,0.8726114649681529,0.7655571635311144
na_cu,ti_ca,ti_mn,na_ba,0.8726114649681529,0.7655571635311144
nd_cu,ti_ca,nd_ca,ba_ti,0.8789808917197452,0.7655571635311144
ba_cu,nd_cu,ti_ca,na_ti,0.8789808917197452,0.7655571635311144
mn_cu,mn_ca,nd_mn,na_ba,0.8726114649681529,0.7655571635311144
ti_ca,nd_ca,na_ba,nd_ba,0.8662420382165605,0.7655571635311144
ca_cu,ba_ca,ti_mn,na_ti,0.8789808917197452,0.7655571635311144
na_cu,ti_ca,na_ca,ba_ti,0.8726114649681529,0.7655571635311144
na_cu,ti_ca,na_ca,na_mn,0.8662420382165605,0.7655571635311144
ca_cu,ba_cu,nd_ca,nd_ti,0.8662420382165605,0.7655571635311144
ti_cu,ba_cu,ti_ca,ba_ca,0.8662420382165605,0.7655571635311144
ti_ca,ba_ca,na_mn,ba_ti,0.8853503184713376,0.7655571635311144
ca_cu,ba_ca,ba_mn,nd_mn,0.8789808917197452,0.7655571635311144
ca_cu,ba_ca,ti_mn,nd_na,0.8789808917197452,0.7655571635311144
mn_cu,ti_cu,na_ba,nd_na,0.8789808917197452,0.7655571635311144
mn_cu,ti_cu,ba_ti,na_ba,0.8789808917197452,0.7655571635311144
ba_cu,nd_cu,ba_ca,na_ti,0.8853503184713376,0.7655571635311144
ba_cu,nd_cu,ba_ca,ba_ti,0.8789808917197452,0.7655571635311144
ba_cu,nd_cu,ba_ca,nd_mn,0.8789808917197452,0.7655571635311144
ba_mn,nd_mn,nd_ti,na_ba,0.8662420382165605,0.7655571635311144
na_cu,ti_ca,ba_ca,nd_ti,0.8789808917197452,0.7655571635311144
na_cu,ti_ca,ti_mn,ba_ti,0.89171974522293,0.7655571635311144
ca_cu,mn_cu,nd_ti,na_ba,0.8853503184713376,0.7655571635311144
ca_cu,na_ca,na_ti,na_ba,0.89171974522293,0.7655571635311144
mn_cu,mn_ca,nd_ca,nd_ti,0.8726114649681529,0.7655571635311144
ba_cu,nd_cu,na_ca,nd_ba,0.8789808917197452,0.7655571635311144
mn_ca,ti_ca,ba_ti,nd_na,0.8789808917197452,0.7655571635311144
ca_cu,ti_cu,na_cu,nd_na,0.89171974522293,0.7655571635311144
ca_cu,ti_cu,na_cu,ba_mn,0.8789808917197452,0.7655571635311144
ti_mn,ba_mn,na_ba,nd_ba,0.8726114649681529,0.7655571635311144
ba_cu,nd_cu,na_ti,nd_ti,0.8789808917197452,0.7655571635311144
mn_ca,ti_ca,ba_mn,nd_na,0.89171974522293,0.7655571635311144
mn_ca,ti_ca,ti_mn,nd_na,0.89171974522293,0.7655571635311144
ti_cu,ba_cu,ba_mn,nd_na,0.8853503184713376,0.7655571635311144
ti_cu,ba_cu,na_ca,na_ti,0.8726114649681529,0.7655571635311144
mn_cu,mn_ca,nd_ca,ti_mn,0.8726114649681529,0.7655571635311144
ca_cu,na_cu,mn_ca,ba_ti,0.8789808917197452,0.7655571635311144
ca_cu,na_cu,mn_ca,na_mn,0.8726114649681529,0.7655571635311144
ca_cu,na_cu,ba_ca,na_ba,0.8853503184713376,0.7655571635311144
ti_ca,ba_ca,na_ba,nd_ba,0.8789808917197452,0.7655571635311144
ti_cu,ba_cu,nd_ca,ti_mn,0.8662420382165605,0.7655571635311144
ti_cu,ba_cu,mn_ca,ba_mn,0.8853503184713376,0.7655571635311144
ca_cu,na_cu,ba_ca,ba_ti,0.8789808917197452,0.7655571635311144
ti_ca,ti_mn,ba_mn,nd_ba,0.8662420382165605,0.7655571635311144
ba_mn,nd_ti,na_ba,nd_ba,0.8662420382165605,0.7655571635311144
ba_mn,nd_mn,nd_ti,nd_na,0.8662420382165605,0.7655571635311144
ca_cu,na_cu,ba_ca,na_ti,0.8789808917197452,0.7655571635311144
nd_cu,ti_ca,ti_mn,ba_ti,0.8662420382165605,0.7655571635311144
ti_cu,ba_cu,ti_mn,na_ti,0.8726114649681529,0.7655571635311144
ti_cu,ba_cu,na_mn,nd_na,0.89171974522293,0.7655571635311144
ba_cu,mn_ca,ti_ca,na_ti,0.8726114649681529,0.7655571635311144
ca_cu,ti_cu,ba_cu,na_ba,0.8789808917197452,0.7655571635311144
ca_cu,ti_cu,ba_cu,na_ti,0.8726114649681529,0.7655571635311144
ti_mn,na_mn,nd_ba,nd_na,0.89171974522293,0.7655571635311144
ba_cu,mn_ca,na_ca,na_ba,0.8726114649681529,0.7655571635311144
ca_cu,nd_mn,na_ba,nd_ba,0.8789808917197452,0.7655571635311144
ti_cu,ba_cu,na_ca,na_ba,0.8789808917197452,0.7655571635311144
mn_cu,ba_cu,na_cu,ba_ti,0.8662420382165605,0.7655571635311144
ba_ca,nd_ca,na_ti,nd_na,0.8598726114649682,0.7655571635311144
ba_cu,mn_ca,ti_mn,ba_ti,0.8726114649681529,0.7655571635311144
ba_cu,mn_ca,ba_mn,nd_ba,0.8726114649681529,0.7655571635311144
ca_cu,ti_cu,ba_ti,nd_ti,0.8789808917197452,0.7655571635311144
ti_cu,ti_ca,ba_mn,na_ti,0.8789808917197452,0.7655571635311144
ti_cu,ti_ca,na_ti,nd_na,0.89171974522293,0.7655571635311144
ca_cu,nd_cu,ba_mn,ba_ti,0.8789808917197452,0.7655571635311144
na_ca,nd_mn,ba_ti,nd_na,0.8726114649681529,0.7655571635311144
nd_cu,mn_ca,ba_ca,na_ba,0.8789808917197452,0.7655571635311144
nd_cu,mn_ca,ba_ca,ba_ti,0.8789808917197452,0.7655571635311144
nd_cu,mn_ca,ba_ca,nd_mn,0.8789808917197452,0.7655571635311144
ti_cu,ti_ca,ba_ti,nd_ba,0.8789808917197452,0.7655571635311144
ca_cu,ba_ca,nd_ti,na_ba,0.8789808917197452,0.7655571635311144
na_cu,na_mn,na_ba,nd_ba,0.8662420382165605,0.7655571635311144
ti_cu,ti_ca,ti_mn,ba_ti,0.8789808917197452,0.7655571635311144
na_cu,ba_ti,na_ba,nd_na,0.8853503184713376,0.7655571635311144
ca_cu,mn_cu,na_cu,na_ca,0.89171974522293,0.7655571635311144
mn_cu,na_cu,ti_mn,nd_ti,0.8662420382165605,0.7655571635311144
ca_cu,mn_cu,ti_cu,ba_ti,0.8726114649681529,0.7655571635311144
na_cu,nd_mn,na_ti,nd_na,0.8853503184713376,0.7655571635311144
na_cu,na_ti,nd_ti,nd_ba,0.8853503184713376,0.76410998552822
na_ca,ba_mn,ba_ti,na_ba,0.8789808917197452,0.76410998552822
ca_cu,mn_cu,na_cu,ba_mn,0.89171974522293,0.76410998552822
na_cu,ba_mn,na_ti,nd_ti,0.8789808917197452,0.76410998552822
na_cu,ba_mn,nd_ti,na_ba,0.8789808917197452,0.76410998552822
ca_cu,mn_cu,ba_cu,ti_mn,0.8789808917197452,0.76410998552822
na_cu,nd_mn,na_ba,nd_na,0.8598726114649682,0.76410998552822
na_cu,na_mn,ba_ti,nd_ti,0.8789808917197452,0.76410998552822
mn_cu,na_cu,nd_ca,na_ti,0.8853503184713376,0.76410998552822
mn_cu,na_cu,nd_ca,ba_ti,0.8789808917197452,0.76410998552822
na_cu,nd_ca,nd_ti,nd_na,0.8598726114649682,0.76410998552822
na_cu,nd_ca,nd_ti,na_ba,0.8598726114649682,0.76410998552822
na_cu,ti_mn,nd_mn,na_ba,0.8662420382165605,0.76410998552822
mn_cu,ti_cu,nd_cu,nd_na,0.89171974522293,0.76410998552822
mn_cu,ti_cu,ba_ca,na_ca,0.89171974522293,0.76410998552822
ti_cu,mn_ca,nd_ba,nd_na,0.8789808917197452,0.76410998552822
mn_ca,ba_mn,na_ti,nd_ba,0.8598726114649682,0.76410998552822
ti_cu,ba_ca,na_ti,nd_na,0.8980891719745223,0.76410998552822
mn_cu,ba_ca,na_ba,nd_ba,0.8726114649681529,0.76410998552822
ca_cu,ti_ca,nd_mn,na_ti,0.8789808917197452,0.76410998552822
na_cu,nd_cu,ti_ca,na_ti,0.8853503184713376,0.76410998552822
ca_cu,na_cu,ba_ca,nd_mn,0.8789808917197452,0.76410998552822
ca_cu,na_cu,ba_ca,ba_mn,0.8662420382165605,0.76410998552822
mn_cu,mn_ca,ti_mn,nd_na,0.8789808917197452,0.76410998552822
mn_cu,mn_ca,ti_mn,nd_mn,0.8726114649681529,0.76410998552822
ca_cu,mn_cu,nd_cu,nd_ba,0.8726114649681529,0.76410998552822
ca_cu,na_ca,ba_mn,nd_ba,0.8726114649681529,0.76410998552822
nd_cu,ti_ca,ti_mn,na_ba,0.8789808917197452,0.76410998552822
na_cu,ti_ca,ba_mn,nd_na,0.8789808917197452,0.76410998552822
ti_cu,ba_cu,ti_mn,na_mn,0.8726114649681529,0.76410998552822
ba_cu,mn_ca,ti_ca,nd_na,0.8980891719745223,0.76410998552822
ba_cu,mn_ca,ti_ca,ba_ti,0.8789808917197452,0.76410998552822
ca_cu,ti_cu,ba_cu,nd_mn,0.8726114649681529,0.76410998552822
ca_cu,ti_cu,ba_cu,ti_mn,0.8789808917197452,0.76410998552822
ca_cu,ti_cu,ba_cu,na_ca,0.8853503184713376,0.76410998552822
ba_ca,na_mn,ba_ti,na_ti,0.89171974522293,0.76410998552822
ca_cu,nd_mn,nd_ba,nd_na,0.8789808917197452,0.76410998552822
ti_cu,na_cu,mn_ca,ba_ti,0.8789808917197452,0.76410998552822
mn_ca,ti_ca,nd_mn,ba_ti,0.8789808917197452,0.76410998552822
mn_ca,ti_ca,na_mn,na_ba,0.8789808917197452,0.76410998552822
mn_ca,ti_ca,ti_mn,nd_ba,0.8662420382165605,0.76410998552822
ti_cu,ba_cu,na_mn,na_ba,0.8662420382165605,0.76410998552822
ti_cu,ba_cu,ba_mn,nd_ti,0.8598726114649682,0.76410998552822
ti_cu,ba_cu,nd_mn,nd_na,0.8726114649681529,0.76410998552822
mn_cu,ba_cu,mn_ca,ti_ca,0.8789808917197452,0.76410998552822
nd_ca,ba_mn,nd_mn,na_ba,0.8471337579617835,0.76410998552822
na_ca,nd_ca,ti_mn,na_ti,0.8726114649681529,0.76410998552822
na_ca,nd_ca,ti_mn,ba_ti,0.8726114649681529,0.76410998552822
ti_ca,ti_mn,nd_mn,ba_ti,0.8853503184713376,0.76410998552822
ti_cu,ba_cu,ba_ca,na_ca,0.8726114649681529,0.76410998552822
ti_ca,ba_ca,nd_ti,nd_na,0.8789808917197452,0.76410998552822
mn_cu,ba_cu,nd_cu,nd_ti,0.8726114649681529,0.76410998552822
ca_cu,na_cu,ba_mn,na_ba,0.8789808917197452,0.76410998552822
ba_mn,nd_mn,na_ti,nd_ba,0.8662420382165605,0.76410998552822
ca_cu,na_cu,ba_mn,ba_ti,0.8726114649681529,0.76410998552822
ca_cu,na_cu,ba_mn,na_mn,0.8853503184713376,0.76410998552822
ca_cu,na_cu,na_ti,nd_ti,0.8662420382165605,0.76410998552822
ba_cu,mn_ca,ba_mn,na_mn,0.8789808917197452,0.76410998552822
ca_cu,ti_cu,ba_cu,nd_cu,0.8789808917197452,0.76410998552822
ca_cu,mn_cu,ba_ti,nd_na,0.8853503184713376,0.76410998552822
mn_ca,ti_ca,nd_ca,ba_ti,0.8853503184713376,0.76410998552822
ca_cu,na_ca,ba_ti,nd_na,0.8853503184713376,0.76410998552822
ca_cu,na_ca,ba_ti,na_ti,0.8726114649681529,0.76410998552822
ba_cu,nd_cu,na_ca,na_ti,0.8789808917197452,0.76410998552822
ba_cu,nd_cu,ba_mn,nd_ti,0.8662420382165605,0.76410998552822
mn_ca,ti_ca,ba_ti,na_ba,0.8789808917197452,0.76410998552822
ti_cu,na_cu,nd_cu,ba_ca,0.8853503184713376,0.76410998552822
ti_cu,na_cu,nd_cu,ti_ca,0.8853503184713376,0.76410998552822
ti_ca,ba_ca,na_mn,nd_na,0.8853503184713376,0.76410998552822
nd_cu,ti_ca,na_mn,na_ti,0.8726114649681529,0.76410998552822
na_cu,ti_ca,na_ca,nd_ca,0.8789808917197452,0.76410998552822
mn_ca,ti_ca,nd_ca,ba_mn,0.8789808917197452,0.76410998552822
ca_cu,ba_mn,na_ti,nd_ba,0.8726114649681529,0.76410998552822
ca_cu,ba_mn,ba_ti,nd_ba,0.8662420382165605,0.76410998552822
ca_cu,ba_cu,nd_ca,nd_na,0.8662420382165605,0.76410998552822
ca_cu,ba_cu,nd_ca,ba_mn,0.8662420382165605,0.76410998552822
ba_ca,na_mn,na_ba,nd_ba,0.8789808917197452,0.76410998552822
nd_ca,ba_mn,nd_ti,nd_na,0.8726114649681529,0.76410998552822
ti_cu,na_cu,mn_ca,ba_ca,0.8853503184713376,0.76410998552822
ti_cu,na_cu,ti_ca,nd_na,0.8980891719745223,0.76410998552822
ba_ca,ti_mn,ba_mn,nd_ba,0.8662420382165605,0.76410998552822
mn_cu,ba_cu,na_cu,mn_ca,0.8789808917197452,0.76410998552822
mn_cu,ti_cu,na_ba,nd_ba,0.8726114649681529,0.76410998552822
mn_cu,ti_cu,na_ti,nd_na,0.89171974522293,0.76410998552822
ba_cu,nd_cu,ba_ca,nd_ti,0.8662420382165605,0.76410998552822
ti_cu,ba_cu,na_cu,na_ba,0.8726114649681529,0.76410998552822
ti_cu,ba_cu,nd_cu,na_ti,0.8789808917197452,0.76410998552822
ba_cu,ti_ca,ba_ca,ba_ti,0.8598726114649682,0.76410998552822
ba_cu,mn_ca,nd_ba,nd_na,0.89171974522293,0.76410998552822
ba_cu,mn_ca,nd_ti,nd_na,0.8726114649681529,0.76410998552822
mn_cu,mn_ca,nd_ca,ba_mn,0.8789808917197452,0.76410998552822
ba_ca,na_ca,ba_mn,na_ba,0.8853503184713376,0.76410998552822
ba_ca,na_ca,ti_mn,ba_mn,0.8726114649681529,0.76410998552822
na_cu,ti_ca,ba_ti,nd_ba,0.8789808917197452,0.76410998552822
nd_cu,ti_ca,na_ca,nd_na,0.8789808917197452,0.76410998552822
ca_cu,ba_ca,nd_mn,nd_ti,0.89171974522293,0.76410998552822
ca_cu,ba_ca,nd_mn,na_ti,0.8598726114649682,0.76410998552822
ba_cu,nd_cu,mn_ca,nd_ba,0.89171974522293,0.76410998552822
ba_cu,nd_cu,ba_ca,na_ba,0.8726114649681529,0.76410998552822
ti_cu,na_cu,ti_ca,ba_ca,0.8726114649681529,0.76410998552822
mn_cu,mn_ca,ba_mn,na_ba,0.8789808917197452,0.76410998552822
ba_cu,ti_ca,ba_ca,nd_na,0.8789808917197452,0.76410998552822
ca_cu,ba_ca,ti_mn,na_mn,0.8789808917197452,0.76410998552822
ba_ca,na_ca,ba_ti,na_ti,0.8662420382165605,0.76410998552822
ba_ca,na_ca,nd_mn,nd_na,0.8726114649681529,0.76410998552822
ba_cu,nd_cu,mn_ca,nd_mn,0.89171974522293,0.76410998552822
ca_cu,ti_ca,nd_ca,nd_na,0.8853503184713376,0.76410998552822
ca_cu,ti_ca,ba_mn,na_ti,0.8789808917197452,0.76410998552822
ba_cu,nd_cu,mn_ca,nd_ca,0.8789808917197452,0.76410998552822
ba_ca,na_mn,nd_mn,na_ba,0.8853503184713376,0.76410998552822
ca_cu,ba_ca,na_ti,nd_ti,0.8726114649681529,0.76410998552822
ca_cu,ba_ca,nd_mn,nd_na,0.8789808917197452,0.76410998552822
na_cu,ti_ca,ba_mn,na_ba,0.8598726114649682,0.76410998552822
na_cu,ti_ca,ti_mn,nd_ba,0.8853503184713376,0.76410998552822
mn_cu,mn_ca,ti_ca,nd_na,0.89171974522293,0.76410998552822
ca_cu,mn_ca,ba_ca,na_ti,0.8726114649681529,0.76410998552822
mn_cu,ba_ti,na_ba,nd_na,0.8789808917197452,0.76410998552822
mn_cu,nd_cu,na_ba,nd_na,0.8789808917197452,0.76410998552822
ca_cu,mn_ca,ba_ca,na_ca,0.8789808917197452,0.76410998552822
ca_cu,na_ca,nd_ti,na_ba,0.8726114649681529,0.76410998552822
ba_ca,nd_mn,na_ti,nd_ba,0.8726114649681529,0.76410998552822
ca_cu,na_mn,nd_mn,nd_ti,0.8726114649681529,0.76410998552822
ca_cu,ba_cu,ti_mn,na_ti,0.8789808917197452,0.76410998552822
ti_ca,na_ca,nd_ca,nd_na,0.8662420382165605,0.76410998552822
ti_cu,ba_cu,na_cu,ti_ca,0.8726114649681529,0.76410998552822
na_cu,ti_ca,nd_ba,nd_na,0.8853503184713376,0.76410998552822
ti_mn,ba_mn,na_ti,nd_ti,0.8726114649681529,0.76410998552822
ti_cu,na_cu,nd_ca,na_ba,0.8726114649681529,0.76410998552822
ca_cu,ti_cu,nd_cu,nd_ti,0.8662420382165605,0.76410998552822
ca_cu,ti_cu,nd_cu,nd_mn,0.89171974522293,0.76410998552822
mn_ca,ba_ca,ti_mn,nd_ba,0.8598726114649682,0.76410998552822
mn_ca,ba_ca,ti_mn,nd_mn,0.8726114649681529,0.76410998552822
ba_cu,ti_ca,na_ca,nd_ba,0.8662420382165605,0.76410998552822
ba_cu,ti_ca,na_mn,ba_ti,0.8789808917197452,0.76410998552822
ti_ca,na_ca,ba_mn,ba_ti,0.8789808917197452,0.76410998552822
ca_cu,ba_cu,ba_mn,ba_ti,0.8789808917197452,0.76410998552822
ba_cu,ti_ca,nd_mn,nd_ba,0.8726114649681529,0.76410998552822
ba_cu,ba_ca,na_ca,na_mn,0.8789808917197452,0.76410998552822
ca_cu,mn_ca,ba_mn,nd_ti,0.8853503184713376,0.76410998552822
ti_cu,na_cu,ti_mn,ba_mn,0.8853503184713376,0.76410998552822
ca_cu,mn_ca,ba_mn,na_ti,0.8662420382165605,0.76410998552822
ca_cu,mn_ca,ba_mn,na_mn,0.89171974522293,0.76410998552822
na_ca,ti_mn,na_mn,nd_na,0.89171974522293,0.76410998552822
na_ca,ti_mn,na_mn,nd_ti,0.8662420382165605,0.76410998552822
mn_ca,ba_ca,ba_mn,nd_ba,0.8662420382165605,0.76410998552822
ti_mn,ba_mn,na_ti,nd_ba,0.8726114649681529,0.76410998552822
ca_cu,na_cu,ba_ca,nd_na,0.8980891719745223,0.76410998552822
ti_ca,ti_mn,ba_ti,na_ti,0.8853503184713376,0.76410998552822
ti_ca,ti_mn,nd_mn,nd_na,0.8980891719745223,0.76410998552822
mn_cu,ba_cu,ti_ca,na_ca,0.8662420382165605,0.76410998552822
mn_cu,ba_cu,mn_ca,nd_ti,0.8726114649681529,0.76410998552822
ti_mn,na_ti,na_ba,nd_ba,0.8853503184713376,0.76410998552822
na_cu,mn_ca,ba_mn,nd_ba,0.8662420382165605,0.76410998552822
ca_cu,ba_ca,nd_ca,ti_mn,0.8789808917197452,0.76410998552822
ca_cu,na_cu,ti_ca,na_ti,0.8853503184713376,0.76410998552822
ba_cu,na_cu,ba_mn,ba_ti,0.8789808917197452,0.76410998552822
ba_ca,ti_mn,na_mn,nd_ba,0.8853503184713376,0.76410998552822
na_ca,nd_ca,nd_mn,na_ti,0.8598726114649682,0.76410998552822
ca_cu,ba_ca,ba_mn,nd_ba,0.8726114649681529,0.76410998552822
mn_ca,ba_ca,na_mn,na_ti,0.89171974522293,0.76410998552822
ba_cu,na_cu,na_ti,nd_ti,0.8662420382165605,0.76410998552822
ba_cu,na_cu,ba_ti,nd_na,0.8789808917197452,0.76410998552822
mn_cu,na_ti,na_ba,nd_na,0.8789808917197452,0.76410998552822
mn_cu,na_ti,na_ba,nd_ba,0.8726114649681529,0.76410998552822
ba_cu,ti_ca,na_mn,na_ti,0.8789808917197452,0.76410998552822
ca_cu,mn_cu,ba_mn,nd_na,0.89171974522293,0.76410998552822
mn_cu,na_mn,ba_ti,na_ba,0.8726114649681529,0.76410998552822
mn_cu,na_mn,nd_mn,na_ti,0.8726114649681529,0.76410998552822
mn_cu,ba_mn,na_ba,nd_ba,0.8726114649681529,0.76410998552822
ca_cu,ba_mn,na_mn,nd_ba,0.8789808917197452,0.76410998552822
ca_cu,ba_cu,mn_ca,na_mn,0.8853503184713376,0.76410998552822
ca_cu,ba_ti,nd_ti,na_ba,0.8789808917197452,0.76410998552822
ba_cu,na_cu,ba_ca,nd_ca,0.8662420382165605,0.76410998552822
ba_cu,na_cu,ti_ca,na_ti,0.8789808917197452,0.76410998552822
ba_cu,na_cu,na_ca,na_mn,0.89171974522293,0.76410998552822
ba_cu,na_cu,na_ca,nd_ca,0.8535031847133758,0.76410998552822
ba_cu,na_cu,ti_mn,nd_ti,0.8662420382165605,0.76410998552822
nd_cu,ti_ca,ba_ca,nd_ba,0.8662420382165605,0.76410998552822
ca_cu,na_cu,ti_ca,nd_na,0.8980891719745223,0.76410998552822
ba_cu,ba_ca,na_ca,nd_ca,0.8662420382165605,0.76410998552822
mn_cu,ba_ti,nd_ti,nd_ba,0.8598726114649682,0.76410998552822
nd_cu,na_ti,nd_ba,nd_na,0.8789808917197452,0.76410998552822
ca_cu,nd_ca,na_mn,nd_na,0.8726114649681529,0.76410998552822
na_ca,ba_ti,nd_ti,nd_na,0.8726114649681529,0.76410998552822
mn_ca,na_ca,ti_mn,ba_mn,0.8789808917197452,0.76410998552822
na_cu,ba_ca,ti_mn,nd_ba,0.8853503184713376,0.76410998552822
ba_cu,ba_ca,ba_mn,nd_ba,0.8789808917197452,0.76410998552822
ba_cu,ba_ca,ba_mn,na_ba,0.8853503184713376,0.76410998552822
ba_cu,ba_ca,na_ti,nd_ti,0.8662420382165605,0.76410998552822
ba_cu,ba_ca,ba_ti,na_ti,0.8662420382165605,0.76410998552822
mn_cu,ba_mn,na_ti,nd_ba,0.8535031847133758,0.76410998552822
mn_cu,ba_cu,na_ca,na_mn,0.8789808917197452,0.76410998552822
mn_cu,ba_cu,ba_ca,nd_na,0.8726114649681529,0.76410998552822
mn_cu,ti_mn,ba_ti,nd_ti,0.8726114649681529,0.76410998552822
ti_ca,nd_ca,na_ti,nd_ti,0.8789808917197452,0.76410998552822
nd_cu,ti_ca,nd_mn,nd_ba,0.8662420382165605,0.76410998552822
ti_mn,ba_ti,nd_ba,nd_na,0.8662420382165605,0.76410998552822
ca_cu,nd_ca,na_mn,na_ba,0.8726114649681529,0.76410998552822
nd_cu,ba_ca,nd_ca,ba_ti,0.8662420382165605,0.76410998552822
na_cu,mn_ca,nd_ca,ti_mn,0.8726114649681529,0.76410998552822
mn_cu,ti_mn,ba_mn,nd_mn,0.8598726114649682,0.76410998552822
mn_cu,ba_cu,nd_ca,ti_mn,0.8789808917197452,0.76410998552822
ba_cu,na_ca,ti_mn,na_ba,0.8789808917197452,0.76410998552822
ca_cu,mn_cu,nd_ca,nd_ba,0.8789808917197452,0.76410998552822
ca_cu,mn_cu,nd_ca,ba_mn,0.8726114649681529,0.76410998552822
ba_cu,na_cu,mn_ca,nd_ti,0.8789808917197452,0.76410998552822
ti_cu,nd_cu,mn_ca,na_mn,0.8789808917197452,0.76410998552822
ba_cu,na_cu,mn_ca,ba_ti,0.8726114649681529,0.76410998552822
mn_ca,na_ca,ti_mn,nd_ti,0.8662420382165605,0.76410998552822
ti_ca,ba_ca,nd_ca,na_mn,0.8662420382165605,0.76410998552822
mn_cu,ti_mn,nd_mn,na_ba,0.8789808917197452,0.76410998552822
mn_cu,ba_mn,na_mn,nd_ti,0.8980891719745223,0.76410998552822
mn_cu,ti_mn,na_ba,nd_na,0.8789808917197452,0.76410998552822
nd_ca,na_ti,na_ba,nd_ba,0.8662420382165605,0.76410998552822
ti_cu,nd_cu,ti_ca,nd_na,0.8853503184713376,0.76410998552822
na_cu,na_ca,nd_ca,na_ti,0.8726114649681529,0.76410998552822
na_cu,ba_ca,na_ba,nd_na,0.8789808917197452,0.76410998552822
mn_cu,nd_cu,ba_ca,nd_ba,0.8789808917197452,0.76410998552822
ti_ca,ba_mn,na_ba,nd_ba,0.8789808917197452,0.76410998552822
ti_ca,ba_mn,nd_ti,na_ba,0.8662420382165605,0.76410998552822
na_ca,nd_ca,ba_mn,na_ti,0.8789808917197452,0.76410998552822
ti_cu,nd_cu,ti_ca,na_mn,0.8853503184713376,0.76410998552822
ti_cu,nd_cu,na_ca,na_ba,0.8726114649681529,0.76410998552822
ti_cu,nd_cu,na_ca,na_ti,0.8789808917197452,0.76410998552822
ti_cu,nd_cu,na_ca,nd_mn,0.8598726114649682,0.76410998552822
ti_cu,na_ba,nd_ba,nd_na,0.8789808917197452,0.76410998552822
ba_cu,na_cu,ti_ca,na_ca,0.8789808917197452,0.76410998552822
mn_cu,ti_ca,nd_ca,na_ti,0.8662420382165605,0.76410998552822
mn_cu,ti_ca,nd_ca,ba_ti,0.8598726114649682,0.76410998552822
mn_ca,nd_ca,ti_mn,na_ba,0.8662420382165605,0.76410998552822
ca_cu,mn_cu,nd_ca,ti_mn,0.8726114649681529,0.76410998552822
ca_cu,ba_cu,ba_ti,na_ba,0.8853503184713376,0.76410998552822
ca_cu,ba_cu,nd_mn,nd_na,0.8789808917197452,0.76410998552822
ca_cu,ba_cu,na_mn,ba_ti,0.8662420382165605,0.76410998552822
ba_cu,na_ca,na_mn,na_ba,0.8789808917197452,0.76410998552822
ca_cu,ti_mn,na_ti,nd_na,0.8980891719745223,0.76410998552822
ba_cu,na_ca,ba_ti,nd_na,0.8789808917197452,0.76410998552822
ba_cu,na_ca,nd_mn,nd_na,0.8726114649681529,0.76410998552822
ti_cu,nd_cu,nd_ca,nd_ba,0.8789808917197452,0.76410998552822
ca_cu,ti_cu,nd_ba,nd_na,0.8853503184713376,0.76410998552822
mn_ca,na_ca,na_ba,nd_na,0.8726114649681529,0.76410998552822
ti_cu,ba_ti,na_ti,nd_na,0.8853503184713376,0.76410998552822
ti_cu,ba_ti,na_ti,nd_ti,0.8726114649681529,0.76410998552822
ti_cu,nd_mn,nd_ba,nd_na,0.8726114649681529,0.76410998552822
nd_ca,na_ti,nd_ba,nd_na,0.8662420382165605,0.76410998552822
ti_ca,na_ca,ba_ti,nd_ti,0.8726114649681529,0.76410998552822
nd_cu,nd_mn,nd_ba,nd_na,0.8853503184713376,0.76410998552822
ca_cu,na_cu,na_mn,nd_ba,0.89171974522293,0.76410998552822
mn_cu,ba_cu,nd_mn,na_ba,0.8662420382165605,0.76410998552822
mn_cu,na_cu,nd_cu,na_ca,0.8789808917197452,0.76410998552822
ca_cu,mn_cu,ti_ca,na_ca,0.8789808917197452,0.76410998552822
nd_cu,ba_ca,ti_mn,ba_mn,0.8662420382165605,0.76410998552822
nd_cu,ba_ca,nd_ca,nd_na,0.8598726114649682,0.76410998552822
na_cu,mn_ca,ti_ca,nd_na,0.8726114649681529,0.76410998552822
ba_ca,na_ca,nd_ca,nd_ti,0.8789808917197452,0.76410998552822
mn_cu,nd_cu,na_ca,nd_na,0.8535031847133758,0.76410998552822
na_cu,na_ca,na_mn,nd_na,0.8789808917197452,0.76410998552822
mn_ca,nd_ti,nd_ba,nd_na,0.8853503184713376,0.76410998552822
ti_cu,nd_cu,ba_mn,ba_ti,0.8789808917197452,0.76410998552822
ti_cu,nd_cu,ti_mn,nd_ba,0.8853503184713376,0.76410998552822
ti_cu,na_mn,na_ti,nd_ba,0.8726114649681529,0.76410998552822
ti_cu,nd_cu,na_ba,nd_ba,0.8853503184713376,0.76410998552822
nd_cu,mn_ca,na_ba,nd_na,0.8789808917197452,0.76410998552822
na_cu,na_ca,na_ti,na_ba,0.8853503184713376,0.76410998552822
na_cu,na_ca,na_ti,nd_ti,0.8662420382165605,0.76410998552822
mn_ca,nd_ca,ba_ti,nd_na,0.8535031847133758,0.76410998552822
ti_cu,nd_cu,nd_mn,na_ti,0.8789808917197452,0.76410998552822
mn_cu,ti_cu,na_ca,nd_ti,0.8726114649681529,0.76410998552822
ti_cu,ba_mn,na_mn,nd_ba,0.8789808917197452,0.76410998552822
ti_cu,ba_mn,ba_ti,na_ba,0.8662420382165605,0.76410998552822
ti_cu,ba_mn,nd_mn,nd_na,0.8662420382165605,0.76410998552822
ti_cu,ba_mn,nd_mn,ba_ti,0.8726114649681529,0.76410998552822
ca_cu,mn_cu,nd_cu,na_ba,0.8789808917197452,0.76410998552822
ca_cu,mn_cu,nd_cu,ba_ca,0.8853503184713376,0.76410998552822
na_cu,na_ca,ti_mn,nd_ba,0.8853503184713376,0.76410998552822
ba_cu,nd_ca,ba_mn,nd_ti,0.8662420382165605,0.76410998552822
mn_cu,nd_ca,na_ti,nd_ti,0.8598726114649682,0.76410998552822
ca_cu,nd_cu,nd_mn,nd_ti,0.8789808917197452,0.76410998552822
mn_ca,ti_mn,na_mn,nd_na,0.8853503184713376,0.76410998552822
ba_cu,nd_ca,nd_mn,nd_ba,0.8789808917197452,0.76410998552822
mn_cu,nd_ca,ti_mn,ba_ti,0.8662420382165605,0.76410998552822
mn_cu,nd_ca,ti_mn,nd_mn,0.8789808917197452,0.76410998552822
mn_cu,nd_ca,ti_mn,ba_mn,0.8662420382165605,0.76410998552822
mn_cu,na_ca,nd_ba,nd_na,0.8726114649681529,0.76410998552822
mn_cu,nd_ca,na_mn,ba_ti,0.8789808917197452,0.76410998552822
mn_cu,nd_ca,na_mn,nd_mn,0.8789808917197452,0.76410998552822
ba_cu,nd_ca,na_ba,nd_na,0.8598726114649682,0.76410998552822
nd_cu,nd_mn,ba_ti,nd_ti,0.8789808917197452,0.76410998552822
nd_cu,na_mn,na_ti,nd_ba,0.8726114649681529,0.76410998552822
ba_cu,ti_mn,na_mn,ba_ti,0.8853503184713376,0.76410998552822
nd_cu,ba_mn,nd_ti,na_ba,0.8789808917197452,0.76410998552822
ca_cu,ti_cu,na_ca,nd_ba,0.8726114649681529,0.76410998552822
ca_cu,ti_cu,na_ca,na_ba,0.8789808917197452,0.76410998552822
mn_cu,ti_ca,na_mn,nd_ti,0.8853503184713376,0.76410998552822
mn_cu,ti_ca,na_mn,nd_mn,0.8598726114649682,0.76410998552822
mn_cu,ti_ca,ba_mn,nd_na,0.8726114649681529,0.76410998552822
mn_cu,ti_ca,ba_mn,na_ba,0.8726114649681529,0.76410998552822
nd_cu,ba_ca,ba_mn,na_ti,0.8853503184713376,0.76410998552822
nd_cu,ba_ca,ba_mn,ba_ti,0.8853503184713376,0.76410998552822
nd_cu,mn_ca,ba_mn,nd_ti,0.8789808917197452,0.76410998552822
ca_cu,na_ca,ba_mn,nd_ti,0.8726114649681529,0.76410998552822
ca_cu,na_ca,ba_mn,na_mn,0.8853503184713376,0.76410998552822
ca_cu,ti_ca,na_ca,nd_ca,0.8853503184713376,0.76410998552822
ca_cu,ti_ca,ba_ca,nd_na,0.8980891719745223,0.76410998552822
ca_cu,ti_ca,ba_ca,nd_ti,0.8662420382165605,0.76410998552822
ca_cu,ti_ca,ti_mn,na_ti,0.8726114649681529,0.76410998552822
ca_cu,ti_ca,ti_mn,nd_mn,0.8598726114649682,0.76410998552822
na_ca,ti_mn,na_ba,nd_na,0.8789808917197452,0.76410998552822
na_ca,ti_mn,na_ba,nd_ba,0.8726114649681529,0.76410998552822
mn_cu,ti_ca,na_ca,na_mn,0.8535031847133758,0.76410998552822
ca_cu,ti_mn,ba_mn,nd_ti,0.8598726114649682,0.76410998552822
ba_ca,ba_ti,nd_ba,nd_na,0.8726114649681529,0.76410998552822
ba_ca,na_ca,na_ti,na_ba,0.8789808917197452,0.76410998552822
ti_ca,nd_ca,ti_mn,na_ba,0.8662420382165605,0.76410998552822
nd_cu,ba_mn,na_ti,nd_ti,0.8853503184713376,0.76410998552822
ti_cu,nd_ca,ti_mn,ba_mn,0.8662420382165605,0.76410998552822
ca_cu,nd_cu,ti_ca,na_ba,0.8789808917197452,0.76410998552822
ti_cu,nd_ca,na_mn,nd_na,0.8726114649681529,0.76410998552822
ca_cu,ba_cu,na_cu,na_mn,0.8980891719745223,0.76410998552822
ti_cu,mn_ca,na_ca,ba_mn,0.8853503184713376,0.76410998552822
ca_cu,ti_ca,na_ca,nd_na,0.8980891719745223,0.76410998552822
ca_cu,mn_ca,na_ca,ti_mn,0.8789808917197452,0.76410998552822
mn_cu,ba_cu,ti_mn,na_ba,0.89171974522293,0.76410998552822
mn_cu,ba_cu,nd_ca,nd_mn,0.8789808917197452,0.76410998552822
na_ca,ti_mn,ba_ti,nd_na,0.8789808917197452,0.76410998552822
ba_cu,ti_mn,na_ti,nd_na,0.8789808917197452,0.76410998552822
mn_cu,ba_cu,na_mn,nd_ti,0.8789808917197452,0.76410998552822
mn_cu,ba_cu,ba_mn,ba_ti,0.8726114649681529,0.76410998552822
ba_cu,ti_mn,ba_ti,nd_na,0.8598726114649682,0.76410998552822
nd_cu,ba_ca,ba_mn,na_ba,0.8789808917197452,0.76410998552822
ti_ca,nd_ca,nd_mn,ba_ti,0.8789808917197452,0.76410998552822
ti_cu,na_ca,nd_mn,na_ba,0.8662420382165605,0.76410998552822
ti_cu,na_ca,nd_mn,nd_ti,0.8535031847133758,0.76410998552822
ti_cu,na_ca,nd_mn,na_ti,0.8726114649681529,0.76410998552822
ti_cu,na_ca,na_mn,nd_ba,0.8662420382165605,0.76410998552822
ti_cu,nd_ca,ti_mn,ba_ti,0.8726114649681529,0.76410998552822
mn_cu,ti_cu,nd_ca,nd_ti,0.8662420382165605,0.76410998552822
mn_cu,ti_cu,nd_ca,ba_ti,0.8789808917197452,0.76410998552822
mn_cu,ti_cu,na_ca,nd_na,0.89171974522293,0.76410998552822
mn_cu,ti_cu,na_ca,nd_ba,0.8789808917197452,0.76410998552822
nd_cu,ba_ca,ba_mn,nd_mn,0.8789808917197452,0.76410998552822
mn_cu,ti_ca,nd_ca,nd_ba,0.8726114649681529,0.76410998552822
ba_cu,ba_mn,na_mn,nd_na,0.8662420382165605,0.76410998552822
mn_cu,na_ca,nd_ca,na_ba,0.8726114649681529,0.76410998552822
mn_cu,ba_ca,nd_ba,nd_na,0.8789808917197452,0.76410998552822
nd_ca,ti_mn,ba_mn,nd_ti,0.8662420382165605,0.76410998552822
nd_cu,nd_ca,ba_ti,na_ba,0.8662420382165605,0.76410998552822
ba_cu,nd_mn,na_ti,nd_ti,0.8789808917197452,0.76410998552822
ba_cu,nd_mn,ba_ti,nd_na,0.8662420382165605,0.76410998552822
mn_cu,nd_cu,mn_ca,na_ca,0.8662420382165605,0.76410998552822
na_cu,nd_ca,na_mn,nd_ti,0.8726114649681529,0.76410998552822
ti_cu,mn_ca,nd_mn,nd_ti,0.8789808917197452,0.76410998552822
ti_cu,mn_ca,ba_mn,na_ba,0.8726114649681529,0.76410998552822
ti_cu,mn_ca,ba_mn,na_ti,0.8662420382165605,0.76410998552822
ti_cu,na_ca,na_ti,na_ba,0.8853503184713376,0.76410998552822
ti_cu,na_ca,ba_ti,nd_na,0.89171974522293,0.76410998552822
nd_cu,ba_mn,nd_mn,na_ba,0.8662420382165605,0.76410998552822
nd_cu,na_ca,ba_ti,nd_ti,0.8662420382165605,0.76410998552822
nd_cu,na_ca,nd_mn,na_ba,0.8726114649681529,0.76410998552822
nd_cu,na_ca,ba_mn,nd_ba,0.8726114649681529,0.76410998552822
ti_cu,ba_ca,ba_ti,nd_ba,0.8789808917197452,0.76410998552822
ca_cu,ti_cu,na_mn,nd_ba,0.8853503184713376,0.76410998552822
ti_cu,na_ca,ti_mn,na_ba,0.8789808917197452,0.76410998552822
ti_cu,mn_ca,ba_mn,ba_ti,0.8853503184713376,0.76410998552822
na_ca,nd_ca,ba_mn,nd_ti,0.8726114649681529,0.76410998552822
mn_cu,na_cu,na_ca,na_ti,0.8853503184713376,0.76410998552822
ba_cu,na_mn,na_ba,nd_na,0.8789808917197452,0.76410998552822
ba_cu,ba_ti,na_ti,na_ba,0.8726114649681529,0.76410998552822
ca_cu,ba_cu,ba_ti,nd_na,0.89171974522293,0.76410998552822
mn_cu,ba_cu,ba_ti,nd_na,0.8853503184713376,0.76410998552822
ca_cu,na_cu,nd_ca,na_ba,0.8662420382165605,0.76410998552822
na_cu,nd_cu,nd_mn,nd_ba,0.8662420382165605,0.76410998552822
mn_cu,ti_ca,ba_ti,nd_ti,0.8726114649681529,0.76410998552822
mn_cu,ti_cu,na_ca,ti_mn,0.8726114649681529,0.76410998552822
ca_cu,ti_cu,ba_ti,nd_na,0.8853503184713376,0.76410998552822
na_cu,nd_mn,ba_ti,nd_na,0.8662420382165605,0.76410998552822
ti_cu,ba_ca,na_ca,nd_ti,0.8726114649681529,0.76410998552822
ca_cu,mn_ca,na_ba,nd_ba,0.8726114649681529,0.76410998552822
ti_cu,ba_ca,ti_mn,ba_mn,0.8726114649681529,0.76410998552822
mn_ca,ba_mn,nd_mn,na_ba,0.8471337579617835,0.76410998552822
ti_cu,ba_ca,nd_mn,ba_ti,0.8662420382165605,0.76410998552822
ti_cu,ba_ca,na_mn,nd_na,0.8853503184713376,0.76410998552822
ba_ca,ti_mn,na_ti,nd_ba,0.8853503184713376,0.76410998552822
mn_cu,na_cu,nd_ca,nd_na,0.8535031847133758,0.76410998552822
na_ca,ba_ti,na_ba,nd_na,0.8726114649681529,0.76410998552822
mn_cu,ba_ca,ti_mn,ba_mn,0.8726114649681529,0.76410998552822
nd_cu,na_ca,ti_mn,na_ti,0.8662420382165605,0.76410998552822
nd_cu,na_ca,nd_ca,ba_mn,0.8789808917197452,0.76410998552822
nd_cu,ba_ca,na_ti,nd_ba,0.8726114649681529,0.76410998552822
ca_cu,nd_mn,na_ti,nd_na,0.8789808917197452,0.76410998552822
mn_cu,ba_cu,na_cu,na_ca,0.8853503184713376,0.76410998552822
ba_ca,nd_ca,na_ba,nd_na,0.8598726114649682,0.76410998552822
ba_ca,nd_ca,nd_ti,nd_ba,0.8726114649681529,0.76410998552822
ca_cu,nd_mn,ba_ti,nd_ba,0.8662420382165605,0.76410998552822
ti_cu,ba_cu,ba_ca,nd_mn,0.8662420382165605,0.76410998552822
ti_cu,ti_ca,ba_mn,ba_ti,0.8726114649681529,0.76410998552822
ti_cu,ti_ca,na_mn,na_ti,0.8726114649681529,0.76410998552822
ti_cu,ti_ca,ba_mn,nd_na,0.8789808917197452,0.76410998552822
na_ca,nd_ca,nd_mn,nd_ti,0.8471337579617835,0.76410998552822
ti_ca,ba_ti,nd_ti,nd_na,0.8726114649681529,0.76410998552822
na_cu,ba_mn,nd_mn,nd_ti,0.8726114649681529,0.76410998552822
ti_cu,ba_ca,nd_ca,ba_ti,0.8726114649681529,0.76410998552822
ca_cu,mn_cu,ti_cu,ba_ca,0.8789808917197452,0.76410998552822
nd_mn,ba_ti,nd_ti,nd_ba,0.8726114649681529,0.76410998552822
ti_cu,ti_ca,ti_mn,ba_mn,0.8789808917197452,0.76410998552822
ca_cu,mn_cu,ti_cu,nd_ba,0.8662420382165605,0.7626628075253257
na_cu,na_mn,nd_mn,na_ba,0.8662420382165605,0.7626628075253257
na_cu,na_mn,ba_ti,na_ti,0.8853503184713376,0.7626628075253257
ca_cu,nd_cu,na_ba,nd_na,0.8726114649681529,0.7626628075253257
na_mn,na_ti,nd_ba,nd_na,0.8789808917197452,0.7626628075253257
na_ca,ba_mn,ba_ti,na_ti,0.8789808917197452,0.7626628075253257
na_cu,nd_mn,nd_ti,nd_na,0.8853503184713376,0.7626628075253257
na_cu,nd_mn,na_ti,na_ba,0.8789808917197452,0.7626628075253257
na_cu,nd_mn,ba_ti,na_ti,0.8662420382165605,0.7626628075253257
ti_cu,ti_ca,nd_mn,nd_na,0.8726114649681529,0.7626628075253257
ti_cu,ti_ca,nd_mn,na_ba,0.8662420382165605,0.7626628075253257
ti_cu,ti_ca,nd_mn,na_ti,0.8789808917197452,0.7626628075253257
ti_cu,ti_ca,ba_ti,nd_ti,0.8789808917197452,0.7626628075253257
na_ca,ba_mn,nd_mn,nd_ba,0.8662420382165605,0.7626628075253257
na_cu,ba_mn,na_mn,nd_ba,0.8662420382165605,0.7626628075253257
na_cu,ti_mn,nd_ba,nd_na,0.8980891719745223,0.7626628075253257
nd_cu,mn_ca,ba_ca,nd_ti,0.8789808917197452,0.7626628075253257
na_cu,ti_mn,ba_mn,nd_ba,0.8726114649681529,0.7626628075253257
ti_cu,ba_ca,nd_ca,na_ti,0.8789808917197452,0.7626628075253257
ti_cu,ba_ca,na_ca,ba_ti,0.8726114649681529,0.7626628075253257
na_cu,ti_mn,nd_ti,nd_na,0.8789808917197452,0.7626628075253257
na_cu,ti_mn,na_ti,nd_na,0.910828025477707,0.7626628075253257
ba_cu,ba_ca,na_mn,nd_ti,0.8853503184713376,0.7626628075253257
mn_ca,ti_ca,ba_ca,na_ca,0.8853503184713376,0.7626628075253257
ca_cu,ti_mn,ba_ti,nd_ba,0.8726114649681529,0.7626628075253257
ca_cu,ti_mn,ba_ti,nd_ti,0.8662420382165605,0.7626628075253257
ca_cu,ba_mn,ba_ti,na_ba,0.8662420382165605,0.7626628075253257
ca_cu,ba_mn,nd_mn,nd_ti,0.8789808917197452,0.7626628075253257
mn_cu,ba_mn,na_ba,nd_na,0.8789808917197452,0.7626628075253257
mn_cu,nd_mn,ba_ti,nd_na,0.8726114649681529,0.7626628075253257
mn_cu,na_mn,na_ti,nd_ba,0.8726114649681529,0.7626628075253257
mn_cu,ba_cu,mn_ca,ba_mn,0.8853503184713376,0.7626628075253257
ba_cu,na_ca,nd_ca,nd_na,0.8535031847133758,0.7626628075253257
ba_cu,na_ca,nd_ca,na_ba,0.8535031847133758,0.7626628075253257
ti_mn,ba_ti,na_ba,nd_ba,0.8789808917197452,0.7626628075253257
ti_mn,ba_ti,na_ti,nd_ba,0.8789808917197452,0.7626628075253257
ca_cu,mn_cu,ba_mn,nd_ba,0.8662420382165605,0.7626628075253257
ca_cu,nd_cu,ba_ca,ba_mn,0.8853503184713376,0.7626628075253257
ca_cu,ba_cu,ba_mn,na_mn,0.8853503184713376,0.7626628075253257
ba_cu,ti_ca,ba_ti,nd_ti,0.8662420382165605,0.7626628075253257
nd_ca,na_mn,nd_ti,nd_na,0.8535031847133758,0.7626628075253257
ti_cu,ba_ca,ti_mn,na_mn,0.8853503184713376,0.7626628075253257
ti_cu,ba_ca,nd_mn,na_ba,0.8726114649681529,0.7626628075253257
nd_cu,mn_ca,nd_ca,nd_ba,0.8726114649681529,0.7626628075253257
nd_cu,mn_ca,nd_ca,na_ba,0.8598726114649682,0.7626628075253257
na_cu,nd_ca,ba_ti,nd_na,0.8471337579617835,0.7626628075253257
na_cu,ti_mn,na_mn,nd_ba,0.8789808917197452,0.7626628075253257
na_cu,ti_mn,na_mn,ba_ti,0.8853503184713376,0.7626628075253257
ca_cu,na_cu,ba_ti,na_ba,0.8853503184713376,0.7626628075253257
mn_cu,ti_mn,ba_mn,nd_na,0.8726114649681529,0.7626628075253257
ca_cu,ba_cu,nd_mn,na_ti,0.8789808917197452,0.7626628075253257
nd_ca,ti_mn,ba_ti,nd_ba,0.8726114649681529,0.7626628075253257
ca_cu,ti_mn,nd_ti,nd_ba,0.8662420382165605,0.7626628075253257
ba_ca,ti_mn,nd_ti,nd_na,0.8598726114649682,0.7626628075253257
ba_ca,ti_mn,na_ti,nd_ti,0.8789808917197452,0.7626628075253257
mn_cu,ti_cu,mn_ca,na_mn,0.8598726114649682,0.7626628075253257
mn_cu,ti_cu,mn_ca,ti_mn,0.8598726114649682,0.7626628075253257
mn_cu,ti_cu,mn_ca,na_ca,0.8726114649681529,0.7626628075253257
mn_ca,ba_mn,na_ba,nd_na,0.8726114649681529,0.7626628075253257
mn_ca,ba_mn,na_ba,nd_ba,0.8726114649681529,0.7626628075253257
mn_ca,ba_mn,na_ti,nd_na,0.8853503184713376,0.7626628075253257
na_cu,nd_ca,ba_ti,na_ti,0.8662420382165605,0.7626628075253257
na_cu,nd_ca,nd_mn,nd_ba,0.8662420382165605,0.7626628075253257
na_cu,nd_ca,nd_mn,na_ba,0.8535031847133758,0.7626628075253257
na_cu,nd_ca,na_mn,nd_mn,0.8662420382165605,0.7626628075253257
ca_cu,ti_ca,ba_ca,na_ca,0.8726114649681529,0.7626628075253257
nd_ca,na_mn,na_ba,nd_ba,0.8662420382165605,0.7626628075253257
ti_cu,ba_ca,nd_ti,nd_ba,0.8726114649681529,0.7626628075253257
ti_cu,ba_ca,nd_ti,na_ba,0.8726114649681529,0.7626628075253257
ca_cu,ti_cu,ba_mn,na_ba,0.8662420382165605,0.7626628075253257
ca_cu,ti_cu,ba_mn,na_ti,0.8726114649681529,0.7626628075253257
mn_cu,nd_cu,mn_ca,ba_mn,0.8789808917197452,0.7626628075253257
nd_cu,mn_ca,na_mn,ba_ti,0.8789808917197452,0.7626628075253257
mn_cu,na_cu,nd_mn,nd_ti,0.8726114649681529,0.7626628075253257
ti_cu,ba_ca,na_mn,na_ti,0.8980891719745223,0.7626628075253257
mn_cu,nd_ti,na_ba,nd_ba,0.8662420382165605,0.7626628075253257
ba_cu,ti_ca,nd_ca,ba_mn,0.8726114649681529,0.7626628075253257
ba_cu,ti_ca,ba_mn,na_ba,0.8662420382165605,0.7626628075253257
ba_cu,ti_ca,ba_mn,nd_mn,0.8726114649681529,0.7626628075253257
nd_ca,ti_mn,nd_ti,na_ba,0.8598726114649682,0.7626628075253257
ba_cu,na_ca,ba_mn,nd_na,0.8598726114649682,0.7626628075253257
ba_cu,na_ca,nd_ti,nd_ba,0.8662420382165605,0.7626628075253257
mn_cu,na_cu,ba_ca,ti_mn,0.89171974522293,0.7626628075253257
mn_cu,na_cu,na_ba,nd_na,0.8726114649681529,0.7626628075253257
mn_cu,nd_cu,ti_ca,na_ca,0.8662420382165605,0.7626628075253257
mn_ca,ti_mn,na_ti,nd_ti,0.8726114649681529,0.7626628075253257
ti_cu,mn_ca,na_ti,nd_na,0.8789808917197452,0.7626628075253257
mn_ca,ba_mn,nd_mn,nd_na,0.8662420382165605,0.7626628075253257
ti_cu,ti_ca,nd_ca,na_ba,0.8726114649681529,0.7626628075253257
ti_cu,ti_ca,nd_ca,nd_mn,0.8853503184713376,0.7626628075253257
ca_cu,mn_cu,na_mn,nd_ba,0.89171974522293,0.7626628075253257
ba_ca,nd_mn,na_ba,nd_ba,0.8789808917197452,0.7626628075253257
ba_ca,nd_mn,na_ti,nd_ti,0.8726114649681529,0.7626628075253257
ti_cu,ba_cu,na_cu,mn_ca,0.8789808917197452,0.7626628075253257
mn_cu,na_ba,nd_ba,nd_na,0.8662420382165605,0.7626628075253257
ti_ca,na_ca,na_ti,na_ba,0.8662420382165605,0.7626628075253257
ti_ca,na_ca,ba_ti,na_ba,0.8662420382165605,0.7626628075253257
mn_cu,ti_mn,na_mn,na_ti,0.8662420382165605,0.7626628075253257
ba_cu,nd_ca,ti_mn,nd_mn,0.8789808917197452,0.7626628075253257
ba_cu,nd_ca,ti_mn,ba_mn,0.8662420382165605,0.7626628075253257
mn_ca,ti_mn,ba_ti,nd_ba,0.8726114649681529,0.7626628075253257
mn_ca,ti_mn,nd_mn,nd_na,0.8853503184713376,0.7626628075253257
ti_cu,na_ca,ba_mn,ba_ti,0.8853503184713376,0.7626628075253257
na_cu,na_ca,ti_mn,na_ti,0.8789808917197452,0.7626628075253257
na_cu,na_ca,na_mn,na_ti,0.8726114649681529,0.7626628075253257
ti_ca,na_mn,nd_mn,nd_ba,0.8662420382165605,0.7626628075253257
mn_cu,na_cu,ba_ca,ba_ti,0.8789808917197452,0.7626628075253257
nd_cu,nd_mn,na_ti,nd_ba,0.8662420382165605,0.7626628075253257
ba_ca,nd_ca,ti_mn,nd_ba,0.8789808917197452,0.7626628075253257
mn_cu,nd_ca,ti_mn,na_ti,0.8853503184713376,0.7626628075253257
ba_cu,ti_ca,nd_ca,ba_ti,0.8789808917197452,0.7626628075253257
ca_cu,mn_cu,nd_mn,nd_ba,0.8726114649681529,0.7626628075253257
ba_cu,ti_mn,ba_mn,nd_mn,0.8598726114649682,0.7626628075253257
mn_ca,na_mn,ba_ti,nd_ba,0.8789808917197452,0.7626628075253257
ti_cu,na_ca,na_mn,nd_na,0.8853503184713376,0.7626628075253257
mn_ca,na_mn,na_ba,nd_na,0.8789808917197452,0.7626628075253257
ca_cu,mn_cu,na_cu,na_ba,0.8853503184713376,0.7626628075253257
na_cu,na_ca,ba_mn,na_mn,0.8726114649681529,0.7626628075253257
ba_ca,na_ca,nd_ca,ba_ti,0.8726114649681529,0.7626628075253257
mn_cu,nd_cu,ba_ca,ti_mn,0.8726114649681529,0.7626628075253257
mn_cu,nd_cu,ti_ca,nd_ba,0.8662420382165605,0.7626628075253257
mn_cu,nd_cu,na_ca,nd_ti,0.8535031847133758,0.7626628075253257
ba_cu,nd_ca,na_ti,nd_na,0.8598726114649682,0.7626628075253257
nd_cu,nd_mn,ba_ti,na_ti,0.8789808917197452,0.7626628075253257
ti_cu,ba_cu,na_cu,ti_mn,0.8726114649681529,0.7626628075253257
ti_cu,ba_cu,mn_ca,nd_ca,0.8726114649681529,0.7626628075253257
ti_cu,ba_cu,nd_cu,nd_ba,0.8726114649681529,0.7626628075253257
nd_cu,ba_mn,na_ba,nd_ba,0.8853503184713376,0.7626628075253257
ca_cu,mn_ca,na_ca,nd_mn,0.8726114649681529,0.7626628075253257
mn_cu,na_ca,na_mn,nd_ba,0.8662420382165605,0.7626628075253257
mn_cu,ba_cu,ti_mn,ba_ti,0.8726114649681529,0.7626628075253257
mn_cu,ba_cu,ti_mn,nd_mn,0.8662420382165605,0.7626628075253257
na_ca,ba_mn,na_ba,nd_ba,0.8789808917197452,0.7626628075253257
na_ca,ba_mn,nd_ti,nd_ba,0.8535031847133758,0.7626628075253257
ca_cu,nd_cu,ti_ca,nd_na,0.89171974522293,0.7626628075253257
na_ca,na_mn,nd_ti,nd_ba,0.8662420382165605,0.7626628075253257
ba_ca,ba_mn,na_mn,nd_mn,0.8853503184713376,0.7626628075253257
mn_ca,na_mn,nd_ti,nd_ba,0.8789808917197452,0.7626628075253257
ba_ca,na_mn,na_ba,nd_na,0.8853503184713376,0.7626628075253257
ba_cu,mn_ca,nd_mn,na_ba,0.8726114649681529,0.7626628075253257
ba_ca,na_ti,nd_ba,nd_na,0.8789808917197452,0.7626628075253257
ca_cu,ba_cu,nd_ti,nd_na,0.8789808917197452,0.7626628075253257
ti_mn,nd_mn,nd_ba,nd_na,0.8789808917197452,0.7626628075253257
mn_ca,ti_ca,nd_ca,nd_mn,0.8789808917197452,0.7626628075253257
mn_ca,ti_ca,nd_ca,na_mn,0.8535031847133758,0.7626628075253257
ca_cu,na_mn,na_ti,nd_ba,0.8726114649681529,0.7626628075253257
ca_cu,na_mn,ba_ti,nd_na,0.89171974522293,0.7626628075253257
ca_cu,ba_cu,ti_mn,ba_mn,0.8789808917197452,0.7626628075253257
ca_cu,ba_cu,nd_ca,nd_mn,0.8789808917197452,0.7626628075253257
na_ca,ti_mn,nd_mn,nd_na,0.8853503184713376,0.7626628075253257
ca_cu,ti_cu,nd_mn,na_ti,0.8726114649681529,0.7626628075253257
ti_cu,mn_ca,ti_ca,nd_ba,0.8853503184713376,0.7626628075253257
na_cu,ba_ca,na_mn,na_ba,0.8789808917197452,0.7626628075253257
na_cu,na_ca,nd_ca,nd_ti,0.8662420382165605,0.7626628075253257
na_cu,na_ca,nd_ca,nd_mn,0.8789808917197452,0.7626628075253257
na_cu,ba_ca,na_ba,nd_ba,0.89171974522293,0.7626628075253257
mn_cu,nd_cu,ba_ca,na_ba,0.8853503184713376,0.7626628075253257
mn_cu,nd_cu,ti_mn,na_ti,0.8662420382165605,0.7626628075253257
mn_cu,nd_cu,ti_mn,na_mn,0.8726114649681529,0.7626628075253257
ti_cu,ba_cu,ba_ca,nd_ti,0.8662420382165605,0.7626628075253257
ca_cu,na_cu,ba_mn,nd_na,0.8853503184713376,0.7626628075253257
ba_cu,mn_ca,ti_mn,nd_na,0.8853503184713376,0.7626628075253257
mn_ca,ti_ca,ti_mn,nd_mn,0.8662420382165605,0.7626628075253257
ca_cu,ti_cu,ba_cu,mn_ca,0.8726114649681529,0.7626628075253257
ca_cu,mn_cu,na_ca,na_mn,0.8853503184713376,0.7626628075253257
ba_cu,ba_mn,nd_mn,ba_ti,0.8662420382165605,0.7626628075253257
mn_cu,nd_cu,ti_mn,nd_na,0.8726114649681529,0.7626628075253257
ca_cu,ti_ca,na_ca,na_ti,0.8789808917197452,0.7626628075253257
ca_cu,ti_ca,na_ca,ba_ti,0.8726114649681529,0.7626628075253257
ca_cu,ti_cu,nd_mn,nd_ti,0.8789808917197452,0.7626628075253257
na_ca,ba_mn,na_mn,ba_ti,0.8726114649681529,0.7626628075253257
na_ca,ba_mn,na_mn,nd_mn,0.8726114649681529,0.7626628075253257
ti_cu,nd_ca,na_mn,na_ti,0.8980891719745223,0.7626628075253257
ti_cu,nd_ca,ba_mn,ba_ti,0.8662420382165605,0.7626628075253257
ti_cu,nd_ca,na_ti,nd_ba,0.8853503184713376,0.7626628075253257
ti_cu,nd_ca,nd_mn,nd_ba,0.8789808917197452,0.7626628075253257
nd_cu,ti_mn,nd_ba,nd_na,0.8726114649681529,0.7626628075253257
nd_cu,ti_mn,nd_mn,nd_ba,0.89171974522293,0.7626628075253257
ba_cu,ba_mn,nd_ti,nd_na,0.8726114649681529,0.7626628075253257
ba_cu,ba_mn,nd_ti,nd_ba,0.8726114649681529,0.7626628075253257
ba_cu,mn_ca,nd_ca,ba_mn,0.8662420382165605,0.7626628075253257
ti_mn,na_mn,na_ba,nd_na,0.8853503184713376,0.7626628075253257
ca_cu,nd_mn,na_ba,nd_na,0.8726114649681529,0.7626628075253257
nd_ca,nd_mn,na_ti,nd_ti,0.8662420382165605,0.7626628075253257
ca_cu,ti_cu,nd_ca,ti_mn,0.8853503184713376,0.7626628075253257
mn_ca,ba_ti,na_ti,nd_ba,0.8726114649681529,0.7626628075253257
mn_ca,ba_ti,na_ti,nd_ti,0.8789808917197452,0.7626628075253257
ca_cu,na_cu,na_ca,ba_ti,0.8789808917197452,0.7626628075253257
nd_cu,ti_ca,ba_ca,nd_ti,0.8726114649681529,0.7626628075253257
na_cu,ba_ca,ba_mn,nd_ti,0.8789808917197452,0.7626628075253257
mn_cu,nd_cu,na_mn,nd_ba,0.8598726114649682,0.7626628075253257
mn_cu,ba_cu,na_cu,nd_ba,0.8726114649681529,0.7626628075253257
ba_cu,ba_mn,na_ti,nd_na,0.8789808917197452,0.7626628075253257
ba_cu,ba_mn,na_ti,nd_ba,0.8662420382165605,0.7626628075253257
nd_cu,ti_mn,ba_mn,na_ba,0.8662420382165605,0.7626628075253257
mn_cu,na_ca,nd_ca,nd_mn,0.8662420382165605,0.7626628075253257
ti_cu,ba_cu,nd_mn,ba_ti,0.8726114649681529,0.7626628075253257
ti_cu,ti_mn,ba_mn,nd_ti,0.8789808917197452,0.7626628075253257
ba_ca,ba_mn,nd_mn,nd_ba,0.8726114649681529,0.7626628075253257
ba_ca,ba_mn,nd_mn,ba_ti,0.8789808917197452,0.7626628075253257
na_cu,ba_ca,nd_ca,na_ba,0.8662420382165605,0.7626628075253257
na_cu,ba_ca,nd_ca,ba_ti,0.8662420382165605,0.7626628075253257
nd_cu,ti_ca,na_ca,nd_ca,0.8726114649681529,0.7626628075253257
ti_cu,ba_cu,na_mn,nd_ba,0.8789808917197452,0.7626628075253257
ti_mn,nd_mn,ba_ti,nd_na,0.8598726114649682,0.7626628075253257
nd_cu,nd_ca,nd_mn,na_ba,0.8662420382165605,0.7626628075253257
nd_cu,nd_ca,nd_mn,nd_ti,0.8853503184713376,0.7626628075253257
ba_cu,nd_mn,na_ti,na_ba,0.8789808917197452,0.7626628075253257
ba_cu,nd_mn,ba_ti,nd_ti,0.8789808917197452,0.7626628075253257
ba_cu,ba_ti,nd_ti,na_ba,0.8726114649681529,0.7626628075253257
nd_cu,ti_ca,nd_ca,nd_ti,0.8726114649681529,0.7626628075253257
nd_cu,ti_ca,nd_ca,nd_mn,0.8853503184713376,0.7626628075253257
nd_cu,ti_ca,na_ca,na_ti,0.8726114649681529,0.7626628075253257
mn_cu,ti_cu,nd_cu,na_mn,0.8726114649681529,0.7626628075253257
mn_ca,nd_ca,na_ti,nd_na,0.8726114649681529,0.7626628075253257
ti_cu,nd_cu,nd_mn,nd_na,0.8789808917197452,0.7626628075253257
mn_ca,ba_ti,na_ba,nd_ba,0.8853503184713376,0.7626628075253257
ca_cu,mn_ca,nd_ti,nd_na,0.8726114649681529,0.7626628075253257
ti_cu,ti_mn,ba_mn,na_ba,0.8789808917197452,0.7626628075253257
ba_cu,ba_ti,na_ti,nd_na,0.8726114649681529,0.7626628075253257
ca_cu,ba_ca,na_ca,na_ba,0.8853503184713376,0.7626628075253257
ca_cu,ba_ca,na_ca,na_ti,0.8726114649681529,0.7626628075253257
mn_cu,na_ca,ti_mn,na_mn,0.8789808917197452,0.7626628075253257
ti_cu,ba_cu,ba_mn,nd_ba,0.8726114649681529,0.7626628075253257
ti_ca,ba_ca,na_mn,nd_ti,0.8789808917197452,0.7626628075253257
ti_ca,ba_ca,na_mn,na_ti,0.89171974522293,0.7626628075253257
ti_cu,ba_mn,na_ti,nd_ba,0.8726114649681529,0.7626628075253257
ti_cu,ba_mn,na_ti,nd_ti,0.8853503184713376,0.7626628075253257
ca_cu,na_cu,mn_ca,nd_ti,0.8726114649681529,0.7626628075253257
ca_cu,na_cu,mn_ca,na_ti,0.8726114649681529,0.7626628075253257
na_cu,ti_ca,na_mn,na_ti,0.8789808917197452,0.7626628075253257
na_cu,ti_ca,ba_mn,na_ti,0.8726114649681529,0.7626628075253257
na_cu,ti_ca,ti_mn,nd_na,0.9044585987261148,0.7626628075253257
mn_cu,mn_ca,ba_ca,na_ca,0.8853503184713376,0.7626628075253257
mn_cu,mn_ca,ti_ca,na_ba,0.8789808917197452,0.7626628075253257
ba_ca,na_ca,ba_mn,nd_ba,0.8726114649681529,0.7626628075253257
ba_ca,na_ca,ti_mn,na_mn,0.8726114649681529,0.7626628075253257
ca_cu,ti_cu,na_cu,nd_ca,0.8789808917197452,0.7626628075253257
mn_ca,ti_ca,nd_mn,nd_na,0.8662420382165605,0.7626628075253257
ba_cu,nd_cu,nd_mn,na_ba,0.8662420382165605,0.7626628075253257
ba_cu,nd_cu,nd_mn,na_ti,0.8789808917197452,0.7626628075253257
na_cu,nd_cu,mn_ca,na_ba,0.8598726114649682,0.7626628075253257
nd_cu,na_ca,na_mn,nd_ba,0.8726114649681529,0.7626628075253257
na_cu,nd_cu,ba_ca,na_ti,0.8853503184713376,0.7626628075253257
ca_cu,na_ca,na_mn,na_ba,0.8726114649681529,0.7626628075253257
ca_cu,na_ca,na_mn,na_ti,0.8726114649681529,0.7626628075253257
ti_ca,ti_mn,na_mn,na_ti,0.8726114649681529,0.7626628075253257
mn_ca,nd_ca,nd_mn,na_ba,0.8598726114649682,0.7626628075253257
mn_ca,nd_ca,na_mn,na_ti,0.8726114649681529,0.7626628075253257
mn_cu,ti_cu,ba_cu,na_mn,0.8789808917197452,0.7626628075253257
ca_cu,nd_cu,mn_ca,ba_ti,0.8726114649681529,0.7626628075253257
ca_cu,nd_cu,mn_ca,na_mn,0.89171974522293,0.7626628075253257
ca_cu,nd_cu,mn_ca,ba_mn,0.8789808917197452,0.7626628075253257
mn_cu,ti_cu,na_ca,na_ti,0.8662420382165605,0.7626628075253257
mn_cu,ti_cu,ba_mn,na_mn,0.8853503184713376,0.7626628075253257
na_cu,nd_cu,nd_ca,ti_mn,0.8726114649681529,0.7626628075253257
ca_cu,na_cu,nd_cu,nd_ti,0.8662420382165605,0.7626628075253257
mn_ca,ti_ca,nd_ti,na_ba,0.8789808917197452,0.7626628075253257
mn_ca,ti_ca,ba_ti,nd_ti,0.8853503184713376,0.7626628075253257
ca_cu,ti_cu,nd_cu,na_ca,0.8853503184713376,0.7626628075253257
ti_ca,ba_ca,ba_ti,nd_ti,0.8726114649681529,0.7626628075253257
ti_ca,ba_ca,nd_mn,nd_na,0.8726114649681529,0.7626628075253257
ca_cu,na_cu,ba_ca,nd_ca,0.8726114649681529,0.7626628075253257
mn_cu,mn_ca,ti_mn,na_ti,0.8662420382165605,0.7626628075253257
mn_cu,mn_ca,ti_mn,ba_mn,0.8662420382165605,0.7626628075253257
ba_mn,nd_ti,nd_ba,nd_na,0.8789808917197452,0.7626628075253257
ba_mn,nd_mn,nd_ti,nd_ba,0.8535031847133758,0.7626628075253257
na_cu,ti_ca,nd_ca,nd_ba,0.8726114649681529,0.7626628075253257
ba_ca,ba_mn,ba_ti,na_ba,0.8726114649681529,0.7626628075253257
ti_cu,nd_mn,na_ti,nd_ti,0.8726114649681529,0.7626628075253257
nd_cu,ti_ca,ba_mn,na_ba,0.8853503184713376,0.7626628075253257
ba_cu,nd_cu,nd_ca,nd_mn,0.8726114649681529,0.7626628075253257
ba_cu,nd_cu,na_ca,nd_na,0.8789808917197452,0.7626628075253257
mn_ca,ba_ca,na_ca,nd_mn,0.8789808917197452,0.7626628075253257
nd_cu,na_ca,ti_mn,nd_mn,0.8726114649681529,0.7626628075253257
nd_cu,na_ca,ti_mn,ba_mn,0.8789808917197452,0.7626628075253257
nd_cu,na_ca,nd_ca,nd_ba,0.8726114649681529,0.7626628075253257
nd_cu,na_ca,nd_ca,nd_mn,0.8726114649681529,0.7626628075253257
na_cu,nd_cu,ti_mn,na_mn,0.89171974522293,0.7626628075253257
nd_cu,ba_ca,nd_ba,nd_na,0.8789808917197452,0.7626628075253257
ca_cu,ba_cu,nd_cu,ba_ti,0.8726114649681529,0.7626628075253257
ti_cu,nd_mn,nd_ti,nd_na,0.8662420382165605,0.7626628075253257
ti_cu,nd_cu,ti_ca,nd_ba,0.8726114649681529,0.7626628075253257
ca_cu,ti_ca,nd_ti,nd_ba,0.8789808917197452,0.7626628075253257
nd_cu,ti_ca,ba_mn,nd_ba,0.8726114649681529,0.7626628075253257
na_cu,ti_ca,na_ca,na_ba,0.8853503184713376,0.7626628075253257
na_cu,ti_ca,na_ca,ti_mn,0.89171974522293,0.7626628075253257
na_cu,ti_ca,ba_ca,nd_na,0.8789808917197452,0.7626628075253257
na_cu,ti_ca,ba_ca,nd_ba,0.8789808917197452,0.7626628075253257
ca_cu,na_cu,ba_ca,na_mn,0.8980891719745223,0.7626628075253257
nd_ca,ba_ti,nd_ti,nd_na,0.8662420382165605,0.7626628075253257
ca_cu,ti_cu,ba_ca,na_ba,0.8789808917197452,0.7626628075253257
nd_ca,ba_ti,na_ti,nd_na,0.8598726114649682,0.7626628075253257
ba_cu,na_cu,nd_cu,mn_ca,0.8789808917197452,0.7626628075253257
ba_ca,na_ca,nd_mn,na_ti,0.8726114649681529,0.7626628075253257
mn_cu,mn_ca,na_mn,nd_na,0.8853503184713376,0.7626628075253257
ti_ca,ba_ca,na_ca,na_ti,0.8789808917197452,0.7626628075253257
ti_cu,na_cu,ti_ca,nd_ba,0.8853503184713376,0.7626628075253257
ti_cu,na_cu,ti_ca,na_ca,0.8789808917197452,0.7626628075253257
ti_cu,na_cu,mn_ca,nd_na,0.8726114649681529,0.7626628075253257
nd_ca,ba_mn,na_ba,nd_na,0.8535031847133758,0.7626628075253257
ca_cu,ti_mn,ba_mn,nd_mn,0.8535031847133758,0.7626628075253257
ca_cu,nd_ca,na_ti,nd_na,0.8662420382165605,0.7626628075253257
ca_cu,nd_ca,na_ti,nd_ba,0.8726114649681529,0.7626628075253257
ca_cu,ti_ca,nd_ca,nd_ti,0.8726114649681529,0.7626628075253257
ba_cu,nd_cu,mn_ca,ti_ca,0.8853503184713376,0.7626628075253257
ca_cu,ba_ca,ba_ti,na_ba,0.8726114649681529,0.7626628075253257
ca_cu,ba_ca,ba_ti,na_ti,0.8726114649681529,0.7626628075253257
mn_ca,ba_ca,nd_ca,na_ba,0.8598726114649682,0.7626628075253257
ti_ca,ba_ca,ba_mn,na_mn,0.89171974522293,0.7626628075253257
ti_cu,na_cu,ba_ca,nd_ti,0.8726114649681529,0.7626628075253257
ti_cu,na_cu,ba_ca,na_mn,0.89171974522293,0.7626628075253257
ti_cu,na_cu,nd_ca,nd_na,0.8726114649681529,0.7626628075253257
ca_cu,ba_ca,nd_ca,nd_ti,0.8789808917197452,0.7626628075253257
mn_ca,na_ca,nd_mn,ba_ti,0.8789808917197452,0.7626628075253257
mn_ca,na_ca,ba_mn,nd_mn,0.8789808917197452,0.7626628075253257
ba_cu,na_cu,ti_ca,na_mn,0.8789808917197452,0.7626628075253257
mn_cu,ti_cu,na_mn,nd_ti,0.8853503184713376,0.7626628075253257
ba_ca,ti_mn,nd_mn,na_ba,0.8662420382165605,0.7626628075253257
ti_cu,nd_cu,na_ca,nd_na,0.8853503184713376,0.7626628075253257
ti_cu,nd_cu,na_ca,ba_mn,0.8853503184713376,0.7626628075253257
na_cu,mn_ca,ba_ti,na_ba,0.8662420382165605,0.7626628075253257
na_cu,mn_ca,nd_mn,ba_ti,0.8853503184713376,0.7626628075253257
ti_cu,nd_cu,mn_ca,nd_ti,0.8598726114649682,0.7626628075253257
ti_cu,nd_cu,ba_ca,na_ca,0.8853503184713376,0.7626628075253257
ca_cu,ti_cu,mn_ca,ba_mn,0.8662420382165605,0.7626628075253257
mn_cu,mn_ca,na_ti,nd_na,0.8853503184713376,0.7626628075253257
nd_cu,ti_ca,nd_ti,na_ba,0.8789808917197452,0.7626628075253257
na_cu,ti_ca,ba_ca,ba_ti,0.8662420382165605,0.7626628075253257
na_cu,mn_ca,nd_ti,na_ba,0.8726114649681529,0.7626628075253257
mn_ca,ba_ca,ti_mn,nd_na,0.89171974522293,0.7626628075253257
ca_cu,ba_cu,ti_ca,ti_mn,0.8853503184713376,0.7626628075253257
nd_cu,ba_ca,nd_mn,nd_ti,0.8853503184713376,0.7626628075253257
nd_cu,ba_ca,ba_mn,nd_ti,0.8853503184713376,0.7626628075253257
na_cu,mn_ca,ti_ca,na_ca,0.8726114649681529,0.7626628075253257
na_cu,nd_cu,nd_ti,nd_ba,0.8789808917197452,0.7626628075253257
mn_cu,ti_ca,ba_ti,nd_na,0.8726114649681529,0.7626628075253257
mn_cu,ti_ca,ba_ti,nd_ba,0.8726114649681529,0.7626628075253257
ba_ca,ba_mn,na_ba,nd_ba,0.8789808917197452,0.7626628075253257
ca_cu,na_ti,nd_ba,nd_na,0.8789808917197452,0.7626628075253257
ca_cu,na_cu,ti_ca,ba_ca,0.8789808917197452,0.7626628075253257
mn_cu,ti_ca,na_ca,nd_na,0.8662420382165605,0.7626628075253257
mn_cu,ti_ca,na_ca,na_ba,0.8662420382165605,0.7626628075253257
na_cu,mn_ca,nd_ca,nd_ba,0.8789808917197452,0.7626628075253257
na_cu,mn_ca,nd_ca,na_mn,0.8726114649681529,0.7626628075253257
na_cu,mn_ca,ba_mn,ba_ti,0.8598726114649682,0.7626628075253257
ca_cu,mn_ca,ba_mn,ba_ti,0.8726114649681529,0.7626628075253257
ti_ca,ba_ca,ba_mn,na_ti,0.8662420382165605,0.7626628075253257
na_cu,nd_cu,na_ti,na_ba,0.8789808917197452,0.7626628075253257
na_cu,nd_cu,ba_ti,na_ba,0.8789808917197452,0.7626628075253257
mn_ca,ba_ca,nd_mn,ba_ti,0.8726114649681529,0.7626628075253257
mn_ca,ba_ca,na_mn,nd_na,0.89171974522293,0.7626628075253257
ba_cu,na_cu,na_ti,nd_ba,0.8853503184713376,0.7626628075253257
ba_cu,na_cu,nd_mn,ba_ti,0.8598726114649682,0.7626628075253257
ca_cu,na_cu,na_mn,nd_ti,0.8853503184713376,0.7626628075253257
na_cu,mn_ca,ti_ca,nd_ba,0.8853503184713376,0.7626628075253257
na_cu,mn_ca,ti_ca,na_ba,0.8789808917197452,0.7626628075253257
na_ca,ba_ti,na_ti,nd_na,0.8726114649681529,0.7626628075253257
ti_cu,na_cu,na_mn,nd_mn,0.8853503184713376,0.7626628075253257
ti_ca,ba_ca,ti_mn,na_mn,0.8980891719745223,0.7626628075253257
nd_ca,na_mn,nd_mn,na_ba,0.8598726114649682,0.7626628075253257
ba_cu,na_cu,nd_ca,ti_mn,0.8853503184713376,0.7626628075253257
ba_cu,na_cu,nd_ca,nd_na,0.8535031847133758,0.7626628075253257
ba_cu,na_cu,nd_ca,ba_ti,0.8662420382165605,0.7626628075253257
mn_cu,ti_cu,ti_mn,ba_mn,0.8789808917197452,0.7626628075253257
mn_cu,ti_cu,na_mn,nd_na,0.8980891719745223,0.7626628075253257
na_cu,mn_ca,na_ca,ba_ti,0.8789808917197452,0.7626628075253257
na_cu,mn_ca,ba_ca,nd_ti,0.8789808917197452,0.7626628075253257
ca_cu,nd_ca,ba_mn,nd_mn,0.8789808917197452,0.7626628075253257
ca_cu,nd_ca,ti_mn,nd_ti,0.8726114649681529,0.7626628075253257
ca_cu,nd_ca,ba_ti,nd_ti,0.8789808917197452,0.7626628075253257
mn_cu,ti_ca,ba_ca,na_ti,0.8789808917197452,0.7626628075253257
mn_cu,ti_cu,ti_ca,nd_mn,0.8789808917197452,0.7626628075253257
nd_cu,mn_ca,ba_ca,nd_ca,0.8662420382165605,0.7626628075253257
na_cu,na_mn,nd_mn,nd_ti,0.8726114649681529,0.7626628075253257
na_cu,nd_mn,nd_ba,nd_na,0.8662420382165605,0.7626628075253257
nd_mn,nd_ti,nd_ba,nd_na,0.8726114649681529,0.7626628075253257
ca_cu,mn_cu,ba_cu,na_ba,0.8853503184713376,0.7626628075253257
nd_mn,na_ti,nd_ba,nd_na,0.8789808917197452,0.7626628075253257
mn_cu,na_mn,na_ti,nd_ti,0.89171974522293,0.7626628075253257
ba_cu,ba_ca,ba_mn,nd_mn,0.8662420382165605,0.7626628075253257
ba_cu,ba_ca,ba_ti,nd_ba,0.8726114649681529,0.7626628075253257
ti_ca,na_ca,nd_mn,nd_ti,0.8662420382165605,0.7626628075253257
ti_ca,na_ca,na_mn,nd_ti,0.8535031847133758,0.7626628075253257
mn_cu,ba_mn,nd_ti,na_ba,0.8853503184713376,0.7626628075253257
mn_cu,ba_mn,na_ti,nd_ti,0.8853503184713376,0.7626628075253257
mn_cu,ba_mn,nd_mn,na_ti,0.8789808917197452,0.7626628075253257
mn_cu,ba_cu,na_ca,ba_mn,0.8789808917197452,0.7626628075253257
mn_cu,ti_mn,nd_mn,nd_ba,0.8726114649681529,0.7626628075253257
ca_cu,mn_cu,ba_cu,ti_ca,0.8662420382165605,0.7612156295224313
ba_cu,ba_ca,nd_mn,ba_ti,0.8726114649681529,0.7612156295224313
mn_cu,ti_mn,na_ti,nd_ba,0.8789808917197452,0.7612156295224313
mn_cu,ba_mn,nd_mn,nd_ti,0.8789808917197452,0.7612156295224313
ti_ca,na_ca,ba_mn,na_ba,0.8789808917197452,0.7612156295224313
ba_cu,ba_ca,nd_mn,na_ti,0.8662420382165605,0.7612156295224313
na_cu,na_mn,nd_ba,nd_na,0.8726114649681529,0.7612156295224313
nd_mn,ba_ti,nd_ti,nd_na,0.8662420382165605,0.7612156295224313
ca_cu,mn_cu,na_cu,mn_ca,0.8789808917197452,0.7612156295224313
ba_ti,na_ti,na_ba,nd_ba,0.8789808917197452,0.7612156295224313
nd_cu,mn_ca,ba_ca,ba_mn,0.8789808917197452,0.7612156295224313
na_cu,ti_mn,ba_mn,nd_ti,0.8789808917197452,0.7612156295224313
ti_cu,ti_ca,ba_ti,na_ti,0.8726114649681529,0.7612156295224313
ti_cu,ba_ca,na_ca,na_mn,0.8853503184713376,0.7612156295224313
ti_cu,ti_ca,nd_ca,ba_mn,0.8789808917197452,0.7612156295224313
ti_cu,ti_ca,nd_ca,ti_mn,0.8662420382165605,0.7612156295224313
ca_cu,ti_ca,ba_ca,ba_ti,0.8598726114649682,0.7612156295224313
ca_cu,ti_ca,ba_ca,nd_mn,0.8789808917197452,0.7612156295224313
nd_cu,mn_ca,nd_ca,na_ti,0.8662420382165605,0.7612156295224313
nd_cu,mn_ca,na_ca,na_ba,0.8789808917197452,0.7612156295224313
ca_cu,ti_cu,na_ti,nd_ti,0.8789808917197452,0.7612156295224313
ba_cu,ba_ca,na_mn,nd_na,0.89171974522293,0.7612156295224313
nd_cu,na_ti,na_ba,nd_na,0.8789808917197452,0.7612156295224313
ba_cu,na_ca,nd_ca,ba_ti,0.8726114649681529,0.7612156295224313
mn_cu,ti_mn,ba_mn,nd_ti,0.8662420382165605,0.7612156295224313
mn_cu,ba_cu,mn_ca,ti_mn,0.8726114649681529,0.7612156295224313
mn_cu,ba_cu,ba_ca,nd_ti,0.8726114649681529,0.7612156295224313
mn_cu,ba_cu,nd_ba,nd_na,0.8662420382165605,0.7612156295224313
ba_mn,nd_mn,ba_ti,nd_na,0.8726114649681529,0.7612156295224313
ca_cu,mn_cu,ba_ca,ti_mn,0.8726114649681529,0.7612156295224313
ca_cu,mn_cu,ti_ca,nd_ba,0.8662420382165605,0.7612156295224313
na_ca,nd_ca,na_mn,ba_ti,0.8662420382165605,0.7612156295224313
na_ca,nd_ca,ba_mn,nd_na,0.8535031847133758,0.7612156295224313
ba_cu,na_cu,ba_ti,nd_ba,0.8853503184713376,0.7612156295224313
ti_cu,na_cu,na_ca,nd_ba,0.8853503184713376,0.7612156295224313
nd_cu,ba_ca,ti_mn,nd_ba,0.8789808917197452,0.7612156295224313
nd_cu,ba_ca,ti_mn,na_ti,0.8789808917197452,0.7612156295224313
na_cu,mn_ca,ba_ca,na_ca,0.8789808917197452,0.7612156295224313
ca_cu,na_cu,ti_ca,nd_ca,0.8789808917197452,0.7612156295224313
ca_cu,ba_cu,mn_ca,na_ba,0.8598726114649682,0.7612156295224313
nd_ca,na_mn,nd_mn,nd_ti,0.8598726114649682,0.7612156295224313
ca_cu,ba_ti,na_ti,nd_ba,0.8726114649681529,0.7612156295224313
ba_cu,na_cu,ba_ca,na_ba,0.8598726114649682,0.7612156295224313
ca_cu,na_ti,na_ba,nd_na,0.8853503184713376,0.7612156295224313
mn_cu,ti_ca,nd_ca,ti_mn,0.8598726114649682,0.7612156295224313
nd_cu,ba_ca,nd_ca,ti_mn,0.8853503184713376,0.7612156295224313
nd_cu,ba_ca,na_ca,nd_ba,0.8789808917197452,0.7612156295224313
nd_cu,ba_ca,na_ca,na_mn,0.8853503184713376,0.7612156295224313
na_cu,mn_ca,ti_mn,nd_mn,0.89171974522293,0.7612156295224313
ti_cu,na_cu,ti_mn,na_ti,0.8853503184713376,0.7612156295224313
ti_cu,na_cu,ba_ti,nd_ti,0.8726114649681529,0.7612156295224313
ti_cu,na_cu,ba_ti,na_ti,0.8789808917197452,0.7612156295224313
ti_mn,ba_mn,nd_ti,na_ba,0.8662420382165605,0.7612156295224313
ca_cu,ti_cu,mn_ca,ba_ca,0.8789808917197452,0.7612156295224313
ca_cu,ti_cu,mn_ca,ti_ca,0.8662420382165605,0.7612156295224313
ti_ca,ba_ca,na_mn,nd_mn,0.8853503184713376,0.7612156295224313
mn_cu,ba_ca,na_ca,na_ba,0.8789808917197452,0.7612156295224313
ca_cu,ba_cu,na_ti,nd_na,0.8853503184713376,0.7612156295224313
mn_cu,na_cu,nd_cu,ti_ca,0.8726114649681529,0.7612156295224313
mn_cu,mn_ca,nd_ti,na_ba,0.8853503184713376,0.7612156295224313
ba_cu,na_cu,mn_ca,nd_mn,0.8726114649681529,0.7612156295224313
ca_cu,ti_cu,ti_ca,na_mn,0.8662420382165605,0.7612156295224313
nd_cu,ba_ca,na_ca,nd_ca,0.8598726114649682,0.7612156295224313
nd_cu,ti_ca,na_ti,nd_na,0.8789808917197452,0.7612156295224313
na_cu,ti_ca,ba_ca,nd_mn,0.8662420382165605,0.7612156295224313
ca_cu,ti_cu,nd_cu,na_ti,0.8726114649681529,0.7612156295224313
ca_cu,ti_mn,nd_mn,ba_ti,0.8726114649681529,0.7612156295224313
nd_cu,ba_ca,nd_mn,nd_na,0.8789808917197452,0.7612156295224313
na_cu,nd_cu,nd_mn,na_ti,0.8726114649681529,0.7612156295224313
nd_cu,ba_ca,na_mn,nd_ba,0.8789808917197452,0.7612156295224313
nd_cu,ba_ca,na_mn,na_ti,0.8980891719745223,0.7612156295224313
na_cu,nd_cu,nd_ti,nd_na,0.8662420382165605,0.7612156295224313
mn_cu,ti_ca,na_ti,nd_ti,0.8726114649681529,0.7612156295224313
ca_cu,ba_ca,na_ba,nd_na,0.89171974522293,0.7612156295224313
ba_ca,ba_mn,na_ti,nd_na,0.8980891719745223,0.7612156295224313
mn_cu,ba_cu,nd_mn,nd_na,0.8726114649681529,0.7612156295224313
ca_cu,na_cu,ti_mn,ba_ti,0.89171974522293,0.7612156295224313
ca_cu,na_cu,nd_ca,nd_na,0.8662420382165605,0.7612156295224313
ca_cu,ba_cu,ti_ca,nd_ca,0.8598726114649682,0.7612156295224313
ca_cu,ti_ca,nd_ca,nd_mn,0.8853503184713376,0.7612156295224313
ca_cu,ti_ca,ba_mn,nd_na,0.89171974522293,0.7612156295224313
ba_ca,na_mn,nd_mn,nd_ti,0.8789808917197452,0.7612156295224313
ca_cu,nd_cu,ba_ti,na_ba,0.8789808917197452,0.7612156295224313
mn_ca,na_ca,nd_mn,na_ba,0.8662420382165605,0.7612156295224313
ba_cu,na_cu,nd_cu,ba_ti,0.8789808917197452,0.7612156295224313
mn_ca,na_ca,ba_mn,nd_ti,0.8662420382165605,0.7612156295224313
ba_cu,na_cu,ti_ca,nd_ca,0.8726114649681529,0.7612156295224313
ba_ca,ti_mn,ba_ti,na_ti,0.8853503184713376,0.7612156295224313
ba_ca,ti_mn,nd_mn,nd_na,0.8662420382165605,0.7612156295224313
ti_cu,nd_cu,ba_ca,nd_ba,0.8789808917197452,0.7612156295224313
na_cu,mn_ca,nd_mn,nd_na,0.8726114649681529,0.7612156295224313
ti_cu,na_ti,nd_ti,nd_ba,0.8789808917197452,0.7612156295224313
mn_cu,ba_cu,na_ba,nd_ba,0.8789808917197452,0.7612156295224313
ba_ca,na_ca,na_mn,ba_ti,0.8789808917197452,0.7612156295224313
ca_cu,mn_ca,ti_ca,nd_na,0.9044585987261148,0.7612156295224313
ca_cu,na_ca,ba_ti,nd_ti,0.8662420382165605,0.7612156295224313
mn_cu,mn_ca,na_mn,nd_mn,0.8726114649681529,0.7612156295224313
ca_cu,ba_cu,nd_cu,na_ti,0.8726114649681529,0.7612156295224313
nd_cu,ba_ca,nd_ti,nd_na,0.89171974522293,0.7612156295224313
ca_cu,na_cu,mn_ca,ti_ca,0.8726114649681529,0.7612156295224313
mn_ca,ba_ca,nd_ca,ba_ti,0.8598726114649682,0.7612156295224313
mn_ca,ba_ca,nd_ca,na_mn,0.8789808917197452,0.7612156295224313
mn_ca,ba_ca,nd_ca,ti_mn,0.8726114649681529,0.7612156295224313
ti_cu,na_cu,ti_ca,ba_ti,0.8789808917197452,0.7612156295224313
ti_cu,na_cu,ti_ca,ti_mn,0.8789808917197452,0.7612156295224313
nd_ca,ba_mn,na_ba,nd_ba,0.8598726114649682,0.7612156295224313
ba_ca,na_ca,ba_ti,nd_na,0.8789808917197452,0.7612156295224313
ba_ca,nd_ti,nd_ba,nd_na,0.8789808917197452,0.7612156295224313
ba_cu,nd_cu,nd_ca,ba_mn,0.8598726114649682,0.7612156295224313
mn_ca,ba_ca,na_ca,ti_mn,0.8789808917197452,0.7612156295224313
ca_cu,na_cu,nd_cu,ti_mn,0.89171974522293,0.7612156295224313
mn_cu,ba_ca,na_ca,ti_mn,0.8789808917197452,0.7612156295224313
mn_cu,ba_ca,ti_mn,na_ti,0.8789808917197452,0.7612156295224313
nd_cu,na_ca,nd_ca,na_ba,0.8598726114649682,0.7612156295224313
na_cu,nd_cu,ba_mn,nd_ti,0.8726114649681529,0.7612156295224313
ca_cu,ba_cu,nd_cu,nd_ca,0.8535031847133758,0.7612156295224313
ti_cu,ba_ti,nd_ti,na_ba,0.8726114649681529,0.7612156295224313
ti_cu,nd_mn,na_ba,nd_na,0.8789808917197452,0.7612156295224313
mn_cu,mn_ca,ba_mn,nd_ti,0.8789808917197452,0.7612156295224313
ti_ca,ti_mn,ba_mn,nd_mn,0.8662420382165605,0.7612156295224313
ca_cu,ti_ca,nd_ti,nd_na,0.8726114649681529,0.7612156295224313
ca_cu,ti_cu,ba_ca,na_ti,0.8726114649681529,0.7612156295224313
ti_cu,na_ti,nd_ba,nd_na,0.89171974522293,0.7612156295224313
ca_cu,ba_cu,nd_cu,ba_ca,0.8598726114649682,0.7612156295224313
na_cu,nd_cu,ba_ca,ti_mn,0.8789808917197452,0.7612156295224313
nd_cu,na_ca,ba_mn,nd_ti,0.8726114649681529,0.7612156295224313
nd_cu,na_ca,ba_mn,ba_ti,0.8789808917197452,0.7612156295224313
ca_cu,ti_cu,nd_cu,ba_ca,0.8726114649681529,0.7612156295224313
ti_cu,na_cu,mn_ca,ti_ca,0.8662420382165605,0.7612156295224313
ti_cu,na_cu,nd_cu,nd_ba,0.8789808917197452,0.7612156295224313
ca_cu,ba_ca,ba_mn,ba_ti,0.8598726114649682,0.7612156295224313
ba_cu,nd_cu,nd_ca,na_ba,0.8598726114649682,0.7612156295224313
ba_cu,nd_cu,nd_ca,nd_ti,0.8662420382165605,0.7612156295224313
ca_cu,mn_cu,mn_ca,nd_ba,0.8726114649681529,0.7612156295224313
na_cu,ti_ca,nd_ca,nd_na,0.8726114649681529,0.7612156295224313
mn_ca,nd_ca,ba_mn,nd_ba,0.8789808917197452,0.7612156295224313
mn_ca,nd_ca,ti_mn,ba_ti,0.8726114649681529,0.7612156295224313
ti_cu,nd_cu,ti_mn,ba_mn,0.8726114649681529,0.7612156295224313
na_ca,nd_ca,ti_mn,ba_mn,0.8662420382165605,0.7612156295224313
nd_cu,ti_ca,ti_mn,na_mn,0.89171974522293,0.7612156295224313
mn_cu,na_cu,nd_cu,nd_ti,0.8662420382165605,0.7612156295224313
mn_cu,na_cu,ti_ca,nd_na,0.8726114649681529,0.7612156295224313
ba_cu,nd_cu,nd_mn,nd_na,0.8662420382165605,0.7612156295224313
mn_cu,ba_ca,na_mn,nd_mn,0.8853503184713376,0.7612156295224313
ca_cu,ti_ca,ba_ti,na_ti,0.8726114649681529,0.7612156295224313
ca_cu,ti_ca,nd_mn,nd_ti,0.8789808917197452,0.7612156295224313
na_cu,nd_cu,ti_ca,nd_ba,0.89171974522293,0.7612156295224313
nd_cu,na_ca,ba_ti,na_ba,0.8789808917197452,0.7612156295224313
nd_cu,na_ca,na_mn,nd_na,0.8789808917197452,0.7612156295224313
na_cu,nd_cu,ba_ca,na_ba,0.8726114649681529,0.7612156295224313
na_cu,nd_cu,ba_ca,nd_ti,0.8853503184713376,0.7612156295224313
ca_cu,na_ca,na_mn,nd_ti,0.8662420382165605,0.7612156295224313
mn_cu,mn_ca,na_ca,ba_mn,0.8853503184713376,0.7612156295224313
mn_ca,nd_ca,nd_mn,nd_ba,0.8853503184713376,0.7612156295224313
mn_cu,ti_cu,ba_cu,ti_mn,0.8726114649681529,0.7612156295224313
ti_cu,ti_mn,na_mn,nd_na,0.8853503184713376,0.7612156295224313
mn_ca,nd_ca,ba_ti,nd_ba,0.8789808917197452,0.7612156295224313
ti_cu,nd_cu,nd_mn,na_ba,0.8789808917197452,0.7612156295224313
ti_cu,mn_ca,ba_ca,na_ba,0.8789808917197452,0.7612156295224313
ti_cu,ti_mn,na_mn,ba_ti,0.8853503184713376,0.7612156295224313
nd_cu,nd_ca,na_mn,nd_ba,0.8598726114649682,0.7612156295224313
ca_cu,ba_ca,na_ca,na_mn,0.89171974522293,0.7612156295224313
nd_cu,na_ca,nd_ti,nd_na,0.8726114649681529,0.7612156295224313
ba_cu,nd_ti,nd_ba,nd_na,0.8726114649681529,0.7612156295224313
ba_cu,nd_cu,na_ti,nd_na,0.8726114649681529,0.7612156295224313
mn_ca,ti_ca,na_mn,nd_mn,0.8662420382165605,0.7612156295224313
mn_ca,ti_ca,ba_mn,na_ti,0.8789808917197452,0.7612156295224313
ti_cu,ba_cu,na_ti,nd_ti,0.8853503184713376,0.7612156295224313
ti_cu,na_cu,mn_ca,nd_ti,0.8726114649681529,0.7612156295224313
ti_cu,ti_mn,na_ti,nd_ba,0.8789808917197452,0.7612156295224313
nd_cu,ti_ca,ti_mn,nd_ba,0.8726114649681529,0.7612156295224313
mn_cu,nd_cu,nd_ti,nd_ba,0.8598726114649682,0.7612156295224313
na_cu,ba_ca,nd_ca,nd_na,0.8407643312101911,0.7612156295224313
na_cu,ba_ca,nd_ca,na_mn,0.8726114649681529,0.7612156295224313
ca_cu,na_cu,na_ca,na_ba,0.89171974522293,0.7612156295224313
nd_ca,nd_mn,nd_ti,na_ba,0.8662420382165605,0.7612156295224313
mn_cu,ba_cu,mn_ca,nd_ca,0.8789808917197452,0.7612156295224313
ti_cu,ba_cu,nd_ca,na_ba,0.8789808917197452,0.7612156295224313
ti_cu,ba_cu,nd_ca,nd_ti,0.8662420382165605,0.7612156295224313
ti_mn,nd_mn,na_ti,na_ba,0.8662420382165605,0.7612156295224313
ca_cu,ti_cu,ba_cu,nd_ca,0.8726114649681529,0.7612156295224313
ca_cu,na_cu,nd_cu,ba_ca,0.8853503184713376,0.7612156295224313
nd_cu,nd_ca,nd_mn,nd_na,0.8598726114649682,0.7612156295224313
ba_cu,nd_mn,na_ba,nd_na,0.8662420382165605,0.7612156295224313
ba_cu,nd_mn,nd_ti,nd_ba,0.8789808917197452,0.7612156295224313
na_cu,ti_ca,nd_mn,ba_ti,0.8662420382165605,0.7612156295224313
mn_cu,mn_ca,ti_ca,na_mn,0.8789808917197452,0.7612156295224313
mn_cu,nd_cu,na_mn,na_ti,0.8789808917197452,0.7612156295224313
ca_cu,nd_mn,ba_ti,nd_na,0.8726114649681529,0.7612156295224313
ca_cu,ba_cu,ba_ca,nd_mn,0.8598726114649682,0.7612156295224313
nd_ca,ba_mn,nd_mn,nd_ba,0.8726114649681529,0.7612156295224313
mn_cu,ba_cu,na_cu,nd_ca,0.8789808917197452,0.7612156295224313
ba_cu,ba_mn,nd_ti,na_ba,0.8598726114649682,0.7612156295224313
ba_cu,ba_mn,na_ti,nd_ti,0.8726114649681529,0.7612156295224313
nd_cu,ti_mn,ba_mn,nd_mn,0.8789808917197452,0.7612156295224313
nd_cu,nd_ca,nd_ba,nd_na,0.8662420382165605,0.7612156295224313
mn_cu,na_ca,nd_ca,na_mn,0.8789808917197452,0.7612156295224313
ti_cu,na_cu,nd_cu,ba_mn,0.8853503184713376,0.7612156295224313
ti_cu,ti_mn,ba_mn,nd_mn,0.8726114649681529,0.7612156295224313
ti_cu,ti_mn,ba_mn,na_mn,0.8853503184713376,0.7612156295224313
ti_cu,nd_ca,nd_ti,nd_ba,0.8789808917197452,0.7612156295224313
ba_ca,ba_mn,nd_mn,nd_na,0.8789808917197452,0.7612156295224313
ba_ca,ba_mn,nd_mn,na_ba,0.8726114649681529,0.7612156295224313
ba_cu,ba_mn,na_mn,ba_ti,0.8662420382165605,0.7612156295224313
ba_cu,ba_mn,na_ba,nd_na,0.8789808917197452,0.7612156295224313
mn_cu,ba_cu,na_cu,ba_ca,0.8789808917197452,0.7612156295224313
ba_cu,mn_ca,ba_mn,nd_na,0.8789808917197452,0.7612156295224313
ca_cu,na_cu,ba_ti,nd_na,0.89171974522293,0.7612156295224313
ba_cu,mn_ca,ti_ca,ba_mn,0.8662420382165605,0.7612156295224313
ba_cu,mn_ca,na_ca,na_ti,0.8726114649681529,0.7612156295224313
ba_ca,na_mn,ba_ti,na_ba,0.8789808917197452,0.7612156295224313
ca_cu,nd_mn,nd_ti,na_ba,0.8726114649681529,0.7612156295224313
mn_ca,ti_mn,ba_mn,nd_ti,0.8726114649681529,0.7612156295224313
mn_cu,ti_cu,ti_mn,nd_na,0.8789808917197452,0.7612156295224313
ti_cu,mn_ca,ti_ca,na_ca,0.8598726114649682,0.7612156295224313
ti_cu,nd_cu,nd_ti,nd_na,0.8662420382165605,0.7612156295224313
nd_cu,ti_ca,ba_ca,na_mn,0.8789808917197452,0.7612156295224313
na_cu,ba_ca,ba_mn,na_mn,0.8789808917197452,0.7612156295224313
ti_ca,ba_mn,na_ti,nd_na,0.8726114649681529,0.7612156295224313
na_cu,ba_ca,nd_ti,na_ba,0.8789808917197452,0.7612156295224313
nd_cu,ba_mn,nd_mn,na_ti,0.8853503184713376,0.7612156295224313
ba_cu,ti_mn,na_ba,nd_ba,0.8662420382165605,0.7612156295224313
ba_cu,ti_mn,nd_ti,nd_na,0.8535031847133758,0.7612156295224313
ca_cu,ba_cu,na_ba,nd_ba,0.8853503184713376,0.7612156295224313
mn_cu,ba_cu,na_mn,nd_na,0.8726114649681529,0.7612156295224313
ti_ca,ba_ca,nd_ba,nd_na,0.8789808917197452,0.7612156295224313
mn_cu,ba_cu,na_mn,ba_ti,0.8789808917197452,0.7612156295224313
ba_mn,na_mn,nd_mn,nd_ba,0.8662420382165605,0.7612156295224313
ba_cu,ba_mn,ba_ti,na_ti,0.8789808917197452,0.7612156295224313
mn_cu,nd_cu,ba_mn,ba_ti,0.8789808917197452,0.7612156295224313
ti_ca,ba_mn,nd_mn,nd_ba,0.8789808917197452,0.7612156295224313
ca_cu,ti_ca,na_ca,ba_mn,0.8789808917197452,0.7612156295224313
mn_ca,ti_mn,ba_mn,nd_na,0.8853503184713376,0.7612156295224313
ti_cu,nd_ca,ba_mn,nd_ti,0.8598726114649682,0.7612156295224313
ti_cu,nd_ca,ba_ti,nd_ti,0.8726114649681529,0.7612156295224313
ca_cu,ti_mn,ba_mn,nd_na,0.8853503184713376,0.7612156295224313
ba_ca,na_ti,nd_ti,nd_na,0.8726114649681529,0.7612156295224313
mn_cu,na_ca,na_mn,nd_mn,0.8535031847133758,0.7612156295224313
mn_cu,na_ca,na_ti,nd_ti,0.8535031847133758,0.7612156295224313
mn_ca,ti_ca,nd_ca,ti_mn,0.8726114649681529,0.7612156295224313
ba_ca,nd_mn,ba_ti,na_ti,0.8662420382165605,0.7612156295224313
ba_ca,na_mn,nd_ba,nd_na,0.8853503184713376,0.7612156295224313
ca_cu,ba_cu,nd_ca,ba_ti,0.8726114649681529,0.7612156295224313
ba_ca,ba_ti,nd_ti,nd_na,0.8726114649681529,0.7612156295224313
nd_cu,ba_mn,ba_ti,na_ti,0.8789808917197452,0.7612156295224313
ca_cu,ba_cu,na_cu,na_ca,0.8853503184713376,0.7612156295224313
ti_cu,mn_ca,nd_ca,na_ti,0.8535031847133758,0.7612156295224313
ti_cu,mn_ca,na_ca,ti_mn,0.8726114649681529,0.7612156295224313
ti_ca,ba_mn,na_mn,nd_ba,0.8662420382165605,0.7612156295224313
na_cu,na_ca,nd_ca,na_mn,0.8662420382165605,0.7612156295224313
na_cu,ba_ca,nd_ba,nd_na,0.8789808917197452,0.7612156295224313
ca_cu,nd_cu,mn_ca,nd_na,0.8598726114649682,0.7612156295224313
ba_ca,ti_mn,na_ba,nd_na,0.8598726114649682,0.7612156295224313
ti_cu,mn_ca,nd_ca,na_ba,0.8662420382165605,0.7612156295224313
ti_cu,mn_ca,na_mn,ba_ti,0.89171974522293,0.7612156295224313
ti_cu,mn_ca,na_mn,nd_mn,0.8662420382165605,0.7612156295224313
ti_cu,mn_ca,ba_mn,nd_ti,0.8789808917197452,0.7612156295224313
ca_cu,ba_cu,na_ca,na_ba,0.89171974522293,0.7612156295224313
ti_cu,ba_cu,nd_cu,nd_ca,0.8726114649681529,0.7612156295224313
ti_cu,ba_cu,ti_ca,ba_mn,0.8662420382165605,0.7612156295224313
ti_cu,ba_cu,ti_ca,na_ca,0.8726114649681529,0.7612156295224313
ba_ca,na_mn,nd_ti,nd_ba,0.8789808917197452,0.7612156295224313
ba_cu,mn_ca,nd_mn,nd_na,0.8789808917197452,0.7612156295224313
ca_cu,mn_ca,ti_mn,na_ti,0.8726114649681529,0.7612156295224313
ca_cu,mn_ca,na_mn,nd_ti,0.8789808917197452,0.7612156295224313
ba_ca,nd_ca,ba_mn,nd_ba,0.8598726114649682,0.7612156295224313
ba_ca,nd_ca,ba_mn,nd_ti,0.8662420382165605,0.7612156295224313
mn_ca,nd_mn,ba_ti,nd_na,0.8789808917197452,0.7612156295224313
mn_ca,nd_mn,ba_ti,na_ba,0.8853503184713376,0.7612156295224313
ca_cu,mn_cu,na_cu,nd_na,0.8980891719745223,0.7612156295224313
na_mn,ba_ti,na_ti,nd_ba,0.8789808917197452,0.7612156295224313
mn_cu,nd_cu,ti_ca,na_ba,0.8726114649681529,0.7612156295224313
ti_cu,ti_ca,ba_ca,nd_mn,0.8726114649681529,0.7612156295224313
ti_cu,ba_cu,na_cu,ba_ti,0.8662420382165605,0.7612156295224313
ti_cu,ba_cu,na_cu,nd_mn,0.8726114649681529,0.7612156295224313
ba_cu,ti_ca,ba_ca,na_ca,0.8726114649681529,0.7612156295224313
ba_cu,mn_ca,na_ti,nd_ba,0.8662420382165605,0.7612156295224313
mn_cu,na_ca,nd_mn,nd_ti,0.8662420382165605,0.7612156295224313
mn_cu,nd_ca,ti_mn,nd_ti,0.8535031847133758,0.7612156295224313
mn_cu,nd_cu,ti_mn,ba_mn,0.8726114649681529,0.7612156295224313
mn_cu,nd_cu,nd_ca,nd_ti,0.8662420382165605,0.7612156295224313
mn_cu,nd_cu,nd_ca,ba_mn,0.8726114649681529,0.7612156295224313
na_ca,ba_mn,ba_ti,nd_na,0.8789808917197452,0.7612156295224313
ti_cu,na_ca,ba_mn,na_mn,0.89171974522293,0.7612156295224313
na_cu,na_ca,nd_mn,nd_ba,0.8789808917197452,0.7612156295224313
na_cu,na_ca,ba_mn,nd_ti,0.8598726114649682,0.7612156295224313
ti_ca,na_mn,nd_ti,nd_ba,0.8789808917197452,0.7612156295224313
mn_cu,na_cu,na_ca,nd_ca,0.8853503184713376,0.7612156295224313
mn_cu,na_ca,nd_ti,nd_ba,0.8598726114649682,0.7612156295224313
ca_cu,ti_ca,ba_mn,nd_mn,0.8789808917197452,0.7612156295224313
ba_cu,ti_ca,ti_mn,ba_mn,0.8726114649681529,0.7612156295224313
ba_cu,ti_ca,nd_ca,nd_na,0.8726114649681529,0.7612156295224313
ca_cu,mn_cu,nd_mn,nd_na,0.8726114649681529,0.7612156295224313
ca_cu,mn_cu,nd_mn,na_ba,0.8789808917197452,0.7612156295224313
mn_cu,nd_ca,ba_mn,nd_na,0.8598726114649682,0.7612156295224313
ba_cu,nd_ca,nd_mn,ba_ti,0.8789808917197452,0.7612156295224313
ba_cu,nd_ca,na_mn,nd_na,0.8598726114649682,0.7612156295224313
ba_cu,nd_ca,na_mn,nd_ti,0.8535031847133758,0.7612156295224313
mn_ca,na_mn,ba_ti,na_ti,0.8853503184713376,0.7612156295224313
na_cu,na_ca,na_ba,nd_ba,0.8853503184713376,0.7612156295224313
na_cu,na_ca,ba_ti,nd_na,0.8789808917197452,0.7612156295224313
nd_ca,nd_mn,ba_ti,nd_ti,0.8726114649681529,0.7612156295224313
ti_cu,na_ca,nd_ca,nd_ti,0.8662420382165605,0.7612156295224313
ti_cu,na_ca,nd_ca,nd_mn,0.8789808917197452,0.7612156295224313
ti_cu,na_ca,nd_ca,ti_mn,0.8662420382165605,0.7612156295224313
ti_ca,na_ca,ti_mn,na_ba,0.8789808917197452,0.7612156295224313
ti_cu,ba_cu,na_cu,nd_cu,0.8789808917197452,0.7612156295224313
mn_cu,nd_ti,nd_ba,nd_na,0.8789808917197452,0.7612156295224313
ti_ca,na_ca,ba_ti,na_ti,0.8598726114649682,0.7612156295224313
ba_cu,nd_ca,ba_mn,na_ti,0.8662420382165605,0.7612156295224313
nd_cu,nd_mn,na_ba,nd_na,0.8853503184713376,0.7612156295224313
ti_cu,ti_ca,ba_ca,nd_ca,0.8789808917197452,0.7612156295224313
mn_ca,ti_mn,ba_ti,na_ti,0.8789808917197452,0.7612156295224313
mn_ca,ti_mn,nd_mn,na_ti,0.8789808917197452,0.7612156295224313
ti_cu,na_ca,ba_mn,nd_ti,0.8726114649681529,0.7612156295224313
mn_cu,nd_cu,mn_ca,na_ti,0.8662420382165605,0.7612156295224313
ca_cu,ba_ca,na_ti,nd_na,0.89171974522293,0.7612156295224313
ca_cu,na_ca,ba_mn,nd_mn,0.8726114649681529,0.7612156295224313
ca_cu,na_ca,ti_mn,na_mn,0.8662420382165605,0.7612156295224313
mn_cu,na_cu,ba_ti,nd_ti,0.8789808917197452,0.7612156295224313
mn_cu,nd_ti,na_ba,nd_na,0.8789808917197452,0.7612156295224313
ba_cu,ti_ca,na_mn,nd_ti,0.8726114649681529,0.7612156295224313
ba_cu,ti_ca,ba_mn,na_ti,0.8726114649681529,0.7612156295224313
nd_ca,ti_mn,nd_ti,nd_ba,0.8726114649681529,0.7612156295224313
ba_cu,na_ca,ba_ti,nd_ti,0.8726114649681529,0.7612156295224313
mn_cu,nd_ca,na_ti,nd_na,0.8598726114649682,0.7612156295224313
mn_cu,nd_ca,nd_mn,ba_ti,0.8662420382165605,0.7612156295224313
ti_ca,na_ca,nd_ti,nd_na,0.8662420382165605,0.7612156295224313
ti_ca,na_ca,na_ti,nd_na,0.8726114649681529,0.7612156295224313
mn_cu,na_cu,ba_ca,ba_mn,0.8853503184713376,0.7612156295224313
na_cu,na_ca,nd_ba,nd_na,0.8853503184713376,0.7612156295224313
ba_cu,ti_ca,ba_ti,na_ti,0.8726114649681529,0.7612156295224313
ba_cu,ti_ca,nd_ti,nd_na,0.8726114649681529,0.7612156295224313
ba_ca,nd_ca,ba_ti,na_ti,0.8535031847133758,0.7612156295224313
ba_ca,nd_ca,nd_mn,nd_ti,0.8789808917197452,0.7612156295224313
ca_cu,ba_cu,na_mn,na_ba,0.8726114649681529,0.7612156295224313
nd_ca,ti_mn,nd_mn,ba_ti,0.8726114649681529,0.7612156295224313
ba_ca,ba_ti,na_ti,nd_ba,0.8726114649681529,0.7612156295224313
na_ca,na_mn,ba_ti,nd_ti,0.8726114649681529,0.7612156295224313
na_ca,na_mn,ba_ti,na_ti,0.8726114649681529,0.7612156295224313
na_ca,na_mn,nd_mn,nd_ba,0.8662420382165605,0.7612156295224313
ca_cu,nd_cu,na_ca,na_mn,0.8980891719745223,0.7612156295224313
mn_cu,na_cu,nd_mn,na_ti,0.8789808917197452,0.7612156295224313
ca_cu,nd_cu,nd_ca,na_ti,0.8726114649681529,0.7612156295224313
ca_cu,ti_cu,ba_mn,nd_ti,0.8662420382165605,0.7612156295224313
mn_cu,nd_cu,mn_ca,nd_ba,0.8789808917197452,0.7612156295224313
mn_cu,nd_cu,mn_ca,nd_ti,0.8726114649681529,0.7612156295224313
mn_cu,ba_cu,ba_ca,nd_mn,0.8789808917197452,0.7612156295224313
ba_cu,na_ca,ti_mn,na_mn,0.8662420382165605,0.7612156295224313
ca_cu,mn_cu,nd_ca,na_ti,0.8789808917197452,0.7612156295224313
mn_cu,ba_cu,mn_ca,na_ba,0.8662420382165605,0.7612156295224313
ba_cu,ba_ca,nd_ca,nd_na,0.8789808917197452,0.7612156295224313
ca_cu,mn_cu,ba_mn,nd_ti,0.8853503184713376,0.7612156295224313
ca_cu,nd_cu,ba_ca,nd_ti,0.8726114649681529,0.7612156295224313
ca_cu,ba_cu,ba_mn,na_ba,0.8789808917197452,0.7612156295224313
ti_cu,ba_ca,ti_mn,nd_ba,0.8662420382165605,0.7612156295224313
ti_cu,ba_ca,ti_mn,nd_ti,0.8662420382165605,0.7612156295224313
mn_ca,ba_mn,nd_mn,nd_ti,0.8853503184713376,0.7612156295224313
mn_ca,ba_mn,na_mn,nd_na,0.8853503184713376,0.7612156295224313
mn_cu,na_cu,nd_ca,nd_mn,0.8789808917197452,0.7612156295224313
mn_cu,na_cu,nd_ca,na_mn,0.8789808917197452,0.7612156295224313
mn_cu,na_cu,na_ca,na_ba,0.8853503184713376,0.7612156295224313
nd_cu,mn_ca,nd_ca,nd_na,0.8535031847133758,0.7612156295224313
ca_cu,ti_cu,na_ti,nd_na,0.8853503184713376,0.7612156295224313
na_cu,na_ti,nd_ti,na_ba,0.8662420382165605,0.7612156295224313
ca_cu,mn_cu,na_cu,na_ti,0.8980891719745223,0.7612156295224313
ca_cu,ba_ca,nd_ti,nd_ba,0.8662420382165605,0.7612156295224313
ca_cu,nd_cu,na_ti,nd_ba,0.8726114649681529,0.7612156295224313
na_cu,na_ba,nd_ba,nd_na,0.8853503184713376,0.7612156295224313
ca_cu,mn_ca,ti_ca,ba_ca,0.8789808917197452,0.7612156295224313
ca_cu,ti_cu,ba_ti,na_ba,0.8726114649681529,0.7612156295224313
ti_cu,ti_ca,nd_mn,ba_ti,0.8726114649681529,0.7612156295224313
ti_cu,ti_ca,ba_mn,na_ba,0.8853503184713376,0.7612156295224313
ti_cu,ti_ca,na_ti,nd_ba,0.8789808917197452,0.7612156295224313
ti_cu,ti_ca,na_ti,nd_ti,0.8853503184713376,0.7612156295224313
na_ca,nd_mn,ba_ti,na_ba,0.8726114649681529,0.7612156295224313
na_cu,ba_mn,na_mn,na_ti,0.89171974522293,0.7612156295224313
na_cu,nd_ti,nd_ba,nd_na,0.8726114649681529,0.7612156295224313
na_cu,ti_mn,ba_mn,na_ba,0.8726114649681529,0.7612156295224313
ba_cu,na_cu,nd_ca,nd_mn,0.8662420382165605,0.7612156295224313
ba_cu,na_cu,ba_ca,na_mn,0.8789808917197452,0.7612156295224313
mn_ca,ba_ca,na_ba,nd_ba,0.8662420382165605,0.7612156295224313
mn_ca,ba_ca,na_ti,nd_ti,0.8662420382165605,0.7612156295224313
ba_cu,na_cu,na_mn,ba_ti,0.8662420382165605,0.7612156295224313
ba_cu,na_cu,ba_mn,na_ba,0.8662420382165605,0.7612156295224313
ti_cu,na_cu,nd_mn,ba_ti,0.8726114649681529,0.7612156295224313
ba_ca,ti_mn,na_mn,ba_ti,0.89171974522293,0.7612156295224313
na_ca,nd_ca,na_mn,nd_ti,0.8662420382165605,0.7612156295224313
na_cu,mn_ca,na_ca,ti_mn,0.8789808917197452,0.7612156295224313
na_cu,mn_ca,ba_ca,nd_na,0.8789808917197452,0.7612156295224313
ca_cu,nd_ca,ti_mn,ba_ti,0.8789808917197452,0.7612156295224313
na_cu,na_mn,nd_ti,nd_na,0.8853503184713376,0.7612156295224313
mn_cu,ti_cu,ti_ca,nd_ti,0.8726114649681529,0.7612156295224313
mn_cu,ti_cu,ti_ca,ba_mn,0.8726114649681529,0.7612156295224313
nd_ca,na_mn,ba_ti,nd_ba,0.8598726114649682,0.7612156295224313
nd_mn,ba_ti,na_ti,nd_ba,0.8662420382165605,0.7597684515195369
ca_cu,mn_cu,ba_cu,ba_ca,0.8726114649681529,0.7597684515195369
na_cu,na_mn,na_ti,nd_ba,0.8726114649681529,0.7597684515195369
nd_cu,mn_ca,na_ca,ti_mn,0.8726114649681529,0.7597684515195369
na_cu,ba_mn,nd_mn,ba_ti,0.8598726114649682,0.7597684515195369
na_cu,ti_mn,nd_mn,nd_ba,0.8853503184713376,0.7597684515195369
ti_cu,ti_ca,na_ba,nd_ba,0.8789808917197452,0.7597684515195369
ti_cu,ti_ca,na_mn,nd_na,0.8789808917197452,0.7597684515195369
mn_cu,ti_cu,ba_ca,ti_mn,0.8789808917197452,0.7597684515195369
ti_cu,ti_ca,ba_mn,na_mn,0.8726114649681529,0.7597684515195369
mn_cu,na_mn,ba_ti,na_ti,0.8789808917197452,0.7597684515195369
ca_cu,ba_mn,ba_ti,nd_ti,0.8662420382165605,0.7597684515195369
ca_cu,ti_mn,ba_ti,na_ti,0.8853503184713376,0.7597684515195369
ca_cu,ti_mn,ba_ti,na_ba,0.8726114649681529,0.7597684515195369
ba_cu,ba_ca,na_ti,nd_na,0.8789808917197452,0.7597684515195369
ba_cu,na_ca,nd_ca,na_mn,0.8535031847133758,0.7597684515195369
mn_cu,ti_mn,na_mn,nd_na,0.8853503184713376,0.7597684515195369
mn_cu,ba_mn,ba_ti,nd_ba,0.8662420382165605,0.7597684515195369
mn_cu,ba_mn,na_ti,nd_na,0.8726114649681529,0.7597684515195369
ti_ca,na_ca,na_mn,na_ti,0.8598726114649682,0.7597684515195369
ti_mn,na_ti,nd_ti,na_ba,0.8662420382165605,0.7597684515195369
ti_mn,na_ti,na_ba,nd_na,0.8853503184713376,0.7597684515195369
ba_cu,ba_ca,nd_ca,na_ti,0.8662420382165605,0.7597684515195369
ti_mn,nd_ti,na_ba,nd_ba,0.8662420382165605,0.7597684515195369
ca_cu,mn_cu,ti_mn,ba_mn,0.8662420382165605,0.7597684515195369
mn_cu,ti_mn,na_ti,nd_ti,0.8662420382165605,0.7597684515195369
ti_cu,ti_ca,na_ca,na_ti,0.8726114649681529,0.7597684515195369
na_cu,ti_mn,na_ti,nd_ti,0.8789808917197452,0.7597684515195369
nd_cu,mn_ca,na_ca,ba_mn,0.8789808917197452,0.7597684515195369
nd_cu,mn_ca,nd_ca,nd_ti,0.8789808917197452,0.7597684515195369
ca_cu,ti_ca,ba_ca,na_ti,0.8726114649681529,0.7597684515195369
ti_cu,ba_ca,nd_ca,na_mn,0.8853503184713376,0.7597684515195369
na_cu,ti_mn,na_mn,nd_na,0.89171974522293,0.7597684515195369
na_cu,ti_mn,nd_mn,na_ti,0.8726114649681529,0.7597684515195369
mn_cu,na_cu,nd_ca,na_ba,0.8598726114649682,0.7597684515195369
mn_ca,ti_mn,na_ba,nd_na,0.8789808917197452,0.7597684515195369
mn_ca,ba_mn,nd_mn,ba_ti,0.8853503184713376,0.7597684515195369
mn_ca,ba_mn,nd_mn,na_ti,0.8789808917197452,0.7597684515195369
nd_ca,na_mn,na_ba,nd_na,0.8662420382165605,0.7597684515195369
ca_cu,ba_mn,nd_ti,nd_ba,0.8789808917197452,0.7597684515195369
ca_cu,nd_cu,ba_ca,nd_na,0.89171974522293,0.7597684515195369
ca_cu,nd_cu,na_ca,ti_mn,0.89171974522293,0.7597684515195369
nd_ca,ti_mn,nd_mn,nd_na,0.8789808917197452,0.7597684515195369
mn_cu,ti_mn,na_mn,ba_ti,0.8853503184713376,0.7597684515195369
ba_ca,nd_ca,na_mn,na_ti,0.8980891719745223,0.7597684515195369
mn_cu,ba_ti,na_ti,nd_ti,0.8598726114649682,0.7597684515195369
ba_cu,ti_ca,na_ba,nd_na,0.8789808917197452,0.7597684515195369
ba_cu,ti_ca,nd_mn,ba_ti,0.8726114649681529,0.7597684515195369
ba_cu,ti_ca,ba_ti,nd_ba,0.8726114649681529,0.7597684515195369
ca_cu,ba_cu,ti_mn,nd_ba,0.8662420382165605,0.7597684515195369
ca_cu,nd_cu,ba_ca,nd_mn,0.8853503184713376,0.7597684515195369
ca_cu,mn_cu,na_mn,na_ba,0.8789808917197452,0.7597684515195369
ca_cu,mn_cu,nd_mn,ba_ti,0.8726114649681529,0.7597684515195369
mn_cu,nd_ca,na_ti,nd_ba,0.8598726114649682,0.7597684515195369
ba_cu,na_ca,ba_ti,na_ti,0.8662420382165605,0.7597684515195369
ba_cu,na_ca,na_ba,nd_ba,0.8853503184713376,0.7597684515195369
ba_cu,na_ca,na_ba,nd_na,0.8726114649681529,0.7597684515195369
ba_cu,na_ca,na_mn,nd_mn,0.8662420382165605,0.7597684515195369
mn_cu,nd_mn,nd_ti,nd_ba,0.8662420382165605,0.7597684515195369
mn_cu,nd_mn,nd_ba,nd_na,0.8726114649681529,0.7597684515195369
ba_cu,ti_ca,na_ti,na_ba,0.8789808917197452,0.7597684515195369
ba_cu,ti_ca,na_mn,na_ba,0.8789808917197452,0.7597684515195369
na_ca,na_mn,na_ba,nd_na,0.8789808917197452,0.7597684515195369
na_ca,na_mn,nd_ba,nd_na,0.8789808917197452,0.7597684515195369
na_cu,nd_ca,nd_mn,ba_ti,0.8662420382165605,0.7597684515195369
ti_ca,nd_mn,nd_ti,nd_na,0.8662420382165605,0.7597684515195369
mn_cu,na_cu,na_mn,nd_ti,0.8980891719745223,0.7597684515195369
ba_ca,ti_mn,nd_ti,na_ba,0.8853503184713376,0.7597684515195369
ti_cu,ba_ca,ba_mn,nd_ba,0.8726114649681529,0.7597684515195369
ca_cu,mn_cu,ti_mn,ba_ti,0.8726114649681529,0.7597684515195369
ba_cu,ti_ca,ba_ca,na_ti,0.8726114649681529,0.7597684515195369
ba_cu,ti_ca,ba_ca,nd_ba,0.8726114649681529,0.7597684515195369
na_ca,nd_ca,ba_ti,na_ba,0.8598726114649682,0.7597684515195369
mn_cu,na_ca,nd_ti,na_ba,0.8598726114649682,0.7597684515195369
nd_cu,ba_ti,nd_ti,na_ba,0.8789808917197452,0.7597684515195369
ba_cu,nd_ca,ti_mn,nd_ba,0.8789808917197452,0.7597684515195369
ca_cu,ba_mn,na_ba,nd_ba,0.8789808917197452,0.7597684515195369
ba_ca,nd_mn,na_ti,na_ba,0.8726114649681529,0.7597684515195369
ba_ca,nd_mn,nd_ti,nd_na,0.8662420382165605,0.7597684515195369
mn_cu,na_cu,nd_mn,nd_ba,0.8662420382165605,0.7597684515195369
mn_cu,na_cu,na_ca,ba_ti,0.8726114649681529,0.7597684515195369
ca_cu,na_ca,ti_mn,na_ba,0.8789808917197452,0.7597684515195369
nd_cu,mn_ca,na_mn,nd_na,0.8726114649681529,0.7597684515195369
mn_cu,nd_cu,mn_ca,na_mn,0.8726114649681529,0.7597684515195369
ca_cu,ti_cu,ba_mn,na_mn,0.8598726114649682,0.7597684515195369
ca_cu,ti_cu,nd_ca,ba_ti,0.8726114649681529,0.7597684515195369
ti_cu,ba_ca,ba_ti,nd_na,0.8853503184713376,0.7597684515195369
ti_cu,ba_ca,na_ti,na_ba,0.8789808917197452,0.7597684515195369
ti_cu,ti_ca,nd_ca,ba_ti,0.8726114649681529,0.7597684515195369
ti_cu,ba_cu,mn_ca,ba_ca,0.8853503184713376,0.7597684515195369
ti_cu,ba_cu,na_cu,na_mn,0.8853503184713376,0.7597684515195369
mn_cu,nd_ca,nd_ti,na_ba,0.8789808917197452,0.7597684515195369
mn_cu,nd_ca,ba_mn,na_ba,0.8662420382165605,0.7597684515195369
mn_cu,nd_ca,na_mn,na_ti,0.8726114649681529,0.7597684515195369
ca_cu,mn_cu,nd_mn,na_ti,0.8726114649681529,0.7597684515195369
ti_cu,mn_ca,na_ba,nd_ba,0.8853503184713376,0.7597684515195369
ti_cu,na_ca,ti_mn,nd_mn,0.8598726114649682,0.7597684515195369
ti_cu,ba_ca,nd_mn,nd_na,0.8662420382165605,0.7597684515195369
nd_ca,nd_mn,ba_ti,na_ti,0.8726114649681529,0.7597684515195369
mn_cu,na_cu,nd_ba,nd_na,0.8789808917197452,0.7597684515195369
mn_cu,na_cu,na_ca,nd_mn,0.8789808917197452,0.7597684515195369
mn_cu,ba_cu,ba_ca,na_ba,0.8789808917197452,0.7597684515195369
nd_cu,na_mn,ba_ti,na_ti,0.8853503184713376,0.7597684515195369
ba_cu,ti_mn,na_mn,na_ba,0.8726114649681529,0.7597684515195369
ba_cu,ti_mn,nd_mn,na_ba,0.8598726114649682,0.7597684515195369
ba_cu,ti_ca,na_ca,na_ba,0.8726114649681529,0.7597684515195369
ba_cu,mn_ca,na_ti,nd_na,0.8726114649681529,0.7597684515195369
ba_cu,mn_ca,na_ba,nd_ba,0.8726114649681529,0.7597684515195369
ti_ca,na_mn,nd_mn,na_ba,0.8662420382165605,0.7597684515195369
na_cu,na_ca,nd_mn,nd_ti,0.8726114649681529,0.7597684515195369
na_cu,na_ca,nd_ca,nd_ba,0.8662420382165605,0.7597684515195369
na_cu,na_ca,ti_mn,na_mn,0.8726114649681529,0.7597684515195369
mn_ca,ti_mn,ba_ti,nd_ti,0.8789808917197452,0.7597684515195369
mn_ca,ti_mn,ba_ti,na_ba,0.8662420382165605,0.7597684515195369
mn_ca,ti_mn,ba_ti,nd_na,0.8853503184713376,0.7597684515195369
ti_cu,ti_ca,ba_ca,na_mn,0.8726114649681529,0.7597684515195369
ti_cu,ti_ca,ba_ca,nd_ti,0.8789808917197452,0.7597684515195369
ca_cu,na_mn,na_ti,nd_ti,0.8853503184713376,0.7597684515195369
ca_cu,na_mn,na_ti,na_ba,0.8853503184713376,0.7597684515195369
ca_cu,na_mn,na_ba,nd_ba,0.8789808917197452,0.7597684515195369
mn_cu,na_ca,ti_mn,nd_ba,0.8789808917197452,0.7597684515195369
mn_cu,na_ca,ba_mn,nd_na,0.8662420382165605,0.7597684515195369
ti_ca,nd_ca,ti_mn,na_mn,0.8789808917197452,0.7597684515195369
ba_ca,na_ca,nd_ti,nd_ba,0.8726114649681529,0.7597684515195369
ba_ca,na_ti,nd_ti,na_ba,0.8726114649681529,0.7597684515195369
ba_ca,nd_ti,na_ba,nd_ba,0.8789808917197452,0.7597684515195369
ca_cu,mn_ca,ba_ca,na_ba,0.8726114649681529,0.7597684515195369
ca_cu,mn_ca,ti_ca,na_ca,0.8726114649681529,0.7597684515195369
mn_cu,nd_cu,na_ca,ba_mn,0.8789808917197452,0.7597684515195369
mn_cu,nd_cu,na_ca,na_mn,0.8789808917197452,0.7597684515195369
na_cu,na_ca,ba_mn,na_ti,0.8789808917197452,0.7597684515195369
ca_cu,mn_cu,nd_cu,na_mn,0.89171974522293,0.7597684515195369
ca_cu,mn_cu,nd_cu,ba_ti,0.8789808917197452,0.7597684515195369
ti_cu,nd_ca,ti_mn,na_mn,0.8789808917197452,0.7597684515195369
ti_cu,nd_ca,ti_mn,na_ti,0.8853503184713376,0.7597684515195369
ca_cu,ti_cu,ti_mn,na_ti,0.8726114649681529,0.7597684515195369
ca_cu,nd_cu,ti_ca,ba_mn,0.8789808917197452,0.7597684515195369
ca_cu,na_cu,na_ti,na_ba,0.8853503184713376,0.7597684515195369
ca_cu,na_cu,ba_mn,na_ti,0.8789808917197452,0.7597684515195369
mn_cu,ba_cu,nd_cu,ba_ti,0.8789808917197452,0.7597684515195369
ti_ca,na_ca,nd_ca,ba_mn,0.8789808917197452,0.7597684515195369
ba_ca,nd_ca,ti_mn,na_ti,0.8662420382165605,0.7597684515195369
ca_cu,ba_cu,nd_ba,nd_na,0.8980891719745223,0.7597684515195369
ba_cu,ti_mn,nd_ti,na_ba,0.8662420382165605,0.7597684515195369
ca_cu,ba_cu,na_ca,nd_na,0.8853503184713376,0.7597684515195369
ca_cu,nd_cu,ti_ca,na_mn,0.8789808917197452,0.7597684515195369
ba_ca,ba_mn,na_mn,ba_ti,0.89171974522293,0.7597684515195369
mn_cu,ti_cu,nd_ca,na_ba,0.8853503184713376,0.7597684515195369
na_ca,nd_ca,ba_mn,ba_ti,0.8789808917197452,0.7597684515195369
na_ca,ba_mn,nd_ba,nd_na,0.8789808917197452,0.7597684515195369
ca_cu,nd_cu,na_ca,nd_ti,0.8726114649681529,0.7597684515195369
ca_cu,nd_cu,na_ca,nd_na,0.8789808917197452,0.7597684515195369
na_mn,ba_ti,nd_ba,nd_na,0.8789808917197452,0.7597684515195369
na_cu,ba_ca,na_ti,nd_na,0.8853503184713376,0.7597684515195369
ba_cu,ba_mn,ba_ti,nd_ti,0.8662420382165605,0.7597684515195369
ti_mn,na_ba,nd_ba,nd_na,0.8662420382165605,0.7597684515195369
ba_cu,ti_mn,nd_mn,nd_na,0.8535031847133758,0.7597684515195369
ba_cu,ti_mn,ba_ti,nd_ti,0.8726114649681529,0.7597684515195369
ba_cu,ti_mn,na_ti,nd_ba,0.8789808917197452,0.7597684515195369
ba_ca,na_ca,na_ba,nd_na,0.8726114649681529,0.7597684515195369
mn_cu,ba_cu,ba_mn,nd_ti,0.8853503184713376,0.7597684515195369
mn_cu,ba_cu,na_mn,na_ba,0.8662420382165605,0.7597684515195369
ca_cu,mn_cu,nd_ti,nd_ba,0.8789808917197452,0.7597684515195369
ca_cu,mn_cu,na_ba,nd_ba,0.8662420382165605,0.7597684515195369
ba_cu,mn_ca,nd_ca,na_ti,0.8662420382165605,0.7597684515195369
ba_cu,mn_ca,ti_mn,ba_mn,0.8789808917197452,0.7597684515195369
ba_cu,mn_ca,ba_ca,nd_ti,0.8726114649681529,0.7597684515195369
ca_cu,nd_mn,ba_ti,na_ti,0.8662420382165605,0.7597684515195369
ba_ca,ti_mn,ba_mn,nd_mn,0.8662420382165605,0.7597684515195369
nd_cu,ti_mn,na_mn,nd_na,0.8853503184713376,0.7597684515195369
nd_cu,ti_mn,ba_ti,na_ti,0.8726114649681529,0.7597684515195369
nd_cu,ti_mn,nd_ti,nd_na,0.8726114649681529,0.7597684515195369
ti_ca,ba_mn,nd_ba,nd_na,0.8789808917197452,0.7597684515195369
mn_cu,nd_cu,nd_ca,ba_ti,0.8662420382165605,0.7597684515195369
mn_cu,nd_cu,ti_mn,ba_ti,0.8662420382165605,0.7597684515195369
mn_cu,nd_cu,ba_ca,nd_na,0.8853503184713376,0.7597684515195369
na_cu,na_ca,nd_ca,ba_ti,0.8662420382165605,0.7597684515195369
ti_cu,mn_ca,nd_ca,ba_mn,0.8789808917197452,0.7597684515195369
ca_cu,ba_cu,na_cu,mn_ca,0.8726114649681529,0.7597684515195369
na_ca,ba_mn,na_mn,na_ti,0.8853503184713376,0.7597684515195369
nd_ca,ti_mn,ba_mn,na_ba,0.8662420382165605,0.7597684515195369
ti_ca,nd_ca,ba_mn,nd_ti,0.8789808917197452,0.7597684515195369
ba_cu,na_mn,na_ba,nd_ba,0.8789808917197452,0.7597684515195369
nd_cu,ti_mn,na_mn,na_ti,0.8789808917197452,0.7597684515195369
ba_cu,ba_mn,ba_ti,nd_ba,0.8726114649681529,0.7597684515195369
nd_ca,ba_mn,ba_ti,nd_ti,0.8662420382165605,0.7597684515195369
nd_ca,ba_mn,ba_ti,na_ba,0.8598726114649682,0.7597684515195369
ti_cu,ba_cu,ti_ca,nd_mn,0.8726114649681529,0.7597684515195369
ti_cu,ba_cu,ti_ca,ba_ti,0.8662420382165605,0.7597684515195369
na_ca,ba_mn,nd_mn,na_ti,0.8853503184713376,0.7597684515195369
ti_ca,ba_mn,ba_ti,nd_na,0.8789808917197452,0.7597684515195369
na_cu,ba_ca,ba_mn,nd_mn,0.8662420382165605,0.7597684515195369
nd_cu,ti_ca,ba_ca,ba_ti,0.8662420382165605,0.7597684515195369
ti_cu,nd_cu,nd_ti,na_ba,0.8853503184713376,0.7597684515195369
ti_cu,mn_ca,ti_ca,na_mn,0.8789808917197452,0.7597684515195369
mn_ca,nd_mn,nd_ti,nd_na,0.8598726114649682,0.7597684515195369
ca_cu,ti_cu,nd_ca,na_mn,0.8789808917197452,0.7597684515195369
ba_cu,nd_mn,ba_ti,na_ba,0.8598726114649682,0.7597684515195369
nd_cu,nd_ca,ba_ti,nd_na,0.8598726114649682,0.7597684515195369
ba_cu,na_mn,na_ti,nd_na,0.8726114649681529,0.7597684515195369
ti_mn,nd_mn,ba_ti,na_ti,0.8662420382165605,0.7597684515195369
ti_cu,ba_cu,ba_ca,na_ba,0.8789808917197452,0.7597684515195369
ba_ca,nd_ca,na_ti,na_ba,0.8726114649681529,0.7597684515195369
nd_ca,ba_ti,na_ti,nd_ba,0.8726114649681529,0.7597684515195369
ca_cu,na_cu,nd_ca,ti_mn,0.8980891719745223,0.7597684515195369
ca_cu,na_cu,ti_ca,ba_ti,0.8726114649681529,0.7597684515195369
nd_cu,ti_ca,na_ca,ti_mn,0.8789808917197452,0.7597684515195369
na_cu,ba_ca,nd_ca,nd_ti,0.8789808917197452,0.7597684515195369
mn_cu,mn_ca,ba_ca,na_ti,0.8726114649681529,0.7597684515195369
mn_cu,nd_cu,nd_ba,nd_na,0.8726114649681529,0.7597684515195369
ba_ca,ba_mn,na_mn,nd_na,0.8853503184713376,0.7597684515195369
ti_cu,mn_ca,ba_ca,nd_ca,0.8789808917197452,0.7597684515195369
mn_ca,nd_ca,na_ti,nd_ti,0.8853503184713376,0.7597684515195369
nd_cu,na_ca,nd_ti,nd_ba,0.8789808917197452,0.7597684515195369
nd_cu,na_ca,na_ba,nd_ba,0.8726114649681529,0.7597684515195369
nd_cu,nd_ca,ti_mn,ba_ti,0.8726114649681529,0.7597684515195369
nd_cu,nd_ca,ba_mn,nd_mn,0.8726114649681529,0.7597684515195369
nd_cu,nd_ca,ba_mn,na_ba,0.8726114649681529,0.7597684515195369
mn_cu,na_ca,ti_mn,na_ti,0.8789808917197452,0.7597684515195369
ca_cu,ti_ca,nd_ba,nd_na,0.8980891719745223,0.7597684515195369
ca_cu,ba_ca,na_ca,ba_ti,0.8726114649681529,0.7597684515195369
nd_cu,nd_ca,ba_mn,nd_ba,0.8726114649681529,0.7597684515195369
ba_cu,ba_ti,na_ba,nd_ba,0.8789808917197452,0.7597684515195369
ti_cu,ti_mn,na_mn,nd_ba,0.8726114649681529,0.7597684515195369
ti_cu,ti_mn,nd_mn,na_ti,0.8662420382165605,0.7597684515195369
mn_cu,ti_cu,na_cu,nd_ba,0.8662420382165605,0.7597684515195369
mn_cu,ti_cu,na_cu,nd_na,0.89171974522293,0.7597684515195369
mn_cu,ti_cu,nd_cu,ba_mn,0.89171974522293,0.7597684515195369
mn_cu,mn_ca,ti_ca,nd_mn,0.8853503184713376,0.7597684515195369
ti_ca,ti_mn,nd_mn,na_ba,0.8662420382165605,0.7597684515195369
na_cu,ba_ca,na_ca,nd_ti,0.8726114649681529,0.7597684515195369
na_cu,ti_ca,na_mn,nd_ba,0.8726114649681529,0.7597684515195369
na_cu,ti_ca,nd_mn,nd_ba,0.8789808917197452,0.7597684515195369
na_cu,ti_ca,ba_ti,na_ti,0.8726114649681529,0.7597684515195369
ti_cu,ba_cu,na_ti,nd_ba,0.8853503184713376,0.7597684515195369
mn_ca,ti_ca,ti_mn,na_ba,0.8598726114649682,0.7597684515195369
ba_cu,nd_cu,ba_ti,nd_na,0.8789808917197452,0.7597684515195369
ba_cu,nd_cu,nd_ti,nd_na,0.8726114649681529,0.7597684515195369
mn_cu,ba_ca,nd_mn,nd_ti,0.8853503184713376,0.7597684515195369
na_cu,nd_cu,mn_ca,ti_ca,0.8853503184713376,0.7597684515195369
nd_cu,na_ca,na_ti,nd_na,0.8789808917197452,0.7597684515195369
mn_cu,na_cu,mn_ca,ti_ca,0.8789808917197452,0.7597684515195369
mn_cu,mn_ca,nd_ca,na_ti,0.8598726114649682,0.7597684515195369
nd_cu,ti_ca,ti_mn,ba_mn,0.8726114649681529,0.7597684515195369
ti_cu,ba_mn,nd_mn,nd_ba,0.8662420382165605,0.7597684515195369
ti_cu,ba_mn,ba_ti,nd_ti,0.8662420382165605,0.7597684515195369
ca_cu,ba_cu,na_cu,na_ba,0.8789808917197452,0.7597684515195369
mn_cu,ti_cu,na_cu,ba_mn,0.8789808917197452,0.7597684515195369
mn_ca,ti_ca,ba_ti,na_ti,0.8789808917197452,0.7597684515195369
ca_cu,ti_cu,na_cu,na_ti,0.8853503184713376,0.7597684515195369
ca_cu,ti_cu,nd_cu,ti_ca,0.8789808917197452,0.7597684515195369
mn_cu,ti_cu,ba_cu,ti_ca,0.8726114649681529,0.7597684515195369
ti_cu,ba_mn,nd_ti,nd_ba,0.8789808917197452,0.7597684515195369
ti_cu,ba_mn,na_ba,nd_ba,0.8789808917197452,0.7597684515195369
ti_cu,ba_mn,na_ba,nd_na,0.8789808917197452,0.7597684515195369
mn_cu,mn_ca,na_ca,ba_ti,0.8853503184713376,0.7597684515195369
mn_cu,mn_ca,na_ca,nd_na,0.8789808917197452,0.7597684515195369
mn_cu,na_cu,ti_ca,nd_ti,0.8789808917197452,0.7597684515195369
ca_cu,na_ca,nd_mn,nd_ti,0.8726114649681529,0.7597684515195369
nd_cu,ti_ca,ba_mn,nd_mn,0.8789808917197452,0.7597684515195369
ti_cu,na_cu,nd_cu,mn_ca,0.8789808917197452,0.7597684515195369
ti_mn,na_mn,ba_ti,na_ti,0.8789808917197452,0.7597684515195369
ba_cu,nd_cu,nd_ca,nd_na,0.8598726114649682,0.7597684515195369
ba_cu,nd_cu,ti_mn,nd_mn,0.8726114649681529,0.7597684515195369
ba_cu,nd_cu,ba_mn,ba_ti,0.8789808917197452,0.7597684515195369
mn_ca,ti_ca,na_ti,na_ba,0.89171974522293,0.7597684515195369
ca_cu,na_cu,nd_cu,nd_ba,0.8662420382165605,0.7597684515195369
na_cu,nd_cu,na_ca,nd_na,0.8853503184713376,0.7597684515195369
na_cu,nd_cu,nd_ca,ba_ti,0.8598726114649682,0.7597684515195369
ti_cu,na_mn,na_ba,nd_na,0.8853503184713376,0.7597684515195369
ti_cu,nd_mn,ba_ti,nd_ti,0.8789808917197452,0.7597684515195369
ba_ca,ba_mn,ba_ti,nd_na,0.8726114649681529,0.7597684515195369
mn_cu,ti_cu,na_cu,ba_ca,0.89171974522293,0.7597684515195369
ti_cu,nd_cu,na_ti,nd_ti,0.8662420382165605,0.7597684515195369
na_cu,ti_ca,nd_ca,na_ti,0.8662420382165605,0.7597684515195369
ba_mn,nd_mn,nd_ba,nd_na,0.8662420382165605,0.7597684515195369
ba_mn,ba_ti,nd_ti,na_ba,0.8662420382165605,0.7597684515195369
ba_mn,na_ti,nd_ti,nd_ba,0.8789808917197452,0.7597684515195369
mn_cu,ba_cu,na_cu,nd_na,0.8853503184713376,0.7597684515195369
ba_cu,nd_cu,na_ca,na_mn,0.8726114649681529,0.7597684515195369
mn_ca,ba_ca,na_ca,na_ti,0.8726114649681529,0.7597684515195369
mn_ca,ba_ca,nd_ca,nd_ti,0.8598726114649682,0.7597684515195369
nd_cu,na_ca,nd_ca,ba_ti,0.8662420382165605,0.7597684515195369
nd_cu,na_ca,ti_mn,ba_ti,0.8726114649681529,0.7597684515195369
mn_ca,ti_ca,nd_ti,nd_na,0.8535031847133758,0.7597684515195369
ba_cu,nd_cu,ba_ca,nd_ca,0.8598726114649682,0.7597684515195369
ca_cu,ba_cu,ba_ca,na_ca,0.8853503184713376,0.7597684515195369
ti_ca,ba_ca,ba_ti,na_ba,0.8662420382165605,0.7597684515195369
mn_cu,mn_ca,ba_mn,ba_ti,0.8726114649681529,0.7597684515195369
ti_ca,ti_mn,ba_mn,nd_na,0.8726114649681529,0.7597684515195369
ca_cu,nd_ca,ba_mn,ba_ti,0.8726114649681529,0.7597684515195369
ti_ca,ti_mn,ba_mn,na_mn,0.89171974522293,0.7597684515195369
nd_ca,na_ti,nd_ti,na_ba,0.8726114649681529,0.7597684515195369
ti_cu,nd_mn,nd_ti,na_ba,0.8726114649681529,0.7597684515195369
ti_cu,nd_mn,na_ba,nd_ba,0.8726114649681529,0.7597684515195369
ca_cu,ba_cu,nd_cu,na_ca,0.8853503184713376,0.7597684515195369
ca_cu,ba_cu,nd_cu,nd_mn,0.8789808917197452,0.7597684515195369
ti_ca,ba_ca,na_ca,ba_ti,0.8662420382165605,0.7597684515195369
ti_cu,nd_cu,nd_ca,ba_mn,0.8789808917197452,0.7597684515195369
ba_ca,na_mn,nd_mn,na_ti,0.8853503184713376,0.7597684515195369
ca_cu,ba_cu,mn_ca,nd_na,0.89171974522293,0.7597684515195369
ca_cu,nd_ca,ba_ti,nd_na,0.8662420382165605,0.7597684515195369
ca_cu,ti_mn,ba_mn,na_ti,0.8853503184713376,0.7597684515195369
mn_cu,ba_cu,na_ti,nd_na,0.8726114649681529,0.7597684515195369
ba_ca,na_ca,ba_ti,na_ba,0.8598726114649682,0.7597684515195369
ca_cu,ba_cu,ba_ca,nd_ca,0.8662420382165605,0.7597684515195369
ti_cu,na_cu,ti_ca,na_ti,0.8853503184713376,0.7597684515195369
ti_cu,na_cu,ti_mn,nd_ti,0.8662420382165605,0.7597684515195369
nd_cu,ba_ca,na_mn,na_ba,0.8789808917197452,0.7597684515195369
na_cu,nd_cu,ba_ti,na_ti,0.8853503184713376,0.7597684515195369
ca_cu,ba_cu,ti_ca,ba_mn,0.8726114649681529,0.7597684515195369
mn_ca,ba_ca,ti_mn,na_ba,0.8662420382165605,0.7597684515195369
mn_ca,ba_ca,ba_mn,nd_mn,0.8853503184713376,0.7597684515195369
ti_cu,na_cu,nd_ca,ba_ti,0.8789808917197452,0.7597684515195369
ba_cu,nd_cu,ti_ca,nd_mn,0.8789808917197452,0.7597684515195369
mn_cu,mn_ca,ba_mn,nd_na,0.8726114649681529,0.7597684515195369
ca_cu,nd_ca,ba_mn,nd_ba,0.8726114649681529,0.7597684515195369
ca_cu,mn_ca,ti_ca,ba_mn,0.8662420382165605,0.7597684515195369
ca_cu,mn_ca,ba_ca,na_mn,0.89171974522293,0.7597684515195369
ba_ca,na_ca,ba_mn,nd_na,0.89171974522293,0.7597684515195369
ba_ca,na_ca,ba_ti,nd_ti,0.8662420382165605,0.7597684515195369
mn_cu,ba_cu,nd_ti,nd_ba,0.8662420382165605,0.7597684515195369
mn_ca,na_ca,ba_ti,na_ti,0.8662420382165605,0.7597684515195369
ca_cu,ti_cu,ba_ca,nd_mn,0.8789808917197452,0.7597684515195369
ti_cu,nd_cu,na_ca,nd_ti,0.8535031847133758,0.7597684515195369
ti_cu,nd_cu,ti_ca,nd_ti,0.8598726114649682,0.7597684515195369
mn_ca,ba_ca,nd_mn,na_ti,0.8853503184713376,0.7597684515195369
na_ca,nd_ca,na_mn,nd_mn,0.8471337579617835,0.7597684515195369
ca_cu,mn_cu,ti_ca,nd_mn,0.8662420382165605,0.7597684515195369
ca_cu,mn_cu,ti_ca,na_ba,0.8662420382165605,0.7597684515195369
ba_mn,na_mn,nd_ba,nd_na,0.8789808917197452,0.7597684515195369
mn_cu,ti_ca,nd_mn,nd_ti,0.8789808917197452,0.7597684515195369
na_ca,ti_mn,ba_mn,na_ti,0.8789808917197452,0.7597684515195369
ca_cu,mn_ca,ti_mn,nd_ti,0.8789808917197452,0.7597684515195369
ti_cu,na_cu,nd_mn,nd_ti,0.8662420382165605,0.7597684515195369
ba_cu,na_cu,mn_ca,nd_ba,0.8789808917197452,0.7597684515195369
mn_ca,na_ca,na_mn,nd_ba,0.8726114649681529,0.7597684515195369
ba_cu,na_cu,nd_cu,nd_ti,0.8662420382165605,0.7597684515195369
na_cu,ti_ca,ba_ca,na_mn,0.8789808917197452,0.7597684515195369
nd_cu,ti_ca,na_ba,nd_na,0.8853503184713376,0.7597684515195369
nd_cu,ti_ca,nd_ba,nd_na,0.8853503184713376,0.7597684515195369
mn_cu,mn_ca,nd_mn,nd_na,0.8662420382165605,0.7597684515195369
mn_cu,mn_ca,ba_ti,na_ba,0.8789808917197452,0.7597684515195369
ti_ca,ba_ca,na_ca,nd_na,0.8726114649681529,0.7597684515195369
ca_cu,ti_cu,mn_ca,ba_ti,0.8789808917197452,0.7597684515195369
mn_ca,ba_ca,na_ti,nd_na,0.89171974522293,0.7597684515195369
na_cu,mn_ca,ti_ca,nd_ca,0.8662420382165605,0.7597684515195369
ca_cu,mn_cu,ti_ca,na_mn,0.8726114649681529,0.7597684515195369
mn_cu,na_cu,nd_cu,nd_ca,0.8726114649681529,0.7597684515195369
mn_cu,na_cu,nd_cu,ba_ti,0.8662420382165605,0.7597684515195369
ca_cu,na_cu,na_mn,na_ti,0.8980891719745223,0.7597684515195369
mn_cu,ti_ca,ti_mn,nd_mn,0.8662420382165605,0.7597684515195369
mn_cu,ti_ca,ti_mn,na_ti,0.8726114649681529,0.7597684515195369
mn_cu,ti_ca,ba_mn,na_mn,0.8662420382165605,0.7597684515195369
ca_cu,ti_cu,ti_ca,nd_ca,0.8598726114649682,0.7597684515195369
ti_mn,ba_mn,nd_mn,na_ba,0.8598726114649682,0.7597684515195369
ti_mn,ba_mn,nd_mn,nd_ba,0.8662420382165605,0.7597684515195369
ti_cu,nd_cu,ti_ca,ba_ca,0.8726114649681529,0.7597684515195369
ti_cu,nd_cu,ti_ca,nd_ca,0.8535031847133758,0.7597684515195369
ti_ca,nd_ca,nd_ti,na_ba,0.8598726114649682,0.7597684515195369
na_ca,nd_ca,nd_mn,nd_na,0.8598726114649682,0.7597684515195369
ca_cu,ba_ca,na_ca,nd_na,0.8853503184713376,0.7597684515195369
mn_cu,na_cu,mn_ca,ba_ca,0.8853503184713376,0.7597684515195369
na_cu,mn_ca,nd_mn,nd_ba,0.8726114649681529,0.7597684515195369
na_cu,mn_ca,ba_ti,nd_ba,0.8853503184713376,0.7597684515195369
na_cu,mn_ca,ba_mn,nd_ti,0.8789808917197452,0.7597684515195369
nd_ca,na_mn,nd_mn,na_ti,0.8789808917197452,0.7597684515195369
ca_cu,na_cu,ti_ca,ti_mn,0.89171974522293,0.7597684515195369
na_ca,nd_mn,na_ba,nd_ba,0.8726114649681529,0.7597684515195369
mn_cu,ti_ca,na_ca,nd_ca,0.8662420382165605,0.7597684515195369
ca_cu,nd_ca,na_mn,nd_ba,0.8789808917197452,0.7597684515195369
ca_cu,nd_ca,ti_mn,na_ba,0.8789808917197452,0.7597684515195369
ti_cu,na_cu,nd_mn,na_ti,0.8853503184713376,0.7597684515195369
ba_cu,na_cu,na_mn,na_ba,0.8662420382165605,0.7597684515195369
mn_ca,ba_ca,na_ti,nd_ba,0.8662420382165605,0.7597684515195369
nd_cu,ba_ca,nd_ca,na_ti,0.8726114649681529,0.7597684515195369
nd_cu,ba_ca,nd_ca,nd_ti,0.8789808917197452,0.7597684515195369
mn_cu,ti_ca,nd_ca,na_mn,0.8662420382165605,0.7597684515195369
mn_cu,ti_cu,nd_mn,na_ti,0.8726114649681529,0.7597684515195369
mn_cu,ti_cu,ti_mn,nd_mn,0.8535031847133758,0.7597684515195369
ba_cu,na_cu,ti_mn,ba_ti,0.8853503184713376,0.7597684515195369
ca_cu,mn_cu,ba_cu,nd_ba,0.8662420382165605,0.7597684515195369
ca_cu,mn_cu,na_cu,ba_ti,0.8853503184713376,0.7597684515195369
na_cu,ba_ti,nd_ti,nd_na,0.8726114649681529,0.7597684515195369
na_cu,ba_mn,ba_ti,nd_ba,0.8789808917197452,0.7597684515195369
na_cu,na_mn,nd_mn,ba_ti,0.8535031847133758,0.7597684515195369
nd_cu,mn_ca,ba_ca,na_mn,0.89171974522293,0.7597684515195369
ca_cu,ti_cu,nd_ti,nd_ba,0.8789808917197452,0.7597684515195369
nd_ca,na_mn,ba_ti,nd_na,0.8471337579617835,0.7597684515195369
mn_cu,ti_cu,na_ca,nd_ca,0.8853503184713376,0.7597684515195369
ti_cu,ti_ca,nd_ca,nd_ba,0.8853503184713376,0.7597684515195369
na_cu,nd_mn,ba_ti,na_ba,0.8598726114649682,0.7597684515195369
ca_cu,mn_cu,ti_cu,ti_mn,0.8662420382165605,0.7597684515195369
ca_cu,mn_cu,ti_cu,na_ba,0.8662420382165605,0.7597684515195369
ca_cu,nd_cu,ba_mn,nd_ba,0.8726114649681529,0.7597684515195369
nd_cu,mn_ca,ti_ca,nd_ca,0.8726114649681529,0.7597684515195369
nd_cu,mn_ca,ti_ca,ba_ti,0.8726114649681529,0.7597684515195369
ca_cu,nd_cu,na_ti,nd_na,0.8789808917197452,0.7597684515195369
ca_cu,mn_cu,ti_cu,ti_ca,0.8789808917197452,0.7597684515195369
ca_cu,mn_cu,ti_cu,ba_cu,0.8726114649681529,0.7583212735166426
na_mn,nd_ti,na_ba,nd_ba,0.8789808917197452,0.7583212735166426
mn_cu,na_cu,ti_mn,na_ba,0.8726114649681529,0.7583212735166426
ca_cu,nd_cu,ba_mn,nd_ti,0.8662420382165605,0.7583212735166426
ca_cu,nd_cu,nd_ba,nd_na,0.8853503184713376,0.7583212735166426
na_cu,na_ti,na_ba,nd_na,0.8789808917197452,0.7583212735166426
ca_cu,ba_mn,na_mn,ba_ti,0.8662420382165605,0.7583212735166426
mn_cu,ba_mn,na_mn,ba_ti,0.8726114649681529,0.7583212735166426
mn_cu,ba_mn,nd_mn,nd_na,0.8726114649681529,0.7583212735166426
ba_cu,ba_ca,na_ca,nd_na,0.8662420382165605,0.7583212735166426
ca_cu,mn_cu,ba_mn,na_mn,0.8853503184713376,0.7583212735166426
ti_mn,ba_ti,na_ti,nd_na,0.8853503184713376,0.7583212735166426
mn_cu,ba_cu,ti_ca,ba_mn,0.8726114649681529,0.7583212735166426
ca_cu,mn_cu,nd_ca,nd_mn,0.89171974522293,0.7583212735166426
mn_cu,ba_cu,na_ca,nd_na,0.8471337579617835,0.7583212735166426
mn_cu,ba_cu,ti_ca,nd_mn,0.8726114649681529,0.7583212735166426
mn_cu,ba_cu,ti_ca,na_ba,0.8726114649681529,0.7583212735166426
mn_cu,nd_ca,nd_ti,nd_ba,0.8726114649681529,0.7583212735166426
mn_cu,nd_mn,ba_ti,nd_ba,0.8662420382165605,0.7583212735166426
ca_cu,nd_cu,ti_mn,ba_ti,0.8789808917197452,0.7583212735166426
ca_cu,nd_cu,ti_mn,nd_ba,0.8789808917197452,0.7583212735166426
ca_cu,nd_cu,ti_mn,nd_na,0.89171974522293,0.7583212735166426
na_cu,ti_mn,ba_ti,nd_ba,0.8789808917197452,0.7583212735166426
ti_cu,na_cu,ba_mn,nd_mn,0.8726114649681529,0.7583212735166426
ti_cu,na_cu,na_ca,nd_ti,0.8662420382165605,0.7583212735166426
ti_cu,na_cu,nd_ca,ba_mn,0.8662420382165605,0.7583212735166426
ba_cu,na_cu,nd_mn,nd_ba,0.8726114649681529,0.7583212735166426
ca_cu,ti_cu,mn_ca,na_ba,0.8726114649681529,0.7583212735166426
mn_cu,na_cu,mn_ca,ba_mn,0.8853503184713376,0.7583212735166426
mn_cu,na_cu,mn_ca,ba_ti,0.8789808917197452,0.7583212735166426
na_cu,mn_ca,ba_mn,na_mn,0.8789808917197452,0.7583212735166426
ba_cu,na_cu,ti_mn,nd_ba,0.8853503184713376,0.7583212735166426
ca_cu,ba_cu,nd_cu,nd_na,0.8853503184713376,0.7583212735166426
ca_cu,ba_cu,mn_ca,ti_mn,0.8789808917197452,0.7583212735166426
mn_cu,ti_ca,na_ca,ba_mn,0.8726114649681529,0.7583212735166426
na_ca,nd_ca,na_mn,nd_na,0.8535031847133758,0.7583212735166426
mn_ca,ba_ca,ba_ti,na_ba,0.8789808917197452,0.7583212735166426
ba_cu,na_cu,ba_mn,na_ti,0.8726114649681529,0.7583212735166426
na_cu,mn_ca,nd_ca,ba_ti,0.8662420382165605,0.7583212735166426
ba_cu,na_cu,ba_ti,nd_ti,0.8662420382165605,0.7583212735166426
ba_cu,na_cu,na_ti,nd_na,0.8726114649681529,0.7583212735166426
nd_cu,ba_ca,ba_mn,na_mn,0.89171974522293,0.7583212735166426
na_cu,nd_cu,na_ti,nd_ti,0.8726114649681529,0.7583212735166426
mn_cu,ti_ca,nd_mn,na_ti,0.8662420382165605,0.7583212735166426
ti_ca,ba_ca,ba_mn,ba_ti,0.8598726114649682,0.7583212735166426
ti_cu,na_cu,nd_mn,na_ba,0.8726114649681529,0.7583212735166426
ba_ca,ti_mn,nd_mn,nd_ti,0.8789808917197452,0.7583212735166426
ca_cu,ba_ca,nd_ca,na_mn,0.8726114649681529,0.7583212735166426
nd_cu,ti_ca,ba_ti,nd_ba,0.8662420382165605,0.7583212735166426
ti_cu,na_cu,nd_ti,nd_na,0.89171974522293,0.7583212735166426
ti_ca,ba_ca,na_ca,na_ba,0.8726114649681529,0.7583212735166426
ti_mn,ba_mn,na_mn,nd_mn,0.8726114649681529,0.7583212735166426
mn_ca,ba_ca,nd_ti,nd_na,0.8726114649681529,0.7583212735166426
mn_ca,ba_ca,na_ba,nd_na,0.8789808917197452,0.7583212735166426
mn_cu,ti_ca,ba_mn,na_ti,0.8662420382165605,0.7583212735166426
ca_cu,nd_ca,nd_ti,nd_na,0.8726114649681529,0.7583212735166426
mn_cu,ba_cu,ba_ti,nd_ba,0.8789808917197452,0.7583212735166426
mn_cu,ba_cu,nd_ti,na_ba,0.8726114649681529,0.7583212735166426
ti_cu,na_cu,ti_mn,nd_na,0.8980891719745223,0.7583212735166426
mn_cu,ti_ca,nd_ti,na_ba,0.8789808917197452,0.7583212735166426
ca_cu,ba_cu,ti_ca,na_mn,0.8789808917197452,0.7583212735166426
ba_cu,nd_cu,mn_ca,na_mn,0.8789808917197452,0.7583212735166426
ti_mn,ba_mn,nd_mn,nd_na,0.8598726114649682,0.7583212735166426
ti_mn,ba_mn,ba_ti,na_ba,0.8662420382165605,0.7583212735166426
ti_ca,ba_ca,ti_mn,ba_ti,0.8662420382165605,0.7583212735166426
mn_ca,ba_ca,nd_ca,nd_ba,0.8471337579617835,0.7583212735166426
mn_cu,mn_ca,na_mn,ba_ti,0.8789808917197452,0.7583212735166426
mn_cu,mn_ca,nd_mn,nd_ti,0.8726114649681529,0.7583212735166426
ca_cu,ti_cu,ba_ca,nd_ca,0.8726114649681529,0.7583212735166426
ti_cu,nd_cu,ti_mn,na_ti,0.8726114649681529,0.7583212735166426
ti_cu,nd_cu,ti_ca,ti_mn,0.8726114649681529,0.7583212735166426
ca_cu,na_cu,mn_ca,ti_mn,0.8789808917197452,0.7583212735166426
ba_cu,nd_cu,ba_ca,na_mn,0.89171974522293,0.7583212735166426
mn_cu,ba_cu,nd_cu,ti_ca,0.8789808917197452,0.7583212735166426
ca_cu,ba_cu,ti_ca,nd_mn,0.8662420382165605,0.7583212735166426
ti_ca,ba_ca,ba_ti,nd_ba,0.8726114649681529,0.7583212735166426
ti_cu,ba_cu,nd_ti,nd_ba,0.8598726114649682,0.7583212735166426
mn_cu,mn_ca,ti_mn,ba_ti,0.8789808917197452,0.7583212735166426
nd_cu,ti_ca,nd_mn,ba_ti,0.8789808917197452,0.7583212735166426
ca_cu,mn_ca,na_ca,nd_ti,0.8598726114649682,0.7583212735166426
ca_cu,ba_ca,ti_mn,ba_ti,0.8789808917197452,0.7583212735166426
ca_cu,ba_cu,nd_cu,ba_mn,0.8726114649681529,0.7583212735166426
ba_ca,na_mn,nd_mn,nd_ba,0.8726114649681529,0.7583212735166426
ba_cu,nd_cu,ti_ca,nd_ti,0.8726114649681529,0.7583212735166426
ca_cu,ti_ca,ti_mn,ba_mn,0.8726114649681529,0.7583212735166426
ca_cu,nd_ca,ba_ti,nd_ba,0.8662420382165605,0.7583212735166426
ca_cu,nd_ca,na_ti,nd_ti,0.8726114649681529,0.7583212735166426
na_cu,ti_ca,nd_ca,ba_mn,0.8662420382165605,0.7583212735166426
ti_cu,nd_cu,nd_ca,nd_mn,0.8789808917197452,0.7583212735166426
ti_mn,na_mn,na_ba,nd_ba,0.8853503184713376,0.7583212735166426
ca_cu,na_cu,nd_cu,na_ti,0.8726114649681529,0.7583212735166426
ca_cu,na_cu,nd_cu,nd_na,0.8789808917197452,0.7583212735166426
ca_cu,na_cu,nd_ca,na_ti,0.8662420382165605,0.7583212735166426
na_cu,nd_cu,na_ca,nd_ti,0.8789808917197452,0.7583212735166426
na_cu,nd_cu,na_ca,nd_ba,0.8789808917197452,0.7583212735166426
na_cu,nd_cu,nd_ca,nd_ti,0.8726114649681529,0.7583212735166426
ti_cu,nd_cu,nd_ca,na_ti,0.8726114649681529,0.7583212735166426
mn_cu,ti_cu,na_cu,nd_cu,0.8853503184713376,0.7583212735166426
ti_cu,nd_cu,ba_mn,nd_ti,0.8789808917197452,0.7583212735166426
ti_cu,nd_cu,ba_mn,na_ba,0.8789808917197452,0.7583212735166426
mn_ca,na_ti,nd_ba,nd_na,0.8789808917197452,0.7583212735166426
ba_mn,na_ti,nd_ti,na_ba,0.8853503184713376,0.7583212735166426
ca_cu,mn_cu,mn_ca,nd_mn,0.8726114649681529,0.7583212735166426
nd_cu,na_ca,nd_mn,na_ti,0.8789808917197452,0.7583212735166426
na_cu,nd_cu,mn_ca,nd_ba,0.8789808917197452,0.7583212735166426
na_cu,nd_cu,ti_ca,ba_mn,0.8789808917197452,0.7583212735166426
na_cu,nd_cu,ti_ca,na_mn,0.8789808917197452,0.7583212735166426
mn_cu,ba_ca,ba_mn,nd_ti,0.8726114649681529,0.7583212735166426
mn_ca,ti_ca,na_mn,na_ti,0.8789808917197452,0.7583212735166426
mn_ca,ti_ca,na_mn,nd_ti,0.8662420382165605,0.7583212735166426
ti_mn,ba_mn,nd_ti,nd_na,0.8726114649681529,0.7583212735166426
ti_mn,na_mn,nd_mn,nd_ba,0.8726114649681529,0.7583212735166426
ti_cu,na_cu,mn_ca,na_ba,0.8853503184713376,0.7583212735166426
ti_cu,ba_cu,nd_mn,nd_ba,0.8726114649681529,0.7583212735166426
ca_cu,nd_ti,nd_ba,nd_na,0.8853503184713376,0.7583212735166426
ca_cu,ba_ti,na_ti,nd_ti,0.8789808917197452,0.7583212735166426
mn_ca,nd_ca,na_mn,nd_na,0.8598726114649682,0.7583212735166426
ti_ca,ti_mn,na_mn,nd_mn,0.8726114649681529,0.7583212735166426
na_cu,ti_ca,nd_ca,ti_mn,0.8662420382165605,0.7583212735166426
mn_ca,ti_ca,ba_mn,na_ba,0.8535031847133758,0.7583212735166426
ba_cu,nd_cu,nd_ti,na_ba,0.8789808917197452,0.7583212735166426
na_cu,nd_cu,mn_ca,nd_ca,0.8598726114649682,0.7583212735166426
na_cu,nd_cu,mn_ca,na_mn,0.8662420382165605,0.7583212735166426
na_cu,nd_cu,mn_ca,nd_ti,0.89171974522293,0.7583212735166426
ca_cu,nd_ca,ti_mn,ba_mn,0.8789808917197452,0.7583212735166426
ca_cu,na_cu,mn_ca,na_ba,0.8726114649681529,0.7583212735166426
ti_cu,ba_mn,nd_ba,nd_na,0.89171974522293,0.7583212735166426
ti_cu,na_mn,nd_mn,ba_ti,0.8789808917197452,0.7583212735166426
ti_cu,ba_mn,na_ti,na_ba,0.8789808917197452,0.7583212735166426
ti_cu,ba_mn,na_mn,nd_mn,0.8789808917197452,0.7583212735166426
ti_cu,ba_mn,na_mn,na_ti,0.8853503184713376,0.7583212735166426
ca_cu,nd_cu,mn_ca,nd_ca,0.8662420382165605,0.7583212735166426
ca_cu,ba_cu,nd_cu,ti_ca,0.8789808917197452,0.7583212735166426
nd_cu,na_ca,ba_mn,na_mn,0.8726114649681529,0.7583212735166426
na_cu,nd_cu,ba_ca,nd_ba,0.8789808917197452,0.7583212735166426
ti_cu,nd_cu,na_mn,nd_na,0.8789808917197452,0.7583212735166426
nd_cu,na_ca,na_ba,nd_na,0.8789808917197452,0.7583212735166426
nd_cu,nd_ca,ti_mn,nd_ti,0.8662420382165605,0.7583212735166426
mn_cu,na_ca,nd_ca,nd_na,0.8471337579617835,0.7583212735166426
mn_cu,ba_ca,nd_ti,na_ba,0.8789808917197452,0.7583212735166426
ba_cu,na_ti,nd_ti,nd_ba,0.8726114649681529,0.7583212735166426
ba_cu,na_ti,na_ba,nd_ba,0.8789808917197452,0.7583212735166426
ti_cu,ti_mn,ba_ti,nd_ti,0.8789808917197452,0.7583212735166426
mn_cu,ti_cu,nd_cu,ti_ca,0.8726114649681529,0.7583212735166426
na_ca,nd_mn,nd_ti,nd_na,0.8662420382165605,0.7583212735166426
na_cu,ba_ca,na_ca,na_mn,0.8853503184713376,0.7583212735166426
na_cu,ti_ca,na_mn,nd_na,0.8789808917197452,0.7583212735166426
ti_cu,ba_cu,ba_ti,na_ti,0.8726114649681529,0.7583212735166426
ti_cu,ba_cu,na_ti,na_ba,0.8789808917197452,0.7583212735166426
ti_cu,ba_cu,na_mn,nd_mn,0.8726114649681529,0.7583212735166426
ti_cu,ba_cu,na_mn,na_ti,0.89171974522293,0.7583212735166426
mn_ca,ti_mn,ba_mn,na_ti,0.8789808917197452,0.7583212735166426
ba_cu,na_mn,nd_ba,nd_na,0.8853503184713376,0.7583212735166426
ba_cu,nd_mn,ba_ti,nd_ba,0.8726114649681529,0.7583212735166426
nd_cu,nd_ca,ba_ti,nd_ti,0.8726114649681529,0.7583212735166426
nd_cu,nd_ca,na_ti,nd_ti,0.8662420382165605,0.7583212735166426
ba_cu,na_mn,na_ti,na_ba,0.8789808917197452,0.7583212735166426
na_ca,na_ti,na_ba,nd_na,0.8789808917197452,0.7583212735166426
ca_cu,ti_cu,ba_cu,na_mn,0.8662420382165605,0.7583212735166426
ti_mn,nd_mn,ba_ti,nd_ba,0.8726114649681529,0.7583212735166426
ti_cu,ba_cu,ba_ca,nd_na,0.8853503184713376,0.7583212735166426
mn_cu,ba_cu,mn_ca,ba_ca,0.8726114649681529,0.7583212735166426
ca_cu,na_cu,nd_ca,ba_mn,0.8598726114649682,0.7583212735166426
na_cu,ba_ca,nd_ca,ti_mn,0.8853503184713376,0.7583212735166426
na_cu,ba_ca,ti_mn,na_mn,0.8980891719745223,0.7583212735166426
ba_ca,ba_mn,ba_ti,na_ti,0.8726114649681529,0.7583212735166426
ti_cu,mn_ca,ba_ca,na_ti,0.8726114649681529,0.7583212735166426
ca_cu,nd_cu,nd_mn,ba_ti,0.8789808917197452,0.7583212735166426
ca_cu,nd_cu,nd_mn,na_ti,0.8598726114649682,0.7583212735166426
nd_ca,ti_mn,ba_mn,na_ti,0.8726114649681529,0.7583212735166426
ba_cu,ba_mn,ba_ti,na_ba,0.8726114649681529,0.7583212735166426
nd_ca,ba_mn,na_ti,nd_ba,0.8662420382165605,0.7583212735166426
ca_cu,nd_mn,nd_ti,nd_ba,0.8789808917197452,0.7583212735166426
ca_cu,nd_mn,nd_ti,nd_na,0.8789808917197452,0.7583212735166426
ca_cu,na_cu,ba_ti,nd_ba,0.8853503184713376,0.7583212735166426
ba_cu,mn_ca,nd_ca,na_mn,0.8662420382165605,0.7583212735166426
ti_cu,nd_ca,nd_mn,na_ba,0.8726114649681529,0.7583212735166426
ca_cu,ti_cu,ba_ti,na_ti,0.8662420382165605,0.7583212735166426
ca_cu,ti_ca,ti_mn,ba_ti,0.8789808917197452,0.7583212735166426
mn_ca,nd_mn,nd_ti,na_ba,0.8789808917197452,0.7583212735166426
na_cu,ba_ca,na_mn,nd_mn,0.8853503184713376,0.7583212735166426
na_cu,ba_ca,na_mn,ba_ti,0.8789808917197452,0.7583212735166426
mn_ca,ba_ti,na_ti,nd_na,0.8853503184713376,0.7583212735166426
ba_ca,nd_ca,ti_mn,na_mn,0.8853503184713376,0.7583212735166426
ca_cu,mn_cu,na_ti,na_ba,0.8980891719745223,0.7583212735166426
ba_cu,mn_ca,nd_ca,nd_mn,0.89171974522293,0.7583212735166426
ba_cu,mn_ca,nd_ca,na_ba,0.8662420382165605,0.7583212735166426
ba_cu,mn_ca,ti_mn,na_mn,0.8726114649681529,0.7583212735166426
ba_cu,ba_mn,na_ba,nd_ba,0.8789808917197452,0.7583212735166426
nd_cu,ti_mn,nd_mn,na_ba,0.8662420382165605,0.7583212735166426
nd_cu,ti_mn,nd_mn,nd_na,0.8789808917197452,0.7583212735166426
nd_cu,ti_mn,nd_ti,nd_ba,0.8789808917197452,0.7583212735166426
nd_cu,ba_mn,nd_mn,ba_ti,0.8726114649681529,0.7583212735166426
mn_cu,nd_cu,ba_ca,nd_ti,0.8853503184713376,0.7583212735166426
ti_ca,ba_mn,na_mn,nd_na,0.8789808917197452,0.7583212735166426
ti_cu,mn_ca,ti_ca,na_ba,0.8853503184713376,0.7583212735166426
ti_cu,nd_ca,ba_mn,nd_ba,0.8726114649681529,0.7583212735166426
ca_cu,ti_cu,nd_ca,na_ti,0.8726114649681529,0.7583212735166426
ca_cu,nd_cu,na_mn,na_ti,0.8789808917197452,0.7583212735166426
nd_cu,ba_mn,ba_ti,nd_ti,0.8662420382165605,0.7583212735166426
nd_cu,ba_mn,ba_ti,na_ba,0.8789808917197452,0.7583212735166426
nd_cu,ba_mn,ba_ti,nd_ba,0.8789808917197452,0.7583212735166426
na_ca,ti_mn,nd_mn,nd_ti,0.8535031847133758,0.7583212735166426
mn_cu,na_ca,ba_ti,na_ti,0.8662420382165605,0.7583212735166426
ca_cu,nd_cu,ti_ca,ba_ti,0.8598726114649682,0.7583212735166426
ca_cu,nd_cu,ti_ca,nd_ba,0.8789808917197452,0.7583212735166426
ca_cu,ti_cu,ti_mn,na_ba,0.8789808917197452,0.7583212735166426
ca_cu,ti_cu,ba_ca,nd_na,0.8789808917197452,0.7583212735166426
mn_cu,ti_cu,nd_ca,na_ti,0.89171974522293,0.7583212735166426
na_ca,ba_mn,na_ti,na_ba,0.8853503184713376,0.7583212735166426
na_mn,ba_ti,na_ba,nd_ba,0.8789808917197452,0.7583212735166426
ba_cu,ba_mn,nd_mn,na_ti,0.8726114649681529,0.7583212735166426
ba_cu,ba_mn,nd_mn,na_ba,0.8662420382165605,0.7583212735166426
ba_cu,ba_mn,nd_mn,nd_ba,0.8662420382165605,0.7583212735166426
ca_cu,mn_cu,ba_ca,nd_mn,0.8853503184713376,0.7583212735166426
mn_ca,ti_mn,nd_mn,na_ba,0.8789808917197452,0.7583212735166426
ca_cu,ba_cu,nd_ca,na_ti,0.8726114649681529,0.7583212735166426
na_ca,ti_mn,na_ti,na_ba,0.8726114649681529,0.7583212735166426
ba_ca,nd_ca,ba_mn,na_ti,0.8662420382165605,0.7583212735166426
ti_cu,ba_cu,nd_cu,ti_ca,0.8726114649681529,0.7583212735166426
mn_cu,ba_ti,na_ba,nd_ba,0.8789808917197452,0.7583212735166426
ti_cu,ti_ca,na_ca,ba_mn,0.8789808917197452,0.7583212735166426
mn_cu,nd_cu,nd_ca,ti_mn,0.8726114649681529,0.7583212735166426
na_mn,nd_mn,nd_ti,nd_ba,0.8598726114649682,0.7583212735166426
ti_cu,na_ca,na_mn,na_ba,0.8853503184713376,0.7583212735166426
ti_cu,na_ca,ba_ti,nd_ba,0.8789808917197452,0.7583212735166426
ti_cu,mn_ca,nd_mn,na_ti,0.8662420382165605,0.7583212735166426
na_ca,na_mn,ba_ti,na_ba,0.8789808917197452,0.7583212735166426
ca_cu,na_cu,ba_mn,nd_ba,0.8789808917197452,0.7583212735166426
ti_cu,ba_cu,ba_ca,ba_ti,0.8662420382165605,0.7583212735166426
ti_ca,ba_ca,nd_ti,nd_ba,0.8662420382165605,0.7583212735166426
mn_cu,na_cu,ba_ca,nd_mn,0.8789808917197452,0.7583212735166426
ba_ca,na_mn,na_ti,nd_ti,0.8789808917197452,0.7583212735166426
nd_ca,ba_mn,na_mn,nd_mn,0.8598726114649682,0.7583212735166426
mn_cu,ba_cu,ti_mn,ba_mn,0.8662420382165605,0.7583212735166426
mn_cu,na_ca,na_mn,na_ba,0.8789808917197452,0.7583212735166426
mn_cu,na_ca,nd_mn,na_ti,0.8662420382165605,0.7583212735166426
nd_cu,ba_mn,na_ti,nd_na,0.89171974522293,0.7583212735166426
nd_cu,na_mn,na_ti,nd_ti,0.8789808917197452,0.7583212735166426
ba_cu,mn_ca,nd_ti,na_ba,0.8789808917197452,0.7583212735166426
ba_cu,ti_ca,ba_ca,na_mn,0.89171974522293,0.7583212735166426
mn_cu,na_cu,ti_ca,ba_ca,0.8662420382165605,0.7583212735166426
mn_cu,na_cu,ti_ca,na_ca,0.8853503184713376,0.7583212735166426
mn_cu,na_cu,ti_ca,ba_ti,0.8662420382165605,0.7583212735166426
nd_cu,mn_ca,na_ti,nd_na,0.8789808917197452,0.7583212735166426
na_cu,na_ca,nd_ca,nd_na,0.8662420382165605,0.7583212735166426
mn_cu,nd_cu,na_ca,nd_ca,0.8662420382165605,0.7583212735166426
ba_cu,nd_ca,ba_ti,na_ba,0.8726114649681529,0.7583212735166426
ba_cu,nd_ca,nd_ti,na_ba,0.8598726114649682,0.7583212735166426
ba_cu,ti_mn,ba_mn,na_mn,0.8853503184713376,0.7583212735166426
ba_cu,nd_ca,na_mn,nd_ba,0.8598726114649682,0.7583212735166426
mn_cu,na_ca,na_ti,nd_na,0.8662420382165605,0.7583212735166426
ca_cu,mn_cu,nd_mn,nd_ti,0.8726114649681529,0.7583212735166426
ca_cu,mn_cu,ba_ti,nd_ti,0.8853503184713376,0.7583212735166426
ti_cu,mn_ca,na_ba,nd_na,0.8789808917197452,0.7583212735166426
mn_ca,na_mn,nd_mn,na_ti,0.8789808917197452,0.7583212735166426
mn_ca,ti_mn,na_ti,na_ba,0.8853503184713376,0.7583212735166426
mn_ca,ti_mn,nd_ti,na_ba,0.8662420382165605,0.7583212735166426
nd_ca,nd_mn,ba_ti,na_ba,0.8662420382165605,0.7583212735166426
mn_cu,na_cu,na_ti,nd_ti,0.8980891719745223,0.7583212735166426
nd_cu,mn_ca,nd_mn,ba_ti,0.8789808917197452,0.7583212735166426
na_cu,nd_ca,ti_mn,na_ba,0.8598726114649682,0.7583212735166426
na_cu,nd_ca,ba_mn,nd_ba,0.8598726114649682,0.7583212735166426
ti_cu,ba_ca,ba_mn,nd_na,0.8853503184713376,0.7583212735166426
na_ca,nd_ca,ba_ti,nd_na,0.8535031847133758,0.7583212735166426
ca_cu,ti_ca,ba_mn,na_mn,0.8726114649681529,0.7583212735166426
ba_cu,nd_ca,ti_mn,na_ti,0.8853503184713376,0.7583212735166426
ti_ca,na_ca,ti_mn,na_ti,0.8726114649681529,0.7583212735166426
ca_cu,ba_cu,ti_mn,na_mn,0.8853503184713376,0.7583212735166426
ba_ca,nd_mn,nd_ti,nd_ba,0.8662420382165605,0.7583212735166426
ti_cu,ba_ca,na_mn,ba_ti,0.8853503184713376,0.7583212735166426
mn_cu,na_cu,ba_mn,na_ti,0.8853503184713376,0.7583212735166426
ca_cu,ti_cu,na_mn,nd_mn,0.8726114649681529,0.7583212735166426
ca_cu,ti_cu,na_mn,na_ba,0.8726114649681529,0.7583212735166426
ca_cu,ti_cu,nd_mn,ba_ti,0.8662420382165605,0.7583212735166426
ti_cu,mn_ca,na_ti,nd_ba,0.8726114649681529,0.7583212735166426
ca_cu,mn_ca,ba_mn,nd_na,0.8789808917197452,0.7583212735166426
ti_cu,ba_cu,na_cu,nd_ca,0.8853503184713376,0.7583212735166426
nd_cu,nd_mn,ba_ti,nd_ba,0.8662420382165605,0.7583212735166426
ca_cu,ba_cu,na_mn,na_ti,0.89171974522293,0.7583212735166426
ba_cu,ti_ca,nd_ti,nd_ba,0.8662420382165605,0.7583212735166426
ba_cu,ti_ca,na_mn,nd_na,0.8853503184713376,0.7583212735166426
mn_cu,nd_ca,nd_mn,nd_ti,0.8662420382165605,0.7583212735166426
mn_cu,nd_ca,ba_ti,nd_ba,0.8789808917197452,0.7583212735166426
ba_cu,nd_ca,ba_mn,nd_ba,0.8726114649681529,0.7583212735166426
ba_cu,na_ca,ba_ti,nd_ba,0.8789808917197452,0.7583212735166426
mn_cu,ba_cu,mn_ca,na_mn,0.8789808917197452,0.7583212735166426
nd_cu,mn_ca,ti_mn,ba_ti,0.8789808917197452,0.7583212735166426
nd_cu,mn_ca,ti_mn,nd_na,0.8789808917197452,0.7583212735166426
nd_cu,mn_ca,ba_mn,ba_ti,0.8726114649681529,0.7583212735166426
ca_cu,nd_cu,nd_ca,nd_ti,0.8662420382165605,0.7583212735166426
mn_cu,nd_cu,mn_ca,ti_ca,0.8726114649681529,0.7583212735166426
mn_ca,ba_mn,ba_ti,na_ba,0.8535031847133758,0.7583212735166426
mn_ca,ba_mn,na_ti,nd_ti,0.8662420382165605,0.7583212735166426
mn_cu,ti_cu,ti_ca,nd_ba,0.8789808917197452,0.7583212735166426
na_cu,ti_mn,na_ti,nd_ba,0.8853503184713376,0.7583212735166426
na_cu,ti_mn,na_ba,nd_ba,0.89171974522293,0.7583212735166426
nd_cu,mn_ca,na_ca,nd_mn,0.8853503184713376,0.7583212735166426
nd_cu,mn_ca,na_ca,ba_ti,0.8789808917197452,0.7583212735166426
nd_cu,mn_ca,nd_ca,ba_ti,0.8726114649681529,0.7583212735166426
ca_cu,ti_ca,ba_ca,na_mn,0.8789808917197452,0.7583212735166426
ca_cu,mn_ca,na_mn,na_ba,0.8853503184713376,0.7583212735166426
ca_cu,mn_ca,nd_mn,ba_ti,0.8789808917197452,0.7583212735166426
ca_cu,mn_ca,nd_mn,nd_ti,0.8789808917197452,0.7583212735166426
ti_cu,ba_ca,nd_ca,ti_mn,0.8726114649681529,0.7583212735166426
ti_cu,ba_ca,nd_ca,ba_mn,0.8726114649681529,0.7583212735166426
nd_cu,mn_ca,ti_mn,ba_mn,0.8853503184713376,0.7583212735166426
ti_cu,ba_ca,na_mn,na_ba,0.8789808917197452,0.7583212735166426
mn_ca,ba_mn,nd_mn,nd_ba,0.89171974522293,0.7583212735166426
ca_cu,ti_ca,ba_ca,ti_mn,0.8789808917197452,0.7583212735166426
ba_cu,ti_ca,nd_ca,na_mn,0.8598726114649682,0.7583212735166426
ba_cu,ba_ca,ba_mn,nd_na,0.8853503184713376,0.7583212735166426
ca_cu,mn_cu,ba_cu,na_cu,0.89171974522293,0.7583212735166426
ca_cu,mn_cu,ba_cu,ba_mn,0.8662420382165605,0.7583212735166426
na_mn,na_ti,nd_ti,na_ba,0.8789808917197452,0.7583212735166426
na_cu,ba_mn,na_mn,ba_ti,0.8662420382165605,0.7583212735166426
na_cu,ba_mn,na_mn,na_ba,0.8726114649681529,0.7583212735166426
na_cu,ti_mn,ba_ti,na_ti,0.8853503184713376,0.7583212735166426
na_cu,ti_mn,ba_ti,na_ba,0.8789808917197452,0.7583212735166426
ti_ca,ba_ti,nd_ti,nd_ba,0.8662420382165605,0.7583212735166426
na_ca,ba_mn,nd_mn,na_ba,0.8726114649681529,0.7583212735166426
ca_cu,nd_cu,ti_mn,ba_mn,0.8853503184713376,0.7583212735166426
ti_cu,ti_ca,ba_mn,nd_ba,0.8853503184713376,0.7583212735166426
mn_cu,nd_mn,na_ti,nd_ti,0.8662420382165605,0.7583212735166426
mn_cu,ba_mn,nd_ba,nd_na,0.8662420382165605,0.7583212735166426
ca_cu,ba_mn,nd_mn,ba_ti,0.8662420382165605,0.7583212735166426
ca_cu,ba_mn,nd_mn,na_ba,0.8662420382165605,0.7583212735166426
na_cu,mn_ca,ti_mn,ba_mn,0.89171974522293,0.7583212735166426
na_cu,mn_ca,ti_mn,ba_ti,0.89171974522293,0.7583212735166426
ca_cu,nd_ca,na_mn,nd_ti,0.8789808917197452,0.7583212735166426
ca_cu,ba_ca,ba_mn,na_ba,0.8726114649681529,0.7583212735166426
ca_cu,na_ti,nd_ti,na_ba,0.8789808917197452,0.7583212735166426
ca_cu,na_ti,na_ba,nd_ba,0.8789808917197452,0.7583212735166426
ba_ca,ba_mn,na_ti,nd_ba,0.8726114649681529,0.7583212735166426
ba_cu,na_cu,ba_ca,ba_mn,0.8726114649681529,0.7583212735166426
mn_ca,na_ca,ti_mn,ba_ti,0.8789808917197452,0.7583212735166426
ca_cu,mn_cu,na_cu,ti_mn,0.89171974522293,0.7583212735166426
na_cu,ba_mn,na_ti,na_ba,0.8789808917197452,0.7583212735166426
mn_cu,ti_cu,na_ca,na_mn,0.8726114649681529,0.7583212735166426
mn_cu,ti_cu,ti_ca,na_ca,0.8726114649681529,0.7583212735166426
mn_cu,ti_cu,ti_ca,na_mn,0.8662420382165605,0.7583212735166426
ti_cu,ti_ca,ti_mn,na_ti,0.8726114649681529,0.7583212735166426
ba_cu,ba_ca,ba_ti,nd_ti,0.8598726114649682,0.7583212735166426
na_mn,ba_ti,na_ba,nd_na,0.8789808917197452,0.7568740955137482
ca_cu,mn_cu,na_cu,ti_ca,0.8853503184713376,0.7568740955137482
nd_mn,nd_ti,na_ba,nd_na,0.8726114649681529,0.7568740955137482
nd_mn,na_ti,na_ba,nd_ba,0.8789808917197452,0.7568740955137482
ca_cu,mn_cu,na_cu,ba_ca,0.8853503184713376,0.7568740955137482
ca_cu,mn_cu,ti_cu,ba_mn,0.8789808917197452,0.7568740955137482
ca_cu,mn_cu,ba_cu,nd_cu,0.8726114649681529,0.7568740955137482
ca_cu,mn_cu,ti_cu,na_ti,0.8662420382165605,0.7568740955137482
na_mn,na_ti,na_ba,nd_na,0.8789808917197452,0.7568740955137482
nd_mn,na_ti,nd_ti,na_ba,0.8726114649681529,0.7568740955137482
mn_cu,na_cu,ba_mn,nd_ba,0.8471337579617835,0.7568740955137482
mn_cu,na_cu,ti_mn,nd_ba,0.8789808917197452,0.7568740955137482
mn_ca,ba_ca,nd_mn,nd_ti,0.8726114649681529,0.7568740955137482
ba_cu,na_cu,na_ti,na_ba,0.8789808917197452,0.7568740955137482
ba_cu,na_cu,nd_mn,nd_na,0.8726114649681529,0.7568740955137482
na_cu,ti_mn,nd_ti,na_ba,0.8662420382165605,0.7568740955137482
na_cu,ba_mn,nd_mn,nd_na,0.8662420382165605,0.7568740955137482
na_cu,ba_mn,nd_mn,na_ba,0.8598726114649682,0.7568740955137482
ba_mn,ba_ti,na_ba,nd_na,0.8726114649681529,0.7568740955137482
ba_mn,ba_ti,na_ba,nd_ba,0.8789808917197452,0.7568740955137482
ba_mn,nd_mn,ba_ti,na_ba,0.8662420382165605,0.7568740955137482
na_cu,na_mn,nd_mn,na_ti,0.8853503184713376,0.7568740955137482
na_cu,ba_mn,na_ba,nd_na,0.8789808917197452,0.7568740955137482
mn_cu,na_cu,nd_mn,ba_ti,0.8726114649681529,0.7568740955137482
mn_cu,na_cu,na_ca,ba_mn,0.89171974522293,0.7568740955137482
mn_cu,na_cu,ba_ca,nd_na,0.8789808917197452,0.7568740955137482
mn_cu,na_cu,ba_ca,na_ba,0.8662420382165605,0.7568740955137482
ba_ca,na_ca,nd_ca,nd_ba,0.8789808917197452,0.7568740955137482
ba_cu,na_cu,nd_ti,nd_ba,0.8726114649681529,0.7568740955137482
ba_ca,na_ca,nd_ca,ba_mn,0.8726114649681529,0.7568740955137482
ti_ca,nd_ti,na_ba,nd_na,0.8598726114649682,0.7568740955137482
mn_cu,na_cu,na_ca,nd_na,0.8853503184713376,0.7568740955137482
ba_ca,na_ca,na_mn,nd_mn,0.8853503184713376,0.7568740955137482
ti_cu,na_cu,nd_cu,nd_na,0.89171974522293,0.7568740955137482
ti_cu,na_cu,ti_ca,nd_ca,0.8726114649681529,0.7568740955137482
ca_cu,mn_cu,ba_ca,nd_ti,0.8789808917197452,0.7568740955137482
ba_mn,na_mn,ba_ti,nd_ba,0.8853503184713376,0.7568740955137482
ti_mn,ba_ti,nd_ti,nd_na,0.8662420382165605,0.7568740955137482
ca_cu,mn_cu,ba_mn,nd_mn,0.8726114649681529,0.7568740955137482
ba_cu,nd_cu,mn_ca,na_ba,0.8662420382165605,0.7568740955137482
mn_cu,na_cu,ti_ca,na_ti,0.8853503184713376,0.7568740955137482
ba_cu,na_cu,na_mn,nd_na,0.8726114649681529,0.7568740955137482
ba_cu,na_cu,na_mn,na_ti,0.8789808917197452,0.7568740955137482
mn_cu,na_cu,na_ba,nd_ba,0.8726114649681529,0.7568740955137482
mn_cu,na_cu,na_ti,nd_ba,0.8789808917197452,0.7568740955137482
na_cu,nd_ca,na_mn,na_ti,0.89171974522293,0.7568740955137482
na_cu,nd_ca,ba_mn,nd_na,0.8471337579617835,0.7568740955137482
nd_cu,mn_ca,ti_mn,nd_ti,0.8789808917197452,0.7568740955137482
nd_cu,mn_ca,ti_mn,nd_mn,0.8726114649681529,0.7568740955137482
mn_ca,nd_mn,ba_ti,nd_ti,0.8789808917197452,0.7568740955137482
ti_cu,mn_ca,ti_mn,na_ti,0.8726114649681529,0.7568740955137482
ti_cu,mn_ca,ti_mn,na_mn,0.8789808917197452,0.7568740955137482
ti_cu,mn_ca,na_mn,na_ti,0.8789808917197452,0.7568740955137482
ti_ca,na_mn,ba_ti,nd_ti,0.8789808917197452,0.7568740955137482
mn_cu,ba_cu,ba_mn,na_ba,0.8662420382165605,0.7568740955137482
ba_ca,nd_ca,ti_mn,ba_mn,0.8662420382165605,0.7568740955137482
ba_ca,na_ca,nd_ti,nd_na,0.8662420382165605,0.7568740955137482
mn_cu,ba_cu,na_ti,nd_ti,0.8726114649681529,0.7568740955137482
mn_cu,ba_cu,nd_mn,na_ti,0.8726114649681529,0.7568740955137482
mn_ca,ti_ca,ti_mn,ba_mn,0.8726114649681529,0.7568740955137482
mn_ca,ti_ca,na_ca,na_ba,0.8789808917197452,0.7568740955137482
na_cu,nd_ca,ti_mn,nd_na,0.8853503184713376,0.7568740955137482
na_cu,nd_ca,ti_mn,ba_ti,0.8598726114649682,0.7568740955137482
na_cu,nd_ca,ti_mn,ba_mn,0.8726114649681529,0.7568740955137482
ca_cu,ti_cu,ba_cu,nd_ba,0.8789808917197452,0.7568740955137482
ca_cu,mn_cu,nd_ti,nd_na,0.8980891719745223,0.7568740955137482
ca_cu,mn_cu,na_ti,nd_ba,0.8789808917197452,0.7568740955137482
ti_mn,ba_ti,na_ti,nd_ti,0.8789808917197452,0.7568740955137482
ba_ca,nd_ca,ba_mn,ba_ti,0.8662420382165605,0.7568740955137482
mn_cu,ba_cu,ba_mn,nd_na,0.8598726114649682,0.7568740955137482
ba_cu,na_cu,ti_ca,ba_ti,0.8726114649681529,0.7568740955137482
ba_cu,na_cu,nd_ca,ba_mn,0.8535031847133758,0.7568740955137482
ti_ca,na_mn,nd_mn,nd_ti,0.8598726114649682,0.7568740955137482
mn_cu,nd_cu,nd_ca,nd_na,0.8726114649681529,0.7568740955137482
ti_ca,na_mn,nd_mn,ba_ti,0.8789808917197452,0.7568740955137482
ti_ca,ba_mn,na_ba,nd_na,0.8726114649681529,0.7568740955137482
ti_cu,ti_ca,ba_ca,na_ti,0.8726114649681529,0.7568740955137482
mn_ca,ba_mn,nd_ti,nd_na,0.8789808917197452,0.7568740955137482
mn_ca,ba_mn,nd_ti,na_ba,0.8662420382165605,0.7568740955137482
ti_cu,ba_cu,nd_ca,ba_ti,0.8662420382165605,0.7568740955137482
ca_cu,ti_cu,na_cu,ti_mn,0.8853503184713376,0.7568740955137482
na_cu,ba_ca,nd_mn,ba_ti,0.8662420382165605,0.7568740955137482
na_cu,na_ca,na_mn,nd_mn,0.8789808917197452,0.7568740955137482
nd_cu,mn_ca,na_ba,nd_ba,0.8726114649681529,0.7568740955137482
nd_cu,mn_ca,ba_ti,nd_na,0.8662420382165605,0.7568740955137482
nd_cu,ti_ca,nd_ca,ba_mn,0.8662420382165605,0.7568740955137482
na_cu,nd_ca,ba_mn,na_ba,0.8535031847133758,0.7568740955137482
ti_ca,ba_mn,nd_mn,na_ba,0.8662420382165605,0.7568740955137482
ba_ca,nd_ca,ba_ti,nd_ti,0.8662420382165605,0.7568740955137482
ba_cu,mn_ca,ti_ca,nd_mn,0.8789808917197452,0.7568740955137482
ba_cu,mn_ca,na_ca,na_mn,0.8726114649681529,0.7568740955137482
ba_cu,mn_ca,na_ca,nd_ca,0.8726114649681529,0.7568740955137482
ba_cu,mn_ca,ba_ca,na_ti,0.8598726114649682,0.7568740955137482
ba_cu,mn_ca,ba_mn,ba_ti,0.8726114649681529,0.7568740955137482
ba_cu,mn_ca,ba_mn,nd_mn,0.8853503184713376,0.7568740955137482
ba_cu,ti_ca,na_ca,na_ti,0.8789808917197452,0.7568740955137482
ti_mn,ba_mn,na_ti,nd_na,0.89171974522293,0.7568740955137482
ca_cu,ti_cu,nd_cu,ba_mn,0.8853503184713376,0.7568740955137482
ca_cu,ti_cu,mn_ca,na_ti,0.8535031847133758,0.7568740955137482
ti_cu,ba_cu,ti_ca,na_mn,0.8726114649681529,0.7568740955137482
mn_ca,na_mn,ba_ti,na_ba,0.8789808917197452,0.7568740955137482
mn_ca,na_mn,nd_mn,na_ba,0.8789808917197452,0.7568740955137482
ti_cu,mn_ca,na_ti,nd_ti,0.8598726114649682,0.7568740955137482
mn_ca,ti_ca,ba_ca,ba_ti,0.8598726114649682,0.7568740955137482
ba_ca,ti_mn,na_mn,nd_mn,0.8789808917197452,0.7568740955137482
ba_ca,nd_ca,na_ti,nd_ti,0.8789808917197452,0.7568740955137482
ti_ca,ba_mn,na_mn,na_ti,0.8853503184713376,0.7568740955137482
mn_cu,nd_cu,ba_ti,nd_ba,0.8789808917197452,0.7568740955137482
mn_cu,nd_cu,ba_ti,nd_ti,0.8662420382165605,0.7568740955137482
mn_cu,mn_ca,ba_ca,na_ba,0.8789808917197452,0.7568740955137482
na_cu,ti_ca,na_mn,na_ba,0.8789808917197452,0.7568740955137482
na_cu,ti_ca,ba_mn,nd_mn,0.8726114649681529,0.7568740955137482
na_cu,ti_ca,ba_mn,na_mn,0.8662420382165605,0.7568740955137482
na_cu,ti_ca,na_ti,nd_ti,0.8726114649681529,0.7568740955137482
na_cu,ti_ca,ba_ti,nd_na,0.8726114649681529,0.7568740955137482
nd_ca,na_ti,nd_ti,nd_ba,0.8789808917197452,0.7568740955137482
nd_ca,nd_mn,na_ti,nd_na,0.8662420382165605,0.7568740955137482
na_cu,ti_ca,na_ba,nd_ba,0.8853503184713376,0.7568740955137482
na_cu,ba_ca,nd_ca,na_ti,0.8598726114649682,0.7568740955137482
mn_cu,mn_ca,na_ca,nd_mn,0.8598726114649682,0.7568740955137482
ba_ca,ti_mn,nd_ti,nd_ba,0.8662420382165605,0.7568740955137482
ba_ca,ti_mn,ba_ti,nd_ti,0.8598726114649682,0.7568740955137482
ba_cu,ba_ca,ti_mn,na_ti,0.8853503184713376,0.7568740955137482
mn_ca,ti_ca,ba_ca,ba_mn,0.8726114649681529,0.7568740955137482
mn_cu,ti_cu,mn_ca,na_ti,0.8726114649681529,0.7568740955137482
mn_cu,ti_cu,ti_ca,na_ti,0.8726114649681529,0.7568740955137482
mn_cu,ti_cu,ba_ca,na_mn,0.8853503184713376,0.7568740955137482
ca_cu,ti_cu,nd_ca,nd_ti,0.8662420382165605,0.7568740955137482
ca_cu,ti_cu,na_mn,nd_ti,0.8789808917197452,0.7568740955137482
nd_ca,na_mn,na_ti,nd_ti,0.8662420382165605,0.7568740955137482
mn_cu,na_mn,nd_ti,nd_na,0.8853503184713376,0.7568740955137482
ti_ca,na_ca,ti_mn,na_mn,0.8598726114649682,0.7568740955137482
ti_cu,ti_ca,na_ca,na_ba,0.8789808917197452,0.7568740955137482
ti_cu,ti_ca,na_ca,na_mn,0.8662420382165605,0.7568740955137482
ti_cu,ti_ca,nd_mn,nd_ti,0.8789808917197452,0.7568740955137482
ti_cu,ti_ca,na_mn,nd_mn,0.8598726114649682,0.7568740955137482
ti_cu,ba_ca,nd_ca,nd_ti,0.8726114649681529,0.7568740955137482
ti_ca,na_ca,nd_ca,nd_ti,0.8662420382165605,0.7568740955137482
ca_cu,ba_cu,nd_cu,nd_ti,0.8662420382165605,0.7568740955137482
ca_cu,ba_cu,nd_cu,ti_mn,0.8789808917197452,0.7568740955137482
ca_cu,ba_cu,mn_ca,nd_ti,0.8853503184713376,0.7568740955137482
ca_cu,ba_cu,mn_ca,na_ti,0.8726114649681529,0.7568740955137482
ca_cu,ba_cu,mn_ca,ti_ca,0.8726114649681529,0.7568740955137482
na_cu,mn_ca,na_mn,nd_ti,0.8789808917197452,0.7568740955137482
nd_cu,ti_ca,nd_ti,nd_ba,0.8789808917197452,0.7568740955137482
na_cu,ti_ca,na_ca,ba_mn,0.8789808917197452,0.7568740955137482
na_cu,ti_ca,ti_mn,na_mn,0.8853503184713376,0.7568740955137482
nd_cu,ti_ca,ti_mn,nd_na,0.8789808917197452,0.7568740955137482
ca_cu,ti_cu,ti_mn,ba_mn,0.8662420382165605,0.7568740955137482
ba_cu,ba_ca,nd_ti,nd_ba,0.8662420382165605,0.7568740955137482
ba_cu,ba_ca,na_ti,nd_ba,0.8789808917197452,0.7568740955137482
nd_cu,nd_mn,na_ba,nd_ba,0.8726114649681529,0.7568740955137482
ba_ca,ba_mn,na_mn,nd_ba,0.8853503184713376,0.7568740955137482
mn_cu,ti_cu,na_cu,na_ba,0.8726114649681529,0.7568740955137482
ba_cu,nd_ca,na_mn,na_ti,0.8726114649681529,0.7568740955137482
ba_cu,nd_ca,na_mn,ba_ti,0.8598726114649682,0.7568740955137482
ba_cu,nd_ca,ba_mn,nd_na,0.8662420382165605,0.7568740955137482
ba_cu,nd_ca,na_ba,nd_ba,0.8662420382165605,0.7568740955137482
mn_cu,ba_mn,nd_ti,nd_na,0.8789808917197452,0.7568740955137482
mn_cu,nd_mn,ba_ti,nd_ti,0.8789808917197452,0.7568740955137482
na_cu,mn_ca,ba_mn,nd_mn,0.8662420382165605,0.7568740955137482
na_cu,mn_ca,ti_mn,nd_na,0.8853503184713376,0.7568740955137482
na_cu,mn_ca,ti_mn,nd_ba,0.8789808917197452,0.7568740955137482
ca_cu,ba_cu,ti_ca,nd_ba,0.8789808917197452,0.7568740955137482
ca_cu,ba_cu,ti_ca,ba_ti,0.8662420382165605,0.7568740955137482
nd_ca,ba_mn,nd_mn,na_ti,0.8789808917197452,0.7568740955137482
nd_ca,ba_mn,nd_mn,ba_ti,0.8853503184713376,0.7568740955137482
nd_ca,ba_mn,na_mn,nd_na,0.8598726114649682,0.7568740955137482
nd_cu,nd_mn,ba_ti,nd_na,0.8726114649681529,0.7568740955137482
ca_cu,ba_ti,nd_ti,nd_na,0.8726114649681529,0.7568740955137482
ca_cu,ba_ti,nd_ti,nd_ba,0.8789808917197452,0.7568740955137482
ca_cu,na_ba,nd_ba,nd_na,0.8789808917197452,0.7568740955137482
mn_cu,ti_cu,na_cu,na_ca,0.89171974522293,0.7568740955137482
mn_cu,mn_ca,na_ca,na_mn,0.8598726114649682,0.7568740955137482
mn_ca,na_ca,ba_ti,na_ba,0.8726114649681529,0.7568740955137482
mn_ca,na_ca,nd_mn,nd_ti,0.8407643312101911,0.7568740955137482
ba_cu,na_cu,nd_cu,nd_mn,0.8598726114649682,0.7568740955137482
ti_ca,ti_mn,na_mn,na_ba,0.8853503184713376,0.7568740955137482
ca_cu,ba_cu,ti_mn,ba_ti,0.8789808917197452,0.7568740955137482
ca_cu,ba_cu,ti_mn,nd_mn,0.8662420382165605,0.7568740955137482
ca_cu,ba_cu,nd_mn,ba_ti,0.8662420382165605,0.7568740955137482
ca_cu,ba_cu,na_mn,nd_ba,0.89171974522293,0.7568740955137482
mn_cu,ba_mn,na_mn,nd_na,0.8726114649681529,0.7568740955137482
mn_cu,ba_mn,na_mn,na_ba,0.8789808917197452,0.7568740955137482
ti_cu,ba_ca,na_mn,nd_mn,0.8853503184713376,0.7568740955137482
ti_cu,na_ca,ti_mn,na_mn,0.8662420382165605,0.7568740955137482
ti_cu,na_ca,nd_ca,ba_ti,0.8726114649681529,0.7568740955137482
ti_cu,na_ca,na_mn,nd_ti,0.8853503184713376,0.7568740955137482
mn_cu,ba_mn,nd_mn,nd_ba,0.8535031847133758,0.7568740955137482
nd_ca,ti_mn,ba_ti,nd_ti,0.8598726114649682,0.7568740955137482
nd_ca,ti_mn,ba_ti,na_ti,0.8726114649681529,0.7568740955137482
nd_ca,ti_mn,na_mn,nd_ti,0.8662420382165605,0.7568740955137482
na_ca,nd_ti,na_ba,nd_ba,0.8598726114649682,0.7568740955137482
na_cu,mn_ca,ba_ca,na_mn,0.89171974522293,0.7568740955137482
na_cu,mn_ca,ba_ca,nd_ca,0.8662420382165605,0.7568740955137482
na_cu,mn_ca,ba_ca,nd_ba,0.8662420382165605,0.7568740955137482
nd_ca,ti_mn,na_ti,na_ba,0.8726114649681529,0.7568740955137482
ca_cu,ba_cu,ba_mn,nd_mn,0.8789808917197452,0.7568740955137482
ti_ca,ti_mn,ba_mn,na_ti,0.8853503184713376,0.7568740955137482
mn_cu,mn_ca,nd_mn,na_ti,0.8726114649681529,0.7568740955137482
ti_ca,nd_ca,nd_ti,nd_ba,0.8726114649681529,0.7568740955137482
ca_cu,na_mn,na_ti,nd_na,0.8789808917197452,0.7568740955137482
ba_cu,ti_mn,ba_mn,nd_na,0.8407643312101911,0.7568740955137482
ba_ca,na_mn,na_ti,nd_ba,0.89171974522293,0.7568740955137482
ba_ca,na_mn,ba_ti,nd_ti,0.8789808917197452,0.7568740955137482
ba_ca,ba_mn,nd_ti,nd_na,0.8853503184713376,0.7568740955137482
ti_ca,nd_ca,ba_ti,nd_ba,0.8789808917197452,0.7568740955137482
ca_cu,na_cu,nd_cu,na_ba,0.8853503184713376,0.7568740955137482
na_ca,ba_ti,na_ti,na_ba,0.8789808917197452,0.7568740955137482
ca_cu,na_cu,ti_ca,na_mn,0.89171974522293,0.7568740955137482
ca_cu,na_cu,na_ca,na_ti,0.8853503184713376,0.7568740955137482
ca_cu,na_cu,na_ca,nd_ca,0.8853503184713376,0.7568740955137482
nd_cu,ba_ca,na_mn,nd_mn,0.8853503184713376,0.7568740955137482
nd_cu,ba_ca,ti_mn,na_mn,0.8726114649681529,0.7568740955137482
ca_cu,ba_cu,na_mn,nd_ti,0.8853503184713376,0.7568740955137482
ca_cu,ba_cu,na_mn,nd_mn,0.8789808917197452,0.7568740955137482
ba_cu,na_cu,nd_cu,ba_ca,0.8726114649681529,0.7568740955137482
mn_ca,na_ca,nd_ti,na_ba,0.8662420382165605,0.7568740955137482
mn_cu,ti_ca,ba_ca,nd_mn,0.8789808917197452,0.7568740955137482
mn_cu,ti_ca,nd_ca,nd_mn,0.8726114649681529,0.7568740955137482
ba_ca,ba_ti,na_ti,nd_ti,0.8598726114649682,0.7568740955137482
ba_cu,ti_mn,ba_mn,nd_ba,0.8662420382165605,0.7568740955137482
ba_cu,ti_mn,ba_mn,na_ba,0.8789808917197452,0.7568740955137482
mn_cu,ti_mn,ba_ti,na_ba,0.8853503184713376,0.7568740955137482
mn_cu,ti_mn,na_mn,nd_ba,0.8662420382165605,0.7568740955137482
ca_cu,na_cu,ba_ca,nd_ba,0.89171974522293,0.7568740955137482
na_cu,nd_cu,ti_mn,na_ti,0.8789808917197452,0.7568740955137482
ca_cu,nd_cu,mn_ca,nd_ti,0.8726114649681529,0.7568740955137482
ca_cu,ba_cu,na_ti,nd_ba,0.8789808917197452,0.7568740955137482
ba_ca,na_ti,na_ba,nd_ba,0.8726114649681529,0.7568740955137482
nd_cu,ba_mn,nd_mn,nd_na,0.8726114649681529,0.7568740955137482
ba_cu,ti_mn,nd_ti,nd_ba,0.8726114649681529,0.7568740955137482
ba_cu,ti_mn,ba_ti,na_ti,0.8853503184713376,0.7568740955137482
ca_cu,ti_mn,na_ti,nd_ba,0.8662420382165605,0.7568740955137482
ca_cu,ba_mn,ba_ti,na_ti,0.8662420382165605,0.7568740955137482
nd_cu,ti_mn,na_ti,nd_na,0.8853503184713376,0.7568740955137482
ca_cu,ba_ca,ba_mn,nd_na,0.8789808917197452,0.7568740955137482
ca_cu,ba_ca,ba_ti,nd_na,0.89171974522293,0.7568740955137482
ca_cu,ba_ca,nd_mn,ba_ti,0.8726114649681529,0.7568740955137482
nd_cu,na_ca,na_mn,nd_mn,0.8853503184713376,0.7568740955137482
nd_cu,na_ca,ba_mn,na_ba,0.8853503184713376,0.7568740955137482
nd_cu,na_ca,ba_mn,nd_mn,0.8853503184713376,0.7568740955137482
na_cu,nd_cu,nd_ca,na_ba,0.8598726114649682,0.7568740955137482
ti_cu,na_ca,nd_mn,nd_na,0.89171974522293,0.7568740955137482
ti_cu,nd_ca,ti_mn,na_ba,0.8662420382165605,0.7568740955137482
ti_cu,nd_ca,na_mn,nd_mn,0.8662420382165605,0.7568740955137482
ti_cu,nd_ca,ba_mn,na_ba,0.8789808917197452,0.7568740955137482
ti_cu,nd_ca,ba_mn,na_ti,0.8726114649681529,0.7568740955137482
ti_cu,nd_ca,ba_ti,nd_ba,0.8789808917197452,0.7568740955137482
ti_cu,nd_ca,ba_ti,na_ba,0.8662420382165605,0.7568740955137482
mn_ca,ti_mn,nd_mn,ba_ti,0.8853503184713376,0.7568740955137482
nd_cu,na_ca,ba_ti,nd_na,0.8789808917197452,0.7568740955137482
na_cu,nd_cu,na_ca,ti_mn,0.89171974522293,0.7568740955137482
na_cu,nd_cu,ba_ca,nd_ca,0.8662420382165605,0.7568740955137482
nd_cu,na_ca,na_mn,ba_ti,0.8789808917197452,0.7568740955137482
na_ca,na_mn,na_ti,nd_ti,0.8662420382165605,0.7568740955137482
na_ca,na_mn,nd_mn,nd_ti,0.8662420382165605,0.7568740955137482
ca_cu,nd_cu,na_ca,nd_ba,0.8853503184713376,0.7568740955137482
ca_cu,nd_cu,ti_ca,nd_ca,0.8662420382165605,0.7568740955137482
ca_cu,nd_cu,ti_ca,ba_ca,0.8662420382165605,0.7568740955137482
na_ca,na_mn,nd_ti,na_ba,0.8726114649681529,0.7568740955137482
ca_cu,na_ca,nd_ca,ba_mn,0.8853503184713376,0.7568740955137482
na_ca,nd_ca,ti_mn,nd_na,0.8853503184713376,0.7568740955137482
ca_cu,nd_ca,ba_mn,na_ba,0.8726114649681529,0.7568740955137482
ca_cu,ti_mn,nd_mn,na_ba,0.8662420382165605,0.7568740955137482
ca_cu,ti_ca,ti_mn,nd_na,0.89171974522293,0.7568740955137482
na_ca,ti_mn,ba_mn,na_mn,0.8789808917197452,0.7568740955137482
ca_cu,ti_ca,na_ti,nd_ba,0.8789808917197452,0.7568740955137482
ca_cu,ti_ca,ba_ti,na_ba,0.8789808917197452,0.7568740955137482
ca_cu,ti_ca,nd_mn,na_ba,0.8726114649681529,0.7568740955137482
mn_cu,na_ca,ti_mn,nd_mn,0.8598726114649682,0.7568740955137482
na_ca,ba_mn,na_mn,nd_ti,0.8726114649681529,0.7568740955137482
nd_cu,na_ca,nd_ti,na_ba,0.8789808917197452,0.7568740955137482
ba_cu,na_ti,nd_ba,nd_na,0.8853503184713376,0.7568740955137482
ti_cu,ti_mn,na_ti,nd_ti,0.8598726114649682,0.7568740955137482
mn_cu,na_ca,ba_mn,na_ti,0.8726114649681529,0.7568740955137482
mn_cu,na_ca,ba_mn,na_mn,0.8853503184713376,0.7568740955137482
mn_cu,nd_ca,ti_mn,na_mn,0.8789808917197452,0.7568740955137482
mn_cu,na_ca,na_ba,nd_na,0.8662420382165605,0.7568740955137482
mn_cu,nd_ca,nd_mn,nd_na,0.8726114649681529,0.7568740955137482
ca_cu,ti_ca,na_ba,nd_ba,0.8853503184713376,0.7568740955137482
ca_cu,ba_ca,ti_mn,ba_mn,0.8726114649681529,0.7568740955137482
mn_cu,ti_ca,nd_mn,nd_na,0.8598726114649682,0.7568740955137482
mn_cu,ti_ca,na_mn,na_ba,0.8726114649681529,0.7568740955137482
ti_cu,na_mn,nd_mn,na_ba,0.8726114649681529,0.7568740955137482
ti_cu,na_mn,nd_mn,na_ti,0.8853503184713376,0.7568740955137482
mn_ca,nd_ca,na_mn,nd_ti,0.8598726114649682,0.7568740955137482
mn_ca,nd_ca,na_mn,nd_mn,0.8535031847133758,0.7568740955137482
mn_ca,nd_ca,ba_mn,na_ba,0.8407643312101911,0.7568740955137482
ti_cu,na_mn,na_ti,nd_na,0.8789808917197452,0.7568740955137482
ti_cu,ba_mn,na_mn,nd_na,0.8789808917197452,0.7568740955137482
ti_cu,ba_mn,nd_ti,na_ba,0.8853503184713376,0.7568740955137482
ti_cu,na_mn,nd_mn,nd_ba,0.8662420382165605,0.7568740955137482
ti_ca,nd_ca,ba_mn,nd_na,0.8726114649681529,0.7568740955137482
mn_cu,ba_ca,na_mn,na_ba,0.89171974522293,0.7568740955137482
ca_cu,mn_ca,ti_mn,na_ba,0.89171974522293,0.7568740955137482
na_ca,ti_mn,na_mn,ba_ti,0.8853503184713376,0.7568740955137482
nd_cu,nd_ca,nd_ti,nd_na,0.8662420382165605,0.7568740955137482
ba_cu,na_mn,ba_ti,na_ti,0.8789808917197452,0.7568740955137482
ca_cu,ti_ca,na_mn,na_ba,0.8789808917197452,0.7568740955137482
ca_cu,nd_cu,nd_ti,nd_ba,0.8598726114649682,0.7568740955137482
nd_cu,nd_ca,nd_ti,nd_ba,0.8726114649681529,0.7568740955137482
nd_cu,nd_ca,ba_ti,na_ti,0.8598726114649682,0.7568740955137482
nd_cu,nd_ca,nd_mn,nd_ba,0.8726114649681529,0.7568740955137482
ba_cu,ba_ti,na_ti,nd_ti,0.8662420382165605,0.7568740955137482
nd_cu,nd_ca,nd_mn,ba_ti,0.8662420382165605,0.7568740955137482
ca_cu,mn_ca,ba_ca,ba_ti,0.8789808917197452,0.7568740955137482
nd_cu,nd_ca,ba_mn,nd_ti,0.8662420382165605,0.7568740955137482
nd_cu,nd_ca,ti_mn,nd_ba,0.8789808917197452,0.7568740955137482
ca_cu,mn_cu,nd_cu,mn_ca,0.8662420382165605,0.7568740955137482
na_mn,ba_ti,na_ti,nd_na,0.8789808917197452,0.7568740955137482
na_cu,nd_mn,ba_ti,nd_ti,0.8598726114649682,0.7568740955137482
na_cu,na_ti,nd_ti,nd_na,0.8789808917197452,0.7568740955137482
na_cu,ba_ti,nd_ti,na_ba,0.8662420382165605,0.7568740955137482
nd_cu,mn_ca,ba_ca,ti_mn,0.8662420382165605,0.7568740955137482
mn_ca,ba_ti,nd_ba,nd_na,0.8789808917197452,0.7568740955137482
mn_ca,ba_ti,na_ba,nd_na,0.8789808917197452,0.7568740955137482
nd_cu,mn_ca,ti_ca,ba_mn,0.8789808917197452,0.7568740955137482
ca_cu,mn_cu,mn_ca,ti_mn,0.8598726114649682,0.7568740955137482
ca_cu,mn_cu,nd_cu,nd_na,0.8789808917197452,0.7568740955137482
na_mn,nd_mn,ba_ti,nd_ba,0.8662420382165605,0.7568740955137482
na_mn,nd_mn,ba_ti,nd_ti,0.8662420382165605,0.7568740955137482
ti_cu,na_cu,mn_ca,nd_ba,0.8789808917197452,0.7568740955137482
ti_cu,na_cu,ba_ca,nd_ca,0.8789808917197452,0.7568740955137482
ti_cu,na_cu,nd_ca,nd_ti,0.8662420382165605,0.7568740955137482
ti_cu,nd_cu,nd_ti,nd_ba,0.8662420382165605,0.7568740955137482
ti_cu,mn_ca,ba_ca,ba_mn,0.8853503184713376,0.7568740955137482
ti_cu,na_cu,nd_ca,nd_mn,0.8789808917197452,0.7568740955137482
ti_cu,na_cu,nd_ca,na_mn,0.8853503184713376,0.7568740955137482
ti_cu,na_cu,na_mn,nd_ba,0.8789808917197452,0.7568740955137482
ti_ca,ba_ca,nd_ca,nd_ba,0.8726114649681529,0.7554269175108539
na_cu,ba_mn,ba_ti,na_ti,0.8662420382165605,0.7554269175108539
ba_mn,na_mn,nd_ti,nd_na,0.8662420382165605,0.7554269175108539
ba_mn,na_mn,nd_ti,nd_ba,0.8662420382165605,0.7554269175108539
nd_cu,mn_ca,ti_ca,na_mn,0.8853503184713376,0.7554269175108539
ti_ca,ba_ti,nd_ba,nd_na,0.8789808917197452,0.7554269175108539
mn_cu,na_cu,nd_mn,na_ba,0.8662420382165605,0.7554269175108539
ba_ca,na_ca,nd_ca,na_ba,0.8598726114649682,0.7554269175108539
mn_ca,ba_ca,ti_mn,nd_ti,0.8726114649681529,0.7554269175108539
ba_cu,nd_cu,ti_ca,ti_mn,0.8662420382165605,0.7554269175108539
ba_ca,na_ca,na_mn,nd_ti,0.8598726114649682,0.7554269175108539
mn_ca,na_mn,ba_ti,nd_na,0.8726114649681529,0.7554269175108539
ti_cu,na_cu,mn_ca,nd_mn,0.8789808917197452,0.7554269175108539
ti_cu,na_cu,nd_cu,nd_ti,0.8598726114649682,0.7554269175108539
ti_cu,na_cu,ti_ca,nd_ti,0.8662420382165605,0.7554269175108539
ba_mn,na_mn,na_ti,nd_na,0.89171974522293,0.7554269175108539
ca_cu,mn_cu,ba_ca,na_ba,0.8853503184713376,0.7554269175108539
ti_cu,na_mn,ba_ti,na_ba,0.8598726114649682,0.7554269175108539
ti_cu,na_mn,ba_ti,na_ti,0.89171974522293,0.7554269175108539
mn_cu,ba_ca,ba_mn,na_ba,0.8789808917197452,0.7554269175108539
mn_cu,ba_ca,ba_ti,na_ti,0.8726114649681529,0.7554269175108539
ti_cu,na_mn,nd_ti,nd_na,0.8853503184713376,0.7554269175108539
ti_cu,na_mn,nd_ti,nd_ba,0.8853503184713376,0.7554269175108539
nd_cu,ti_mn,ba_mn,na_ti,0.8853503184713376,0.7554269175108539
nd_cu,nd_ca,na_ba,nd_ba,0.8789808917197452,0.7554269175108539
ba_cu,na_mn,ba_ti,nd_ba,0.8662420382165605,0.7554269175108539
ca_cu,ti_ca,nd_ca,ti_mn,0.8726114649681529,0.7554269175108539
ca_cu,ti_ca,ti_mn,na_mn,0.8853503184713376,0.7554269175108539
ca_cu,nd_cu,na_ti,nd_ti,0.8662420382165605,0.7554269175108539
ba_cu,nd_mn,nd_ti,na_ba,0.8471337579617835,0.7554269175108539
ba_cu,ba_ti,nd_ti,nd_na,0.8789808917197452,0.7554269175108539
ba_cu,nd_mn,nd_ba,nd_na,0.8726114649681529,0.7554269175108539
ca_cu,nd_cu,ba_ti,nd_ba,0.8662420382165605,0.7554269175108539
mn_ca,ti_mn,na_mn,nd_mn,0.8726114649681529,0.7554269175108539
ti_cu,ti_mn,ba_mn,ba_ti,0.8662420382165605,0.7554269175108539
mn_cu,nd_ca,ba_ti,na_ti,0.8662420382165605,0.7554269175108539
ca_cu,ba_ca,nd_ca,nd_ba,0.8789808917197452,0.7554269175108539
nd_cu,ba_mn,na_mn,na_ti,0.8853503184713376,0.7554269175108539
mn_cu,ti_ca,ti_mn,na_mn,0.8662420382165605,0.7554269175108539
mn_cu,ti_ca,na_mn,na_ti,0.8726114649681529,0.7554269175108539
ti_ca,nd_ca,na_mn,ba_ti,0.8662420382165605,0.7554269175108539
mn_ca,nd_ca,nd_mn,ba_ti,0.8726114649681529,0.7554269175108539
ti_cu,na_mn,nd_ba,nd_na,0.8853503184713376,0.7554269175108539
ca_cu,nd_cu,nd_mn,nd_ba,0.8662420382165605,0.7554269175108539
na_ca,ti_mn,nd_ti,nd_na,0.8726114649681529,0.7554269175108539
ca_cu,nd_cu,na_ba,nd_ba,0.8789808917197452,0.7554269175108539
ca_cu,nd_cu,nd_ti,nd_na,0.8535031847133758,0.7554269175108539
ti_cu,na_mn,na_ti,na_ba,0.8789808917197452,0.7554269175108539
ti_cu,ba_mn,na_mn,nd_ti,0.8726114649681529,0.7554269175108539
mn_cu,ti_mn,na_mn,nd_mn,0.8598726114649682,0.7554269175108539
na_cu,nd_cu,ti_ca,ba_ca,0.8853503184713376,0.7554269175108539
nd_cu,na_ca,nd_mn,nd_ti,0.8726114649681529,0.7554269175108539
na_cu,nd_cu,na_ca,na_mn,0.8789808917197452,0.7554269175108539
ca_cu,na_cu,na_ba,nd_ba,0.89171974522293,0.7554269175108539
ca_cu,nd_cu,ti_ca,nd_ti,0.8662420382165605,0.7554269175108539
ba_ca,na_ba,nd_ba,nd_na,0.8726114649681529,0.7554269175108539
ca_cu,nd_ca,ba_mn,nd_na,0.8535031847133758,0.7554269175108539
na_ca,nd_ca,na_ba,nd_na,0.8471337579617835,0.7554269175108539
nd_cu,ti_mn,nd_mn,nd_ti,0.8662420382165605,0.7554269175108539
nd_cu,ti_mn,nd_mn,ba_ti,0.8789808917197452,0.7554269175108539
nd_cu,ti_mn,na_mn,nd_ti,0.8726114649681529,0.7554269175108539
ca_cu,ti_ca,nd_mn,ba_ti,0.8726114649681529,0.7554269175108539
na_ca,ba_mn,nd_ti,na_ba,0.8726114649681529,0.7554269175108539
ca_cu,nd_cu,ba_mn,nd_mn,0.8726114649681529,0.7554269175108539
na_cu,nd_cu,mn_ca,na_ti,0.8853503184713376,0.7554269175108539
nd_cu,ba_ca,na_ba,nd_na,0.8789808917197452,0.7554269175108539
ca_cu,na_cu,nd_ca,nd_ba,0.8726114649681529,0.7554269175108539
ca_cu,na_cu,na_mn,nd_na,0.8853503184713376,0.7554269175108539
ca_cu,na_cu,na_ti,nd_ba,0.8853503184713376,0.7554269175108539
ca_cu,na_cu,ba_ti,na_ti,0.8789808917197452,0.7554269175108539
ca_cu,ba_cu,na_ti,na_ba,0.89171974522293,0.7554269175108539
ca_cu,ti_mn,nd_mn,nd_ti,0.8598726114649682,0.7554269175108539
ba_cu,ti_mn,ba_ti,nd_ba,0.8598726114649682,0.7554269175108539
ba_cu,ba_mn,na_mn,nd_ba,0.8853503184713376,0.7554269175108539
ca_cu,ti_mn,nd_ti,na_ba,0.8662420382165605,0.7554269175108539
ca_cu,ba_mn,nd_mn,nd_na,0.8662420382165605,0.7554269175108539
nd_cu,ti_mn,ba_ti,na_ba,0.8598726114649682,0.7554269175108539
nd_cu,na_ca,ba_mn,na_ti,0.89171974522293,0.7554269175108539
na_cu,nd_cu,na_ca,ba_ti,0.8789808917197452,0.7554269175108539
nd_cu,na_ca,nd_ca,nd_ti,0.8662420382165605,0.7554269175108539
mn_cu,ti_mn,ba_mn,ba_ti,0.8662420382165605,0.7554269175108539
na_cu,nd_cu,na_mn,nd_ba,0.8662420382165605,0.7554269175108539
ca_cu,na_cu,na_ca,nd_na,0.8980891719745223,0.7554269175108539
na_cu,nd_cu,na_ti,nd_na,0.8726114649681529,0.7554269175108539
mn_ca,nd_ca,ba_mn,ba_ti,0.8662420382165605,0.7554269175108539
mn_ca,nd_ca,ti_mn,nd_ti,0.8662420382165605,0.7554269175108539
ti_cu,ba_ti,na_ti,na_ba,0.8662420382165605,0.7554269175108539
mn_cu,ti_ca,na_ca,ti_mn,0.8662420382165605,0.7554269175108539
mn_cu,ti_ca,nd_ca,nd_ti,0.8662420382165605,0.7554269175108539
ca_cu,ba_mn,na_mn,nd_ti,0.89171974522293,0.7554269175108539
ca_cu,ba_mn,na_mn,nd_mn,0.8726114649681529,0.7554269175108539
nd_cu,na_mn,nd_mn,nd_ti,0.8789808917197452,0.7554269175108539
ca_cu,ba_mn,nd_ti,na_ba,0.8726114649681529,0.7554269175108539
mn_cu,ti_mn,nd_mn,nd_na,0.8598726114649682,0.7554269175108539
na_ca,nd_mn,na_ti,nd_ti,0.8535031847133758,0.7554269175108539
ca_cu,na_cu,ti_mn,na_mn,0.89171974522293,0.7554269175108539
na_cu,nd_cu,ba_mn,na_ti,0.8726114649681529,0.7554269175108539
ca_cu,ba_cu,nd_ti,nd_ba,0.8726114649681529,0.7554269175108539
ca_cu,ba_cu,nd_ca,ti_mn,0.8726114649681529,0.7554269175108539
nd_cu,ba_ca,nd_ca,nd_ba,0.8726114649681529,0.7554269175108539
na_cu,mn_ca,na_ca,na_ti,0.8789808917197452,0.7554269175108539
nd_cu,ba_ca,nd_ca,na_mn,0.8726114649681529,0.7554269175108539
ti_ca,ti_mn,na_mn,nd_ti,0.8598726114649682,0.7554269175108539
ca_cu,na_mn,ba_ti,nd_ba,0.8853503184713376,0.7554269175108539
ba_cu,ti_mn,nd_mn,ba_ti,0.8535031847133758,0.7554269175108539
ba_cu,ti_mn,na_mn,nd_ti,0.8662420382165605,0.7554269175108539
ca_cu,na_mn,nd_ba,nd_na,0.89171974522293,0.7554269175108539
ti_ca,nd_ca,na_ti,nd_na,0.8662420382165605,0.7554269175108539
ti_ca,nd_ca,ba_ti,nd_ti,0.8726114649681529,0.7554269175108539
ca_cu,na_cu,nd_cu,na_mn,0.8853503184713376,0.7554269175108539
nd_cu,ba_ca,na_ba,nd_ba,0.8789808917197452,0.7554269175108539
nd_cu,ba_ca,nd_ti,nd_ba,0.8789808917197452,0.7554269175108539
nd_cu,ba_ca,ba_ti,nd_ti,0.8789808917197452,0.7554269175108539
ca_cu,ba_cu,ba_ca,ba_mn,0.8662420382165605,0.7554269175108539
ca_cu,ti_cu,na_ti,na_ba,0.8789808917197452,0.7554269175108539
ca_cu,ba_cu,na_cu,ba_ca,0.8789808917197452,0.7554269175108539
nd_cu,nd_mn,na_ti,nd_ti,0.8662420382165605,0.7554269175108539
mn_cu,mn_ca,na_ca,ti_mn,0.8726114649681529,0.7554269175108539
mn_ca,na_ca,na_ti,nd_ti,0.8535031847133758,0.7554269175108539
mn_ca,na_ca,nd_mn,na_ti,0.8662420382165605,0.7554269175108539
ti_ca,ti_mn,nd_mn,nd_ti,0.8726114649681529,0.7554269175108539
ti_ca,ti_mn,na_mn,nd_ba,0.8726114649681529,0.7554269175108539
ca_cu,ba_cu,ba_ti,nd_ti,0.8726114649681529,0.7554269175108539
mn_cu,ba_mn,na_mn,nd_mn,0.8789808917197452,0.7554269175108539
ti_cu,ba_ca,na_mn,nd_ti,0.89171974522293,0.7554269175108539
ti_cu,na_ca,ti_mn,na_ti,0.8726114649681529,0.7554269175108539
ti_cu,na_ca,nd_ca,na_mn,0.8726114649681529,0.7554269175108539
nd_ca,ti_mn,ba_mn,nd_mn,0.8789808917197452,0.7554269175108539
ca_cu,na_cu,nd_cu,na_ca,0.89171974522293,0.7554269175108539
ti_cu,ba_ca,nd_ca,nd_mn,0.8789808917197452,0.7554269175108539
ca_cu,ba_cu,na_cu,ti_ca,0.8789808917197452,0.7554269175108539
ca_cu,ba_cu,mn_ca,ba_mn,0.8726114649681529,0.7554269175108539
ca_cu,ba_cu,mn_ca,ba_ca,0.8789808917197452,0.7554269175108539
na_cu,mn_ca,na_ba,nd_ba,0.8598726114649682,0.7554269175108539
nd_cu,ti_ca,na_mn,nd_na,0.8853503184713376,0.7554269175108539
mn_cu,ti_cu,ba_cu,na_ti,0.8726114649681529,0.7554269175108539
nd_cu,ba_ti,nd_ba,nd_na,0.8853503184713376,0.7554269175108539
ba_cu,ba_ca,nd_ba,nd_na,0.8853503184713376,0.7554269175108539
ba_cu,ba_ca,na_ti,na_ba,0.8789808917197452,0.7554269175108539
nd_cu,nd_mn,nd_ti,nd_ba,0.8789808917197452,0.7554269175108539
mn_cu,ti_cu,nd_cu,ti_mn,0.8598726114649682,0.7554269175108539
ba_cu,nd_ca,na_ti,nd_ti,0.8789808917197452,0.7554269175108539
nd_cu,ti_ca,nd_mn,nd_ti,0.89171974522293,0.7554269175108539
na_cu,mn_ca,ti_mn,na_ti,0.8726114649681529,0.7554269175108539
ca_cu,ba_cu,ba_ca,na_ba,0.8853503184713376,0.7554269175108539
nd_ca,na_ba,nd_ba,nd_na,0.8598726114649682,0.7554269175108539
nd_cu,ti_ca,ti_mn,nd_ti,0.8662420382165605,0.7554269175108539
na_cu,ti_ca,ba_ti,nd_ti,0.8662420382165605,0.7554269175108539
ca_cu,ti_cu,ti_ca,nd_ba,0.8662420382165605,0.7554269175108539
mn_cu,mn_ca,ba_ca,nd_ti,0.8853503184713376,0.7554269175108539
mn_cu,mn_ca,na_ca,nd_ti,0.8598726114649682,0.7554269175108539
mn_cu,mn_ca,na_ca,na_ti,0.8662420382165605,0.7554269175108539
ba_cu,ti_ca,nd_ba,nd_na,0.8853503184713376,0.7554269175108539
ba_cu,ba_ca,na_mn,na_ti,0.89171974522293,0.7554269175108539
nd_cu,nd_ti,nd_ba,nd_na,0.89171974522293,0.7554269175108539
nd_cu,nd_ti,na_ba,nd_na,0.8726114649681529,0.7554269175108539
mn_cu,ti_cu,ti_mn,na_ti,0.8598726114649682,0.7554269175108539
ca_cu,ti_cu,ba_mn,nd_na,0.8789808917197452,0.7554269175108539
nd_ca,na_mn,na_ti,na_ba,0.8726114649681529,0.7554269175108539
ti_ca,na_ca,ti_mn,ba_mn,0.8789808917197452,0.7554269175108539
ti_cu,ti_ca,nd_ti,na_ba,0.8726114649681529,0.7554269175108539
ti_mn,ba_mn,na_mn,nd_ba,0.8789808917197452,0.7554269175108539
ti_cu,ba_cu,ti_ca,nd_ti,0.8598726114649682,0.7554269175108539
ti_ca,ba_ca,na_ti,na_ba,0.8662420382165605,0.7554269175108539
mn_ca,na_mn,nd_mn,nd_na,0.8662420382165605,0.7554269175108539
mn_cu,ba_cu,na_cu,ba_mn,0.8535031847133758,0.7554269175108539
mn_cu,ba_cu,na_cu,ti_mn,0.8726114649681529,0.7554269175108539
ba_ca,nd_ca,nd_ba,nd_na,0.8662420382165605,0.7554269175108539
ba_ca,nd_ca,na_ba,nd_ba,0.8726114649681529,0.7554269175108539
mn_ca,na_ca,ba_mn,na_ti,0.8726114649681529,0.7554269175108539
mn_ca,na_ca,ti_mn,na_ti,0.8726114649681529,0.7554269175108539
ti_ca,ba_mn,na_mn,nd_mn,0.8662420382165605,0.7554269175108539
mn_cu,nd_cu,na_ti,na_ba,0.8789808917197452,0.7554269175108539
mn_cu,nd_cu,nd_mn,na_ti,0.8662420382165605,0.7554269175108539
ti_cu,ba_cu,na_cu,na_ti,0.8853503184713376,0.7554269175108539
ti_cu,ba_cu,nd_cu,nd_ti,0.8535031847133758,0.7554269175108539
ti_cu,ba_cu,nd_cu,ba_ti,0.8789808917197452,0.7554269175108539
ti_cu,ba_cu,nd_ca,na_mn,0.8662420382165605,0.7554269175108539
ca_cu,ti_cu,na_cu,nd_mn,0.8789808917197452,0.7554269175108539
nd_cu,mn_ca,nd_ti,nd_na,0.8853503184713376,0.7554269175108539
na_cu,na_ca,nd_ti,nd_ba,0.8726114649681529,0.7554269175108539
ba_cu,mn_ca,ti_ca,ti_mn,0.8662420382165605,0.7554269175108539
ba_cu,mn_ca,na_mn,nd_mn,0.8662420382165605,0.7554269175108539
ba_ca,ti_mn,nd_mn,ba_ti,0.8535031847133758,0.7554269175108539
ba_ca,ti_mn,na_mn,na_ba,0.8726114649681529,0.7554269175108539
ba_cu,mn_ca,nd_mn,na_ti,0.8662420382165605,0.7554269175108539
ba_cu,ti_ca,nd_ca,na_ba,0.8598726114649682,0.7554269175108539
ba_cu,ti_ca,ba_mn,nd_ba,0.8662420382165605,0.7554269175108539
na_cu,ba_ca,nd_ca,ba_mn,0.8535031847133758,0.7554269175108539
nd_cu,ti_ca,ba_ca,nd_na,0.8726114649681529,0.7554269175108539
na_cu,ba_ca,na_mn,na_ti,0.89171974522293,0.7554269175108539
ca_cu,ti_cu,nd_cu,na_mn,0.8853503184713376,0.7554269175108539
ca_cu,ti_cu,nd_cu,nd_ca,0.8789808917197452,0.7554269175108539
na_cu,nd_ca,ti_mn,na_ti,0.8853503184713376,0.7554269175108539
ca_cu,ti_cu,na_cu,ti_ca,0.8726114649681529,0.7554269175108539
ca_cu,ti_cu,na_cu,mn_ca,0.8535031847133758,0.7554269175108539
ti_mn,na_mn,nd_ti,na_ba,0.8662420382165605,0.7554269175108539
ti_mn,na_mn,ba_ti,nd_ba,0.8789808917197452,0.7554269175108539
nd_cu,mn_ca,ba_mn,na_ba,0.8662420382165605,0.7554269175108539
na_cu,nd_ca,ba_ti,nd_ti,0.8598726114649682,0.7554269175108539
mn_cu,ba_cu,ba_ca,na_mn,0.8980891719745223,0.7554269175108539
ba_cu,na_cu,ti_ca,nd_ti,0.8726114649681529,0.7554269175108539
ba_cu,na_cu,na_ca,ti_mn,0.8853503184713376,0.7554269175108539
ba_cu,na_cu,ti_mn,na_ba,0.8726114649681529,0.7554269175108539
mn_cu,nd_cu,ti_ca,na_mn,0.8662420382165605,0.7554269175108539
mn_cu,nd_cu,nd_ca,na_mn,0.8853503184713376,0.7554269175108539
mn_cu,nd_cu,na_mn,nd_ti,0.8598726114649682,0.7554269175108539
mn_cu,nd_cu,ba_mn,na_ti,0.8853503184713376,0.7554269175108539
ti_cu,ti_ca,na_ca,ti_mn,0.8662420382165605,0.7554269175108539
na_cu,nd_ca,na_mn,ba_ti,0.8598726114649682,0.7554269175108539
ti_cu,ba_cu,na_mn,nd_ti,0.8853503184713376,0.7554269175108539
ti_cu,na_cu,nd_cu,nd_ca,0.8853503184713376,0.7554269175108539
ti_ca,ba_ca,ba_ti,na_ti,0.8535031847133758,0.7554269175108539
mn_ca,nd_mn,na_ti,na_ba,0.8853503184713376,0.7554269175108539
ti_cu,mn_ca,na_mn,nd_ti,0.8726114649681529,0.7554269175108539
mn_cu,na_cu,na_ti,na_ba,0.8726114649681529,0.7554269175108539
ti_ca,na_mn,na_ti,na_ba,0.8789808917197452,0.7554269175108539
ba_cu,na_cu,ba_ca,na_ti,0.8789808917197452,0.7554269175108539
mn_cu,ba_cu,ba_mn,nd_mn,0.8789808917197452,0.7554269175108539
ba_cu,nd_cu,ba_mn,na_ti,0.8789808917197452,0.7554269175108539
ba_cu,nd_cu,ti_mn,ba_ti,0.8598726114649682,0.7554269175108539
mn_cu,na_cu,nd_cu,na_ti,0.8853503184713376,0.7554269175108539
ba_cu,nd_cu,nd_mn,ba_ti,0.8789808917197452,0.7554269175108539
na_cu,nd_ca,ba_mn,nd_mn,0.8662420382165605,0.7554269175108539
na_cu,nd_ca,ti_mn,nd_ba,0.8726114649681529,0.7554269175108539
na_cu,nd_ca,nd_ti,nd_ba,0.8789808917197452,0.7554269175108539
na_cu,nd_ca,na_ti,nd_ti,0.8726114649681529,0.7554269175108539
na_cu,ti_mn,ba_mn,na_ti,0.8853503184713376,0.7554269175108539
ca_cu,mn_cu,ba_ti,na_ti,0.8853503184713376,0.7554269175108539
mn_cu,na_cu,mn_ca,na_ba,0.8789808917197452,0.7554269175108539
mn_cu,na_cu,mn_ca,ti_mn,0.8662420382165605,0.7554269175108539
mn_cu,na_cu,ti_ca,nd_ba,0.8598726114649682,0.7554269175108539
mn_ca,ba_ca,nd_ca,nd_mn,0.8853503184713376,0.7554269175108539
mn_cu,na_cu,ti_ca,nd_mn,0.8598726114649682,0.7554269175108539
ba_cu,na_cu,ba_mn,nd_na,0.8726114649681529,0.7554269175108539
ba_cu,na_cu,ti_mn,nd_na,0.89171974522293,0.7554269175108539
mn_cu,na_cu,ba_mn,nd_na,0.8598726114649682,0.7554269175108539
ti_ca,nd_mn,ba_ti,nd_na,0.8726114649681529,0.7554269175108539
mn_cu,na_cu,nd_ti,nd_na,0.8726114649681529,0.7554269175108539
na_cu,nd_ca,nd_mn,na_ti,0.8726114649681529,0.7554269175108539
na_cu,nd_ca,na_mn,na_ba,0.8535031847133758,0.7554269175108539
ti_cu,mn_ca,nd_ca,na_mn,0.8598726114649682,0.7554269175108539
ca_cu,mn_cu,nd_cu,nd_ti,0.8789808917197452,0.7554269175108539
ti_cu,nd_cu,ti_mn,na_ba,0.8726114649681529,0.7554269175108539
ti_cu,nd_cu,nd_ca,ba_ti,0.8789808917197452,0.7554269175108539
mn_ca,nd_ti,na_ba,nd_na,0.8789808917197452,0.7554269175108539
nd_mn,ba_ti,nd_ba,nd_na,0.8789808917197452,0.7554269175108539
nd_mn,ba_ti,na_ba,nd_ba,0.8789808917197452,0.7554269175108539
ca_cu,mn_cu,ba_cu,nd_ti,0.8789808917197452,0.7554269175108539
mn_cu,na_cu,ba_mn,na_ba,0.8662420382165605,0.7554269175108539
mn_cu,na_cu,ba_mn,ba_ti,0.8789808917197452,0.7554269175108539
ba_cu,na_cu,nd_mn,nd_ti,0.8662420382165605,0.7554269175108539
mn_cu,na_cu,ti_mn,ba_mn,0.8726114649681529,0.7554269175108539
ba_mn,ba_ti,nd_ba,nd_na,0.8789808917197452,0.7554269175108539
na_cu,ti_mn,na_ba,nd_na,0.89171974522293,0.7554269175108539
na_cu,ti_mn,ba_ti,nd_ti,0.8789808917197452,0.7554269175108539
na_cu,ba_mn,ba_ti,nd_ti,0.8598726114649682,0.7554269175108539
ca_cu,mn_ca,ti_mn,ba_ti,0.8789808917197452,0.7554269175108539
ca_cu,mn_ca,na_mn,na_ti,0.8726114649681529,0.7554269175108539
nd_cu,nd_ca,na_mn,na_ti,0.8853503184713376,0.7554269175108539
nd_cu,nd_ca,ba_mn,nd_na,0.8662420382165605,0.7554269175108539
nd_cu,nd_ca,ti_mn,nd_mn,0.89171974522293,0.7554269175108539
ca_cu,nd_cu,ba_ti,na_ti,0.8726114649681529,0.7554269175108539
na_cu,nd_ti,na_ba,nd_ba,0.8598726114649682,0.7554269175108539
na_cu,nd_mn,na_ba,nd_ba,0.8726114649681529,0.7554269175108539
na_cu,nd_mn,nd_ti,nd_ba,0.8662420382165605,0.7554269175108539
na_cu,nd_mn,nd_ti,na_ba,0.8662420382165605,0.7554269175108539
na_cu,ba_ti,nd_ti,nd_ba,0.8789808917197452,0.7554269175108539
ti_ca,ba_ca,nd_ca,ba_ti,0.8662420382165605,0.7554269175108539
ti_cu,nd_cu,ba_ca,na_mn,0.89171974522293,0.7554269175108539
ti_cu,nd_cu,na_ca,ti_mn,0.8789808917197452,0.7554269175108539
na_mn,nd_mn,na_ti,nd_ba,0.8789808917197452,0.7554269175108539
ba_mn,na_ti,na_ba,nd_ba,0.8789808917197452,0.7554269175108539
ca_cu,mn_cu,nd_cu,ba_mn,0.8726114649681529,0.7539797395079595
nd_cu,mn_ca,ti_ca,ba_ca,0.8789808917197452,0.7539797395079595
na_cu,na_mn,na_ti,nd_na,0.89171974522293,0.7539797395079595
mn_ca,na_ti,na_ba,nd_ba,0.8853503184713376,0.7539797395079595
ti_cu,nd_cu,ba_mn,na_mn,0.8853503184713376,0.7539797395079595
ti_cu,na_cu,na_ti,nd_ba,0.8853503184713376,0.7539797395079595
ti_cu,nd_cu,ti_ca,nd_mn,0.8789808917197452,0.7539797395079595
ba_cu,na_cu,ba_ti,na_ti,0.8726114649681529,0.7539797395079595
ti_ca,na_ti,nd_ti,nd_na,0.8726114649681529,0.7539797395079595
mn_cu,na_cu,na_mn,nd_ba,0.8662420382165605,0.7539797395079595
ba_cu,na_cu,nd_ca,nd_ti,0.8662420382165605,0.7539797395079595
mn_cu,na_cu,na_ca,ti_mn,0.8853503184713376,0.7539797395079595
ba_cu,nd_cu,ti_ca,nd_na,0.8853503184713376,0.7539797395079595
ba_cu,nd_cu,ti_ca,nd_ca,0.8662420382165605,0.7539797395079595
ti_ca,nd_ti,na_ba,nd_ba,0.8726114649681529,0.7539797395079595
mn_cu,na_cu,nd_ca,ba_mn,0.8789808917197452,0.7539797395079595
ba_ca,na_ca,na_mn,na_ti,0.89171974522293,0.7539797395079595
mn_cu,na_cu,ba_ca,na_ca,0.8789808917197452,0.7539797395079595
mn_ca,ba_ca,na_ca,nd_na,0.8853503184713376,0.7539797395079595
mn_ca,ba_ca,na_ca,nd_ti,0.8662420382165605,0.7539797395079595
ba_cu,nd_cu,nd_ca,ti_mn,0.8853503184713376,0.7539797395079595
mn_cu,na_cu,ti_ca,na_ba,0.8726114649681529,0.7539797395079595
mn_cu,na_cu,ti_ca,ti_mn,0.89171974522293,0.7539797395079595
mn_cu,na_cu,na_mn,nd_mn,0.8662420382165605,0.7539797395079595
mn_cu,nd_cu,ti_ca,ti_mn,0.8662420382165605,0.7539797395079595
ti_ca,na_mn,ba_ti,nd_na,0.8789808917197452,0.7539797395079595
mn_cu,ba_cu,ba_mn,na_mn,0.8726114649681529,0.7539797395079595
ba_ca,na_ca,nd_ba,nd_na,0.8789808917197452,0.7539797395079595
ba_cu,nd_cu,ti_mn,nd_ti,0.8598726114649682,0.7539797395079595
mn_cu,ba_cu,na_ti,nd_ba,0.8598726114649682,0.7539797395079595
mn_cu,na_cu,nd_cu,ti_mn,0.8789808917197452,0.7539797395079595
ba_ca,na_ca,na_mn,nd_na,0.8853503184713376,0.7539797395079595
ba_ca,na_ca,na_mn,na_ba,0.8789808917197452,0.7539797395079595
mn_ca,ti_ca,ti_mn,na_mn,0.8726114649681529,0.7539797395079595
ba_cu,nd_cu,na_ti,nd_ba,0.8726114649681529,0.7539797395079595
mn_cu,ba_cu,ti_ca,na_mn,0.8726114649681529,0.7539797395079595
mn_cu,ba_cu,na_ca,na_ti,0.8535031847133758,0.7539797395079595
mn_cu,ba_cu,ti_mn,na_ti,0.8726114649681529,0.7539797395079595
mn_cu,ba_cu,ti_mn,na_mn,0.8789808917197452,0.7539797395079595
mn_cu,ba_cu,nd_ca,na_mn,0.8789808917197452,0.7539797395079595
ba_ca,nd_ca,na_mn,ba_ti,0.8789808917197452,0.7539797395079595
ba_ca,nd_ca,ba_mn,na_ba,0.8598726114649682,0.7539797395079595
ba_ca,nd_ca,ti_mn,ba_ti,0.8535031847133758,0.7539797395079595
mn_cu,nd_cu,ti_ca,nd_ti,0.8662420382165605,0.7539797395079595
mn_cu,nd_cu,ba_mn,na_ba,0.8789808917197452,0.7539797395079595
mn_cu,ba_cu,nd_cu,nd_na,0.8726114649681529,0.7539797395079595
mn_cu,ba_cu,nd_cu,na_ti,0.8726114649681529,0.7539797395079595
ba_ca,nd_ca,ba_ti,nd_ba,0.8726114649681529,0.7539797395079595
ba_ca,nd_ca,nd_mn,na_ti,0.8726114649681529,0.7539797395079595
ba_ca,nd_ca,na_mn,na_ba,0.8662420382165605,0.7539797395079595
mn_ca,ti_ca,ti_mn,ba_ti,0.8726114649681529,0.7539797395079595
ba_cu,mn_ca,ba_ca,ba_mn,0.8598726114649682,0.7539797395079595
ba_ca,ti_mn,na_mn,nd_na,0.8853503184713376,0.7539797395079595
ba_cu,ti_ca,na_ca,ba_mn,0.8789808917197452,0.7539797395079595
mn_cu,ba_cu,na_cu,nd_cu,0.8662420382165605,0.7539797395079595
mn_cu,nd_cu,na_ba,nd_ba,0.8789808917197452,0.7539797395079595
mn_cu,mn_ca,na_ca,nd_ca,0.8789808917197452,0.7539797395079595
mn_cu,mn_ca,ba_ca,na_mn,0.89171974522293,0.7539797395079595
ba_cu,ti_ca,nd_ti,na_ba,0.8662420382165605,0.7539797395079595
mn_cu,ti_cu,mn_ca,ti_ca,0.8789808917197452,0.7539797395079595
mn_cu,ti_cu,ti_ca,ti_mn,0.8726114649681529,0.7539797395079595
mn_cu,ti_cu,ti_mn,nd_ba,0.8598726114649682,0.7539797395079595
nd_cu,ba_ti,nd_ti,nd_ba,0.8789808917197452,0.7539797395079595
nd_cu,nd_mn,nd_ti,nd_na,0.8726114649681529,0.7539797395079595
ba_ca,ba_mn,na_mn,nd_ti,0.89171974522293,0.7539797395079595
mn_cu,ti_cu,nd_cu,na_ti,0.8853503184713376,0.7539797395079595
mn_cu,ti_cu,na_cu,nd_ti,0.8789808917197452,0.7539797395079595
nd_cu,nd_mn,nd_ti,na_ba,0.8789808917197452,0.7539797395079595
ba_cu,nd_ca,ba_ti,na_ti,0.8662420382165605,0.7539797395079595
ba_cu,ti_mn,ba_mn,ba_ti,0.8726114649681529,0.7539797395079595
ba_cu,nd_ca,ba_ti,nd_ba,0.8789808917197452,0.7539797395079595
mn_cu,ti_cu,na_cu,ti_mn,0.8789808917197452,0.7539797395079595
mn_cu,mn_ca,ti_mn,na_mn,0.8662420382165605,0.7539797395079595
mn_cu,mn_ca,ba_mn,na_ti,0.8726114649681529,0.7539797395079595
ca_cu,na_mn,nd_ti,nd_na,0.8726114649681529,0.7539797395079595
ca_cu,na_mn,nd_ti,nd_ba,0.89171974522293,0.7539797395079595
nd_cu,na_mn,nd_ti,nd_ba,0.8789808917197452,0.7539797395079595
nd_cu,na_mn,na_ti,na_ba,0.8789808917197452,0.7539797395079595
ba_cu,ti_mn,na_mn,nd_na,0.89171974522293,0.7539797395079595
ca_cu,na_mn,ba_ti,na_ba,0.8726114649681529,0.7539797395079595
ca_cu,na_mn,ba_ti,na_ti,0.8789808917197452,0.7539797395079595
mn_ca,nd_ca,ba_mn,nd_mn,0.8853503184713376,0.7539797395079595
mn_ca,na_ca,na_ti,nd_na,0.8789808917197452,0.7539797395079595
mn_cu,ti_ca,na_ca,nd_ti,0.8598726114649682,0.7539797395079595
mn_cu,ti_ca,na_ca,na_ti,0.8662420382165605,0.7539797395079595
ca_cu,ba_mn,nd_mn,nd_ba,0.8726114649681529,0.7539797395079595
ba_ca,ba_ti,na_ti,na_ba,0.8662420382165605,0.7539797395079595
ba_cu,ti_mn,ba_mn,na_ti,0.8853503184713376,0.7539797395079595
nd_cu,na_mn,ba_ti,nd_ba,0.8726114649681529,0.7539797395079595
ca_cu,na_mn,nd_mn,ba_ti,0.8789808917197452,0.7539797395079595
ca_cu,ba_mn,na_ba,nd_na,0.8789808917197452,0.7539797395079595
ca_cu,ba_mn,nd_ti,nd_na,0.8853503184713376,0.7539797395079595
ca_cu,ba_mn,na_ti,nd_ti,0.8789808917197452,0.7539797395079595
ca_cu,na_mn,na_ba,nd_na,0.8789808917197452,0.7539797395079595
ca_cu,ti_mn,na_mn,na_ba,0.8789808917197452,0.7539797395079595
ba_ca,na_ti,nd_ti,nd_ba,0.8726114649681529,0.7539797395079595
nd_cu,ba_mn,na_ti,na_ba,0.8853503184713376,0.7539797395079595
ba_cu,ba_mn,na_mn,na_ti,0.89171974522293,0.7539797395079595
ba_ca,ba_ti,nd_ti,nd_ba,0.8662420382165605,0.7539797395079595
nd_cu,ti_mn,na_ti,na_ba,0.8726114649681529,0.7539797395079595
ca_cu,ba_ca,na_mn,nd_mn,0.8789808917197452,0.7539797395079595
ca_cu,ba_ca,na_mn,nd_na,0.8853503184713376,0.7539797395079595
ca_cu,na_ca,ba_mn,nd_na,0.8789808917197452,0.7539797395079595
ca_cu,nd_ca,nd_mn,nd_ti,0.89171974522293,0.7539797395079595
nd_cu,ti_mn,na_mn,nd_mn,0.8662420382165605,0.7539797395079595
na_ca,nd_ca,ba_mn,na_ba,0.8598726114649682,0.7539797395079595
mn_ca,nd_ca,na_mn,ba_ti,0.8726114649681529,0.7539797395079595
ti_cu,na_mn,nd_ti,na_ba,0.8853503184713376,0.7539797395079595
na_ca,ti_mn,na_mn,na_ba,0.8726114649681529,0.7539797395079595
ba_cu,na_mn,nd_ti,nd_na,0.8598726114649682,0.7539797395079595
ba_cu,na_mn,nd_ti,nd_ba,0.8789808917197452,0.7539797395079595
ba_cu,na_mn,nd_mn,nd_ba,0.8598726114649682,0.7539797395079595
ca_cu,ti_ca,na_ca,na_ba,0.8789808917197452,0.7539797395079595
ca_cu,ti_ca,ba_ca,na_ba,0.8789808917197452,0.7539797395079595
ca_cu,mn_ca,ba_ca,ba_mn,0.8726114649681529,0.7539797395079595
ca_cu,mn_ca,nd_ca,nd_mn,0.8789808917197452,0.7539797395079595
nd_cu,nd_ca,na_mn,nd_na,0.8726114649681529,0.7539797395079595
nd_cu,nd_ca,ba_mn,ba_ti,0.8662420382165605,0.7539797395079595
nd_cu,nd_ca,ti_mn,na_ba,0.8726114649681529,0.7539797395079595
nd_cu,nd_ca,ti_mn,na_mn,0.8789808917197452,0.7539797395079595
ca_cu,nd_cu,na_mn,nd_na,0.89171974522293,0.7539797395079595
ca_cu,nd_cu,na_mn,nd_ti,0.8726114649681529,0.7539797395079595
mn_ca,nd_ca,ba_ti,nd_ti,0.8853503184713376,0.7539797395079595
ti_cu,na_mn,ba_ti,nd_ba,0.8789808917197452,0.7539797395079595
mn_cu,na_ca,nd_ca,ti_mn,0.8789808917197452,0.7539797395079595
na_ca,ba_mn,nd_ti,nd_na,0.8535031847133758,0.7539797395079595
na_ca,ba_mn,ba_ti,nd_ti,0.8535031847133758,0.7539797395079595
ca_cu,nd_cu,ba_mn,na_ba,0.8789808917197452,0.7539797395079595
ca_cu,nd_cu,ba_mn,na_ti,0.8853503184713376,0.7539797395079595
ca_cu,nd_cu,ti_mn,nd_mn,0.8726114649681529,0.7539797395079595
na_cu,nd_cu,mn_ca,nd_mn,0.8662420382165605,0.7539797395079595
na_cu,nd_cu,mn_ca,ti_mn,0.8789808917197452,0.7539797395079595
ba_cu,nd_ti,na_ba,nd_ba,0.8598726114649682,0.7539797395079595
na_cu,nd_cu,ti_ca,ba_ti,0.8789808917197452,0.7539797395079595
na_cu,nd_cu,ti_ca,ti_mn,0.89171974522293,0.7539797395079595
ti_cu,ti_mn,ba_ti,na_ti,0.8726114649681529,0.7539797395079595
ti_cu,ti_mn,na_mn,na_ba,0.8789808917197452,0.7539797395079595
mn_ca,nd_ca,na_ti,na_ba,0.8726114649681529,0.7539797395079595
mn_cu,nd_ca,na_mn,na_ba,0.8598726114649682,0.7539797395079595
mn_cu,nd_ca,ba_mn,na_ti,0.8853503184713376,0.7539797395079595
ti_ca,na_ca,na_ti,nd_ti,0.8662420382165605,0.7539797395079595
na_cu,nd_cu,ba_ca,ba_ti,0.8789808917197452,0.7539797395079595
na_cu,nd_cu,ba_ca,ba_mn,0.8789808917197452,0.7539797395079595
nd_cu,na_ca,na_mn,nd_ti,0.89171974522293,0.7539797395079595
na_ca,na_mn,ba_ti,nd_na,0.8789808917197452,0.7539797395079595
ca_cu,nd_cu,ba_ca,nd_ca,0.8535031847133758,0.7539797395079595
ca_cu,nd_cu,na_ca,na_ba,0.8853503184713376,0.7539797395079595
ca_cu,nd_cu,ti_ca,nd_mn,0.8853503184713376,0.7539797395079595
ca_cu,nd_cu,ti_ca,ti_mn,0.8789808917197452,0.7539797395079595
na_cu,nd_cu,nd_ca,nd_ba,0.8598726114649682,0.7539797395079595
na_cu,nd_cu,na_ca,nd_mn,0.8789808917197452,0.7539797395079595
mn_cu,ti_mn,ba_mn,na_ba,0.8789808917197452,0.7539797395079595
ti_cu,nd_ca,na_ti,nd_na,0.8789808917197452,0.7539797395079595
ti_cu,nd_ca,nd_mn,na_ti,0.8789808917197452,0.7539797395079595
mn_cu,ti_mn,ba_mn,na_mn,0.8853503184713376,0.7539797395079595
ca_cu,na_cu,ti_mn,nd_na,0.9044585987261148,0.7539797395079595
na_cu,nd_cu,ba_mn,na_ba,0.8662420382165605,0.7539797395079595
na_cu,nd_cu,ti_mn,nd_ti,0.8853503184713376,0.7539797395079595
ca_cu,nd_cu,mn_ca,ti_mn,0.8789808917197452,0.7539797395079595
ca_cu,na_cu,nd_ba,nd_na,0.8980891719745223,0.7539797395079595
ca_cu,ba_cu,ba_ti,nd_ba,0.8662420382165605,0.7539797395079595
nd_cu,ba_ca,nd_ti,na_ba,0.8853503184713376,0.7539797395079595
na_ca,ba_ti,nd_ti,na_ba,0.8726114649681529,0.7539797395079595
nd_cu,ba_ca,na_mn,nd_na,0.89171974522293,0.7539797395079595
nd_cu,ba_ca,ti_mn,nd_na,0.8726114649681529,0.7539797395079595
nd_ca,ti_mn,na_mn,na_ba,0.8726114649681529,0.7539797395079595
na_ca,nd_ti,na_ba,nd_na,0.8598726114649682,0.7539797395079595
nd_cu,ba_ca,na_ca,nd_na,0.8789808917197452,0.7539797395079595
na_cu,mn_ca,nd_ca,nd_ti,0.8726114649681529,0.7539797395079595
mn_cu,ti_mn,nd_ti,na_ba,0.8789808917197452,0.7539797395079595
ti_ca,na_ca,ba_mn,nd_na,0.8726114649681529,0.7539797395079595
mn_ca,ti_mn,nd_ti,nd_na,0.8789808917197452,0.7539797395079595
nd_cu,ti_ca,nd_mn,na_ba,0.8726114649681529,0.7539797395079595
nd_ca,na_mn,nd_mn,nd_na,0.8471337579617835,0.7539797395079595
ca_cu,ba_cu,ba_ca,nd_na,0.8853503184713376,0.7539797395079595
ca_cu,ba_cu,nd_ca,na_mn,0.8789808917197452,0.7539797395079595
nd_cu,ti_ca,na_ba,nd_ba,0.8789808917197452,0.7539797395079595
na_cu,mn_ca,nd_ba,nd_na,0.8726114649681529,0.7539797395079595
na_cu,mn_ca,nd_ti,nd_na,0.8726114649681529,0.7539797395079595
nd_ca,nd_mn,na_ti,na_ba,0.8662420382165605,0.7539797395079595
nd_cu,ti_ca,na_mn,na_ba,0.8726114649681529,0.7539797395079595
nd_cu,ti_ca,ba_mn,nd_na,0.8853503184713376,0.7539797395079595
na_cu,ti_ca,nd_ca,nd_mn,0.8726114649681529,0.7539797395079595
ca_cu,ti_cu,na_ca,ba_mn,0.8789808917197452,0.7539797395079595
ca_cu,ti_cu,ba_mn,nd_mn,0.8726114649681529,0.7539797395079595
mn_cu,na_mn,na_ti,na_ba,0.8726114649681529,0.7539797395079595
ti_cu,ba_ca,nd_ca,na_ba,0.8789808917197452,0.7539797395079595
nd_cu,ti_ca,nd_ca,nd_na,0.8662420382165605,0.7539797395079595
na_cu,ti_ca,na_ti,na_ba,0.8853503184713376,0.7539797395079595
na_cu,ti_ca,nd_mn,na_ba,0.8535031847133758,0.7539797395079595
na_cu,ti_ca,nd_mn,nd_ti,0.8789808917197452,0.7539797395079595
ca_cu,ti_cu,ti_ca,na_ti,0.8726114649681529,0.7539797395079595
na_cu,ba_ca,na_ca,nd_ca,0.8598726114649682,0.7539797395079595
na_cu,ti_ca,nd_ti,nd_na,0.8726114649681529,0.7539797395079595
ti_mn,ba_mn,nd_mn,nd_ti,0.8726114649681529,0.7539797395079595
ti_mn,ba_mn,nd_mn,ba_ti,0.8598726114649682,0.7539797395079595
ti_mn,ba_mn,na_mn,nd_na,0.89171974522293,0.7539797395079595
ti_cu,ba_cu,ba_ca,na_ti,0.8726114649681529,0.7539797395079595
mn_ca,na_mn,ba_ti,nd_ti,0.8726114649681529,0.7539797395079595
mn_ca,na_mn,nd_mn,nd_ti,0.8535031847133758,0.7539797395079595
ti_mn,na_mn,ba_ti,na_ba,0.8789808917197452,0.7539797395079595
ca_cu,ti_cu,na_cu,na_mn,0.8853503184713376,0.7539797395079595
na_cu,ba_ca,ti_mn,na_ti,0.8853503184713376,0.7539797395079595
na_cu,ba_ca,ba_ti,nd_na,0.8789808917197452,0.7539797395079595
na_cu,ba_ca,ba_ti,nd_ti,0.8789808917197452,0.7539797395079595
na_cu,na_ca,ba_mn,nd_ba,0.8726114649681529,0.7539797395079595
nd_cu,mn_ca,nd_mn,nd_na,0.8662420382165605,0.7539797395079595
ti_mn,nd_mn,nd_ti,nd_ba,0.8598726114649682,0.7539797395079595
ca_cu,ti_cu,ba_cu,ba_mn,0.8789808917197452,0.7539797395079595
ti_mn,na_mn,nd_ti,nd_ba,0.8662420382165605,0.7539797395079595
ti_mn,na_mn,ba_ti,nd_na,0.8853503184713376,0.7539797395079595
ca_cu,mn_cu,na_ti,nd_ti,0.8726114649681529,0.7539797395079595
nd_cu,mn_ca,na_mn,nd_ti,0.8853503184713376,0.7539797395079595
nd_cu,mn_ca,ba_mn,na_mn,0.8789808917197452,0.7539797395079595
na_cu,na_ca,nd_mn,nd_na,0.8726114649681529,0.7539797395079595
ti_cu,na_cu,ti_ca,na_mn,0.8853503184713376,0.7539797395079595
ca_cu,mn_cu,ti_ca,ti_mn,0.8598726114649682,0.7539797395079595
ca_cu,mn_cu,ba_ca,ba_mn,0.8726114649681529,0.7539797395079595
ba_mn,na_mn,na_ti,nd_ti,0.8726114649681529,0.7539797395079595
na_cu,nd_ca,na_ba,nd_ba,0.8535031847133758,0.7539797395079595
nd_cu,mn_ca,na_ca,nd_na,0.8726114649681529,0.7539797395079595
ca_cu,mn_cu,ba_mn,na_ti,0.8789808917197452,0.7539797395079595
ba_mn,ba_ti,na_ti,nd_ti,0.8726114649681529,0.7539797395079595
ba_mn,nd_mn,na_ti,nd_ti,0.8789808917197452,0.7539797395079595
ba_mn,nd_mn,ba_ti,na_ti,0.8726114649681529,0.7539797395079595
na_cu,ba_mn,nd_ba,nd_na,0.8789808917197452,0.7539797395079595
na_cu,ba_mn,na_ba,nd_ba,0.8789808917197452,0.7539797395079595
na_cu,ba_mn,nd_ti,nd_ba,0.8662420382165605,0.7539797395079595
nd_cu,mn_ca,ti_ca,nd_ti,0.8853503184713376,0.7539797395079595
ca_cu,mn_cu,mn_ca,na_ti,0.8598726114649682,0.7539797395079595
ba_mn,nd_ti,na_ba,nd_na,0.8726114649681529,0.7539797395079595
ti_cu,mn_ca,na_ca,nd_na,0.8789808917197452,0.7539797395079595
ti_cu,mn_ca,na_ca,na_ti,0.8662420382165605,0.7539797395079595
ti_cu,mn_ca,na_ca,ba_ti,0.8726114649681529,0.7539797395079595
ti_cu,na_cu,na_ca,na_ti,0.8980891719745223,0.7539797395079595
ti_cu,na_cu,ti_mn,na_ba,0.8789808917197452,0.7539797395079595
ti_cu,na_cu,ti_mn,nd_mn,0.8789808917197452,0.7539797395079595
ca_cu,mn_cu,ba_cu,nd_mn,0.8726114649681529,0.7539797395079595
na_mn,na_ti,na_ba,nd_ba,0.8789808917197452,0.7539797395079595
ca_cu,mn_cu,ti_cu,na_mn,0.8789808917197452,0.7539797395079595
nd_mn,na_ti,nd_ti,nd_ba,0.8662420382165605,0.7539797395079595
na_mn,na_ba,nd_ba,nd_na,0.8853503184713376,0.7539797395079595
na_cu,ba_ti,na_ti,na_ba,0.8726114649681529,0.7539797395079595
ba_ti,na_ti,nd_ti,nd_na,0.8726114649681529,0.7539797395079595
nd_mn,na_ba,nd_ba,nd_na,0.8789808917197452,0.7525325615050651
na_ti,nd_ti,na_ba,nd_ba,0.8853503184713376,0.7525325615050651
nd_mn,na_ti,na_ba,nd_na,0.8726114649681529,0.7525325615050651
ti_mn,ba_mn,na_mn,nd_ti,0.8726114649681529,0.7525325615050651
ti_mn,ba_mn,na_mn,ba_ti,0.8789808917197452,0.7525325615050651
ba_cu,ti_ca,ba_mn,na_mn,0.8789808917197452,0.7525325615050651
ba_cu,ti_ca,nd_mn,nd_na,0.8662420382165605,0.7525325615050651
ba_ca,ti_mn,na_mn,na_ti,0.89171974522293,0.7525325615050651
mn_cu,ba_cu,ti_ca,nd_na,0.8789808917197452,0.7525325615050651
ba_ca,ti_mn,ba_mn,na_mn,0.89171974522293,0.7525325615050651
ba_ca,nd_ca,na_ti,nd_ba,0.8662420382165605,0.7525325615050651
ca_cu,ba_cu,ba_mn,na_ti,0.8789808917197452,0.7525325615050651
ca_cu,ba_cu,nd_mn,nd_ba,0.8662420382165605,0.7525325615050651
ca_cu,ba_cu,na_mn,nd_na,0.8853503184713376,0.7525325615050651
ti_cu,na_cu,ba_ca,na_ti,0.8789808917197452,0.7525325615050651
mn_ca,ba_ti,nd_ti,nd_na,0.8598726114649682,0.7525325615050651
ti_cu,nd_cu,na_ca,na_mn,0.89171974522293,0.7525325615050651
ti_cu,mn_ca,na_ca,na_ba,0.8789808917197452,0.7525325615050651
ti_cu,na_cu,nd_ca,na_ti,0.8853503184713376,0.7525325615050651
ca_cu,mn_cu,mn_ca,na_mn,0.8662420382165605,0.7525325615050651
ca_cu,mn_cu,mn_ca,ti_ca,0.8598726114649682,0.7525325615050651
ba_mn,na_ti,nd_ba,nd_na,0.8789808917197452,0.7525325615050651
ti_cu,ba_cu,ba_ca,nd_ba,0.8789808917197452,0.7525325615050651
ti_cu,ba_cu,nd_ca,nd_ba,0.8726114649681529,0.7525325615050651
na_cu,nd_cu,nd_mn,nd_ti,0.8662420382165605,0.7525325615050651
mn_cu,ba_cu,nd_cu,na_ba,0.8726114649681529,0.7525325615050651
ba_cu,nd_cu,na_mn,nd_ti,0.8789808917197452,0.7525325615050651
mn_cu,ti_cu,na_ti,na_ba,0.8789808917197452,0.7525325615050651
mn_cu,ba_cu,na_cu,na_ba,0.8535031847133758,0.7525325615050651
mn_cu,ba_cu,na_cu,na_ti,0.8789808917197452,0.7525325615050651
ba_ca,ti_mn,ba_mn,nd_ti,0.8726114649681529,0.7525325615050651
ba_cu,ba_ca,na_mn,nd_mn,0.8853503184713376,0.7525325615050651
ba_cu,ba_ca,ba_mn,na_ti,0.8853503184713376,0.7525325615050651
ba_cu,ba_ca,na_mn,nd_ba,0.8853503184713376,0.7525325615050651
mn_cu,ti_cu,na_mn,nd_mn,0.8789808917197452,0.7525325615050651
ba_ca,nd_ca,na_mn,nd_ti,0.8662420382165605,0.7525325615050651
ba_ca,ti_mn,na_ti,nd_na,0.8789808917197452,0.7525325615050651
ba_ca,ti_mn,ba_ti,nd_na,0.8662420382165605,0.7525325615050651
na_cu,ti_ca,na_ba,nd_na,0.89171974522293,0.7525325615050651
na_cu,ti_ca,nd_ti,na_ba,0.8598726114649682,0.7525325615050651
na_cu,ba_ca,nd_ca,nd_mn,0.8662420382165605,0.7525325615050651
ti_cu,na_cu,nd_cu,na_ca,0.8853503184713376,0.7525325615050651
ti_cu,ba_cu,ti_ca,nd_ca,0.8789808917197452,0.7525325615050651
ca_cu,na_cu,na_ca,ti_mn,0.8853503184713376,0.7525325615050651
nd_ca,ti_mn,ba_mn,na_mn,0.8853503184713376,0.7525325615050651
ca_cu,na_cu,mn_ca,na_ca,0.8789808917197452,0.7525325615050651
ca_cu,na_cu,nd_cu,ba_ti,0.8726114649681529,0.7525325615050651
ca_cu,na_cu,nd_cu,nd_mn,0.8853503184713376,0.7525325615050651
nd_cu,ba_ca,ba_ti,nd_na,0.8789808917197452,0.7525325615050651
na_cu,nd_cu,nd_mn,na_ba,0.8662420382165605,0.7525325615050651
na_cu,ba_ca,ba_mn,nd_ba,0.8726114649681529,0.7525325615050651
ti_mn,na_mn,nd_mn,ba_ti,0.8662420382165605,0.7525325615050651
ti_mn,ba_mn,nd_ba,nd_na,0.8662420382165605,0.7525325615050651
ti_mn,ba_mn,nd_ti,nd_ba,0.8662420382165605,0.7525325615050651
ba_ca,nd_ca,ba_mn,nd_mn,0.8789808917197452,0.7525325615050651
ba_ca,nd_ca,ba_mn,na_mn,0.89171974522293,0.7525325615050651
nd_cu,ti_ca,nd_ca,nd_ba,0.8726114649681529,0.7525325615050651
ca_cu,ti_cu,ti_ca,nd_na,0.8853503184713376,0.7525325615050651
ca_cu,ti_cu,ti_ca,nd_ti,0.8662420382165605,0.7525325615050651
nd_ca,ba_ti,na_ti,nd_ti,0.8598726114649682,0.7525325615050651
nd_cu,ti_ca,na_mn,nd_ti,0.8789808917197452,0.7525325615050651
mn_cu,ba_mn,ba_ti,na_ba,0.8789808917197452,0.7525325615050651
mn_cu,nd_mn,na_ti,nd_na,0.8662420382165605,0.7525325615050651
ti_cu,ti_ca,ti_mn,na_mn,0.8726114649681529,0.7525325615050651
na_cu,nd_cu,na_ca,na_ba,0.8789808917197452,0.7525325615050651
ca_cu,ba_cu,ba_ca,ti_mn,0.8853503184713376,0.7525325615050651
nd_ca,ba_mn,na_ti,na_ba,0.8662420382165605,0.7525325615050651
nd_ca,ba_mn,na_mn,na_ti,0.8789808917197452,0.7525325615050651
na_cu,nd_cu,na_mn,nd_ti,0.8662420382165605,0.7525325615050651
na_cu,nd_cu,na_mn,nd_mn,0.8662420382165605,0.7525325615050651
ti_cu,ba_cu,na_mn,ba_ti,0.8789808917197452,0.7525325615050651
ti_cu,ba_cu,ba_ti,nd_ti,0.8598726114649682,0.7525325615050651
ti_cu,na_cu,nd_cu,na_mn,0.8853503184713376,0.7525325615050651
ca_cu,nd_cu,ba_ca,na_ca,0.8726114649681529,0.7525325615050651
nd_cu,na_ca,ba_mn,nd_na,0.8789808917197452,0.7525325615050651
ti_cu,ti_ca,na_mn,nd_ti,0.8853503184713376,0.7525325615050651
na_cu,ti_mn,nd_mn,nd_na,0.89171974522293,0.7525325615050651
na_cu,ba_mn,nd_mn,na_ti,0.8662420382165605,0.7525325615050651
ba_mn,nd_mn,na_ti,na_ba,0.8789808917197452,0.7525325615050651
ti_cu,ba_cu,ba_ca,nd_ca,0.8726114649681529,0.7525325615050651
ti_cu,ba_cu,ti_ca,nd_ba,0.8789808917197452,0.7525325615050651
mn_ca,ba_mn,ba_ti,nd_na,0.8789808917197452,0.7525325615050651
ti_cu,na_ca,na_mn,ba_ti,0.8789808917197452,0.7525325615050651
ti_cu,ba_ca,ba_ti,nd_ti,0.8662420382165605,0.7525325615050651
mn_ca,ti_mn,ba_mn,na_ba,0.8662420382165605,0.7525325615050651
ti_cu,ti_mn,na_mn,nd_mn,0.8726114649681529,0.7525325615050651
ti_cu,ti_mn,nd_mn,nd_ti,0.8535031847133758,0.7525325615050651
na_cu,nd_cu,mn_ca,ba_mn,0.8598726114649682,0.7525325615050651
na_cu,nd_cu,ti_ca,nd_ti,0.8789808917197452,0.7525325615050651
ca_cu,nd_cu,nd_ca,ba_ti,0.8535031847133758,0.7525325615050651
nd_cu,ti_ca,na_mn,ba_ti,0.8726114649681529,0.7525325615050651
ba_cu,nd_cu,ba_ca,nd_ba,0.8726114649681529,0.7525325615050651
ba_cu,nd_cu,ti_mn,ba_mn,0.8598726114649682,0.7525325615050651
ba_ca,na_ca,nd_ti,na_ba,0.8598726114649682,0.7525325615050651
mn_cu,na_cu,nd_cu,ba_ca,0.8789808917197452,0.7525325615050651
ba_ca,ba_mn,na_ti,nd_ti,0.8853503184713376,0.7525325615050651
ti_mn,na_mn,ba_ti,nd_ti,0.8726114649681529,0.7525325615050651
na_cu,ba_ca,nd_mn,nd_ti,0.8853503184713376,0.7525325615050651
na_cu,na_ca,ba_mn,nd_na,0.8726114649681529,0.7525325615050651
ba_ca,na_ca,nd_mn,nd_ti,0.8662420382165605,0.7525325615050651
ba_ca,na_ca,ba_mn,nd_ti,0.8726114649681529,0.7525325615050651
mn_ca,ba_ca,nd_ca,na_ti,0.8726114649681529,0.7525325615050651
ba_ca,na_mn,nd_ti,nd_na,0.8789808917197452,0.7525325615050651
ba_ca,na_mn,nd_ti,na_ba,0.8853503184713376,0.7525325615050651
ba_ca,na_mn,nd_mn,nd_na,0.8853503184713376,0.7525325615050651
ba_ca,ba_mn,nd_ti,nd_ba,0.8598726114649682,0.7525325615050651
mn_cu,nd_ca,ti_mn,na_ba,0.8726114649681529,0.7525325615050651
mn_cu,nd_ca,ba_mn,na_mn,0.8789808917197452,0.7525325615050651
ti_cu,nd_ca,na_mn,na_ba,0.8662420382165605,0.7525325615050651
ti_cu,ba_mn,ba_ti,nd_na,0.8662420382165605,0.7525325615050651
ti_cu,ba_mn,nd_mn,na_ba,0.8662420382165605,0.7525325615050651
ti_cu,nd_ca,na_ti,nd_ti,0.8789808917197452,0.7525325615050651
mn_cu,ti_mn,ba_ti,na_ti,0.8789808917197452,0.7525325615050651
mn_cu,ti_mn,na_mn,na_ba,0.8598726114649682,0.7525325615050651
mn_ca,ba_mn,na_mn,ba_ti,0.8853503184713376,0.7525325615050651
ca_cu,nd_cu,ba_mn,nd_na,0.8789808917197452,0.7525325615050651
mn_cu,na_ca,na_mn,nd_ti,0.8789808917197452,0.7525325615050651
ti_ca,nd_ca,na_mn,na_ba,0.8598726114649682,0.7525325615050651
nd_ca,ba_mn,na_ti,nd_na,0.8662420382165605,0.7525325615050651
ca_cu,ba_cu,ti_ca,ba_ca,0.8726114649681529,0.7525325615050651
ca_cu,nd_cu,na_ca,ba_ti,0.8853503184713376,0.7525325615050651
mn_cu,na_ca,na_mn,nd_na,0.8853503184713376,0.7525325615050651
nd_cu,ba_mn,nd_ti,nd_na,0.8726114649681529,0.7525325615050651
ba_ca,nd_mn,na_ti,nd_na,0.8789808917197452,0.7525325615050651
mn_ca,ba_ca,ba_ti,nd_ti,0.8662420382165605,0.7525325615050651
mn_cu,na_cu,ti_ca,ba_mn,0.8789808917197452,0.7525325615050651
mn_ca,ba_ca,ti_mn,na_ti,0.8853503184713376,0.7525325615050651
mn_ca,ba_ca,ti_mn,na_mn,0.8853503184713376,0.7525325615050651
na_cu,nd_ca,ba_mn,ba_ti,0.8535031847133758,0.7525325615050651
na_cu,nd_ca,ba_mn,na_mn,0.8662420382165605,0.7525325615050651
na_cu,nd_ca,ti_mn,na_mn,0.8853503184713376,0.7525325615050651
ti_mn,nd_mn,ba_ti,na_ba,0.8598726114649682,0.7525325615050651
ca_cu,mn_ca,na_ca,na_mn,0.8726114649681529,0.7525325615050651
ca_cu,mn_ca,ti_mn,ba_mn,0.8789808917197452,0.7525325615050651
ba_mn,nd_mn,ba_ti,nd_ba,0.8662420382165605,0.7525325615050651
na_cu,nd_ca,ba_ti,na_ba,0.8598726114649682,0.7525325615050651
na_cu,ti_mn,na_mn,na_ti,0.8789808917197452,0.7525325615050651
na_cu,ti_mn,na_mn,nd_mn,0.8789808917197452,0.7525325615050651
ba_cu,na_cu,nd_cu,na_ti,0.8789808917197452,0.7525325615050651
nd_cu,ti_mn,ba_mn,nd_ti,0.8789808917197452,0.7525325615050651
ba_cu,na_mn,na_ti,nd_ti,0.89171974522293,0.7525325615050651
nd_cu,nd_ca,ti_mn,ba_mn,0.8726114649681529,0.7525325615050651
ti_mn,nd_mn,ba_ti,nd_ti,0.8662420382165605,0.7525325615050651
ba_cu,nd_cu,ti_ca,na_ba,0.8726114649681529,0.7525325615050651
ba_cu,nd_cu,ti_ca,ba_mn,0.8853503184713376,0.7525325615050651
ba_ca,na_ca,nd_ca,na_mn,0.8726114649681529,0.7525325615050651
ti_ca,na_ba,nd_ba,nd_na,0.8789808917197452,0.7525325615050651
mn_cu,na_cu,nd_ca,ti_mn,0.8789808917197452,0.7525325615050651
ca_cu,na_mn,nd_ti,na_ba,0.89171974522293,0.7525325615050651
nd_cu,na_mn,nd_ba,nd_na,0.8789808917197452,0.7525325615050651
ba_cu,ba_mn,na_mn,na_ba,0.8789808917197452,0.7525325615050651
ca_cu,ba_mn,nd_mn,na_ti,0.8662420382165605,0.7525325615050651
ca_cu,ba_mn,na_mn,na_ti,0.89171974522293,0.7525325615050651
ca_cu,mn_ca,ba_ti,na_ba,0.8726114649681529,0.7525325615050651
ca_cu,mn_ca,ba_ti,na_ti,0.8598726114649682,0.7525325615050651
ba_cu,na_cu,nd_cu,nd_ca,0.8662420382165605,0.7525325615050651
mn_ca,nd_ca,ba_mn,na_ti,0.8789808917197452,0.7525325615050651
mn_ca,nd_ca,ba_mn,na_mn,0.8662420382165605,0.7525325615050651
mn_cu,mn_ca,ba_ca,ba_mn,0.8726114649681529,0.7525325615050651
ca_cu,ti_ca,na_mn,nd_mn,0.8726114649681529,0.7525325615050651
nd_cu,ti_mn,nd_mn,na_ti,0.8853503184713376,0.7525325615050651
ba_cu,na_mn,nd_mn,nd_ti,0.8726114649681529,0.7525325615050651
ba_cu,na_ti,nd_ti,nd_na,0.8598726114649682,0.7525325615050651
ba_cu,ba_mn,ba_ti,nd_na,0.8726114649681529,0.7525325615050651
mn_cu,mn_ca,nd_ca,nd_mn,0.8853503184713376,0.7525325615050651
mn_cu,mn_ca,nd_ca,na_mn,0.8853503184713376,0.7525325615050651
mn_cu,mn_ca,na_ca,na_ba,0.8853503184713376,0.7525325615050651
mn_ca,na_ca,ba_mn,nd_na,0.8726114649681529,0.7525325615050651
ba_cu,na_cu,ti_ca,ba_mn,0.8726114649681529,0.7525325615050651
mn_ca,na_ca,nd_ca,nd_na,0.8471337579617835,0.7525325615050651
nd_cu,ti_mn,ba_mn,nd_ba,0.8726114649681529,0.7525325615050651
na_ca,nd_ca,na_ti,nd_ti,0.8662420382165605,0.7525325615050651
ca_cu,ba_ca,na_mn,na_ti,0.8853503184713376,0.7525325615050651
ca_cu,mn_ca,na_ti,na_ba,0.8789808917197452,0.7525325615050651
nd_cu,na_mn,nd_mn,nd_ba,0.8598726114649682,0.7525325615050651
ba_cu,na_cu,ba_mn,nd_ba,0.8726114649681529,0.7525325615050651
ti_ca,na_mn,nd_ti,na_ba,0.8853503184713376,0.7525325615050651
ti_ca,ba_ti,na_ti,na_ba,0.8662420382165605,0.7525325615050651
ti_ca,nd_mn,na_ba,nd_na,0.8789808917197452,0.7525325615050651
mn_cu,na_cu,na_mn,nd_na,0.8726114649681529,0.7525325615050651
ba_cu,na_cu,ti_mn,ba_mn,0.89171974522293,0.7525325615050651
ba_cu,na_cu,nd_ca,na_ba,0.8598726114649682,0.7525325615050651
mn_cu,nd_cu,ba_ca,nd_mn,0.8662420382165605,0.7525325615050651
nd_cu,ti_mn,ba_ti,nd_ba,0.8853503184713376,0.7525325615050651
ca_cu,ba_ca,ba_mn,na_ti,0.8726114649681529,0.7525325615050651
nd_cu,mn_ca,nd_ca,na_mn,0.8726114649681529,0.7525325615050651
nd_cu,mn_ca,nd_ca,ba_mn,0.8535031847133758,0.7525325615050651
ba_mn,na_mn,ba_ti,nd_na,0.8726114649681529,0.7525325615050651
ca_cu,mn_cu,ti_mn,na_mn,0.8789808917197452,0.7525325615050651
mn_cu,nd_cu,ti_mn,nd_mn,0.8598726114649682,0.7525325615050651
mn_cu,nd_cu,ba_mn,nd_na,0.8789808917197452,0.7525325615050651
ca_cu,ba_ca,na_mn,na_ba,0.8853503184713376,0.7525325615050651
nd_ca,na_mn,ba_ti,na_ba,0.8662420382165605,0.7525325615050651
nd_cu,ti_ca,ba_ti,nd_na,0.8789808917197452,0.7525325615050651
na_cu,ti_ca,ba_ca,nd_ca,0.8726114649681529,0.7525325615050651
na_cu,mn_ca,na_ti,nd_na,0.8789808917197452,0.7525325615050651
ba_cu,na_mn,nd_mn,na_ti,0.8726114649681529,0.7525325615050651
ca_cu,mn_cu,ba_mn,ba_ti,0.8726114649681529,0.7525325615050651
ca_cu,mn_cu,ba_ti,na_ba,0.8789808917197452,0.7525325615050651
na_cu,ti_mn,ba_mn,na_mn,0.8853503184713376,0.7525325615050651
mn_ca,na_ca,nd_ca,ba_ti,0.8726114649681529,0.7525325615050651
ca_cu,ti_mn,na_mn,nd_ba,0.8726114649681529,0.7525325615050651
ba_cu,ti_mn,na_ti,na_ba,0.8789808917197452,0.7525325615050651
nd_cu,ba_mn,na_mn,nd_ba,0.8662420382165605,0.7525325615050651
mn_ca,na_ca,nd_ca,nd_mn,0.8471337579617835,0.7525325615050651
mn_ca,ba_ca,ba_ti,nd_na,0.8853503184713376,0.7525325615050651
ba_cu,na_cu,na_mn,nd_mn,0.8598726114649682,0.7525325615050651
ca_cu,ti_cu,nd_ca,ba_mn,0.8789808917197452,0.7525325615050651
ca_cu,ti_cu,na_ca,nd_mn,0.8662420382165605,0.7525325615050651
ca_cu,na_ca,ba_mn,na_ti,0.8853503184713376,0.7525325615050651
na_ca,nd_ca,ba_mn,na_mn,0.8662420382165605,0.7525325615050651
ca_cu,nd_ca,na_mn,ba_ti,0.8726114649681529,0.7525325615050651
ti_ca,ba_mn,na_mn,na_ba,0.8789808917197452,0.7525325615050651
nd_cu,mn_ca,ba_ca,nd_na,0.8662420382165605,0.7525325615050651
na_cu,ba_mn,na_ti,nd_na,0.8789808917197452,0.7525325615050651
na_cu,ba_mn,ba_ti,nd_na,0.8789808917197452,0.7525325615050651
na_mn,nd_mn,na_ba,nd_ba,0.8726114649681529,0.7525325615050651
ti_cu,nd_cu,na_ti,nd_na,0.8853503184713376,0.7525325615050651
na_cu,na_mn,na_ti,nd_ti,0.8980891719745223,0.7525325615050651
na_cu,na_mn,ba_ti,nd_na,0.8662420382165605,0.7525325615050651
na_cu,na_mn,nd_mn,nd_na,0.8662420382165605,0.7525325615050651
na_cu,nd_cu,ba_mn,nd_ba,0.8662420382165605,0.7525325615050651
nd_cu,ba_ca,nd_mn,ba_ti,0.8726114649681529,0.7525325615050651
na_cu,nd_cu,nd_ba,nd_na,0.8789808917197452,0.7525325615050651
na_cu,nd_cu,nd_ti,na_ba,0.8789808917197452,0.7525325615050651
na_cu,nd_cu,ba_ti,nd_ti,0.8789808917197452,0.7525325615050651
nd_ca,ti_mn,ba_ti,na_ba,0.8662420382165605,0.7525325615050651
nd_ca,ti_mn,nd_mn,na_ba,0.8726114649681529,0.7525325615050651
nd_ca,ti_mn,na_mn,ba_ti,0.8789808917197452,0.7525325615050651
nd_ca,ti_mn,na_mn,nd_mn,0.8789808917197452,0.7525325615050651
ba_ti,na_ti,nd_ti,nd_ba,0.8726114649681529,0.7525325615050651
na_cu,ba_ti,na_ti,nd_na,0.8853503184713376,0.7510853835021708
nd_mn,ba_ti,na_ti,nd_ti,0.8662420382165605,0.7510853835021708
ba_ti,na_ba,nd_ba,nd_na,0.8789808917197452,0.7510853835021708
nd_ca,ti_mn,nd_mn,na_ti,0.8662420382165605,0.7510853835021708
na_cu,nd_cu,na_ba,nd_ba,0.8853503184713376,0.7510853835021708
nd_cu,ba_ca,na_mn,ba_ti,0.8789808917197452,0.7510853835021708
ti_cu,nd_cu,nd_ca,na_mn,0.8789808917197452,0.7510853835021708
na_cu,na_mn,na_ba,nd_na,0.8662420382165605,0.7510853835021708
na_cu,na_mn,na_ti,na_ba,0.8726114649681529,0.7510853835021708
na_mn,ba_ti,na_ti,na_ba,0.8789808917197452,0.7510853835021708
ti_cu,nd_cu,na_mn,na_ba,0.8853503184713376,0.7510853835021708
na_mn,ba_ti,na_ti,nd_ti,0.8853503184713376,0.7510853835021708
nd_cu,mn_ca,ti_ca,nd_mn,0.8726114649681529,0.7510853835021708
nd_cu,mn_ca,na_ca,nd_ca,0.8598726114649682,0.7510853835021708
ti_ca,ba_mn,na_mn,nd_ti,0.8726114649681529,0.7510853835021708
ca_cu,nd_ca,ti_mn,nd_mn,0.89171974522293,0.7510853835021708
ca_cu,ti_cu,ba_mn,ba_ti,0.8789808917197452,0.7510853835021708
ca_cu,ti_cu,na_mn,na_ti,0.8789808917197452,0.7510853835021708
na_cu,ti_ca,nd_ca,na_ba,0.8535031847133758,0.7510853835021708
mn_ca,ba_ca,nd_ti,na_ba,0.8598726114649682,0.7510853835021708
mn_cu,nd_cu,ti_mn,na_ba,0.8789808917197452,0.7510853835021708
nd_cu,ti_mn,na_ti,nd_ti,0.8853503184713376,0.7510853835021708
ba_cu,ti_mn,na_ti,nd_ti,0.8662420382165605,0.7510853835021708
ca_cu,ti_mn,ba_mn,na_ba,0.8726114649681529,0.7510853835021708
ca_cu,ti_mn,ba_mn,na_mn,0.89171974522293,0.7510853835021708
na_cu,ti_mn,ba_mn,ba_ti,0.8853503184713376,0.7510853835021708
nd_cu,mn_ca,na_mn,nd_mn,0.8853503184713376,0.7510853835021708
ca_cu,mn_cu,na_mn,na_ti,0.8662420382165605,0.7510853835021708
ca_cu,mn_cu,ti_mn,na_ba,0.8726114649681529,0.7510853835021708
ti_mn,ba_ti,nd_ti,na_ba,0.8598726114649682,0.7510853835021708
na_cu,mn_ca,na_mn,nd_na,0.8726114649681529,0.7510853835021708
ti_ca,ba_mn,na_ti,na_ba,0.8789808917197452,0.7510853835021708
mn_cu,nd_cu,na_ca,nd_mn,0.8662420382165605,0.7510853835021708
ba_cu,na_cu,nd_ca,nd_ba,0.8726114649681529,0.7510853835021708
ba_cu,na_cu,ti_ca,nd_mn,0.8598726114649682,0.7510853835021708
mn_cu,nd_cu,mn_ca,nd_ca,0.8662420382165605,0.7510853835021708
ba_cu,na_cu,ba_mn,nd_mn,0.8471337579617835,0.7510853835021708
na_cu,ti_ca,na_ca,na_ti,0.89171974522293,0.7510853835021708
nd_cu,na_mn,nd_mn,na_ba,0.8662420382165605,0.7510853835021708
na_ca,nd_ca,na_mn,na_ba,0.8662420382165605,0.7510853835021708
ca_cu,ti_ca,nd_mn,nd_na,0.8853503184713376,0.7510853835021708
mn_cu,nd_cu,na_ti,nd_ti,0.8662420382165605,0.7510853835021708
mn_ca,na_ca,nd_mn,nd_na,0.8598726114649682,0.7510853835021708
mn_ca,na_ca,ba_ti,nd_na,0.8662420382165605,0.7510853835021708
ca_cu,mn_ca,ba_ca,ti_mn,0.8789808917197452,0.7510853835021708
ba_cu,ba_ti,nd_ba,nd_na,0.8853503184713376,0.7510853835021708
ti_ca,ti_mn,na_ti,na_ba,0.8726114649681529,0.7510853835021708
ti_cu,na_mn,na_ti,nd_ti,0.8853503184713376,0.7510853835021708
ti_ca,nd_ca,nd_ti,nd_na,0.8662420382165605,0.7510853835021708
mn_cu,mn_ca,ba_mn,na_mn,0.89171974522293,0.7510853835021708
ca_cu,ba_mn,na_mn,nd_na,0.8726114649681529,0.7510853835021708
ba_cu,ba_mn,na_mn,nd_ti,0.8598726114649682,0.7510853835021708
ca_cu,ba_mn,na_ti,na_ba,0.8853503184713376,0.7510853835021708
ca_cu,ba_mn,na_ti,nd_na,0.8789808917197452,0.7510853835021708
mn_cu,na_cu,ti_mn,nd_na,0.8980891719745223,0.7510853835021708
nd_cu,nd_ca,na_mn,ba_ti,0.8598726114649682,0.7510853835021708
na_ca,ti_mn,na_mn,na_ti,0.8726114649681529,0.7510853835021708
na_cu,ti_mn,ba_mn,nd_na,0.8853503184713376,0.7510853835021708
na_cu,ti_mn,na_mn,na_ba,0.8853503184713376,0.7510853835021708
na_cu,ti_mn,nd_mn,nd_ti,0.8789808917197452,0.7510853835021708
ca_cu,mn_ca,ti_ca,na_ba,0.8598726114649682,0.7510853835021708
ba_cu,na_cu,nd_ba,nd_na,0.89171974522293,0.7510853835021708
mn_ca,ba_ca,ti_mn,ba_ti,0.8662420382165605,0.7510853835021708
mn_cu,na_cu,ba_ca,na_mn,0.8853503184713376,0.7510853835021708
mn_cu,na_cu,ba_ca,na_ti,0.8789808917197452,0.7510853835021708
mn_ca,ba_ca,ba_ti,na_ti,0.8662420382165605,0.7510853835021708
nd_cu,na_mn,nd_mn,na_ti,0.8789808917197452,0.7510853835021708
ca_cu,ba_cu,ti_ca,na_ti,0.8726114649681529,0.7510853835021708
nd_ca,na_mn,nd_mn,ba_ti,0.8598726114649682,0.7510853835021708
na_cu,mn_ca,nd_mn,na_ti,0.8726114649681529,0.7510853835021708
nd_cu,nd_ca,nd_mn,na_ti,0.8662420382165605,0.7510853835021708
ti_cu,na_ti,nd_ti,nd_na,0.89171974522293,0.7510853835021708
mn_cu,ba_ca,na_ti,na_ba,0.8853503184713376,0.7510853835021708
nd_cu,nd_ca,na_ti,nd_na,0.8598726114649682,0.7510853835021708
ca_cu,nd_cu,na_mn,nd_mn,0.8726114649681529,0.7510853835021708
ca_cu,nd_cu,nd_mn,nd_na,0.8662420382165605,0.7510853835021708
ti_cu,nd_ca,ba_mn,na_mn,0.8789808917197452,0.7510853835021708
mn_cu,ba_ca,ba_mn,na_mn,0.8853503184713376,0.7510853835021708
mn_cu,ti_ca,na_ti,na_ba,0.8662420382165605,0.7510853835021708
ti_ca,nd_ca,na_mn,nd_mn,0.8598726114649682,0.7510853835021708
ti_cu,ba_mn,ba_ti,nd_ba,0.8726114649681529,0.7510853835021708
ti_cu,nd_ca,na_mn,nd_ba,0.8789808917197452,0.7510853835021708
mn_cu,nd_ca,na_ti,na_ba,0.8726114649681529,0.7510853835021708
ba_ca,na_mn,ba_ti,nd_na,0.89171974522293,0.7510853835021708
ca_cu,na_mn,ba_ti,nd_ti,0.8789808917197452,0.7510853835021708
na_cu,ba_ca,nd_ti,nd_ba,0.8853503184713376,0.7510853835021708
na_cu,na_ca,nd_ca,ba_mn,0.8662420382165605,0.7510853835021708
ti_mn,na_mn,nd_mn,na_ti,0.8853503184713376,0.7510853835021708
ba_cu,ti_mn,nd_mn,na_ti,0.8726114649681529,0.7510853835021708
nd_cu,na_mn,na_ti,nd_na,0.89171974522293,0.7510853835021708
nd_cu,ba_ti,na_ba,nd_na,0.8789808917197452,0.7510853835021708
ba_ca,ba_mn,ba_ti,nd_ti,0.8598726114649682,0.7510853835021708
ca_cu,na_ti,nd_ti,nd_ba,0.8789808917197452,0.7510853835021708
ba_ca,ba_mn,nd_ti,na_ba,0.8726114649681529,0.7510853835021708
ba_cu,nd_ca,na_mn,nd_mn,0.8471337579617835,0.7510853835021708
mn_cu,ba_cu,na_ti,na_ba,0.8853503184713376,0.7510853835021708
mn_ca,ti_ca,nd_mn,nd_ti,0.8853503184713376,0.7510853835021708
ba_cu,nd_cu,ti_mn,na_ba,0.8598726114649682,0.7510853835021708
ba_cu,nd_cu,nd_ca,ba_ti,0.8726114649681529,0.7510853835021708
na_cu,nd_cu,ti_mn,ba_mn,0.8789808917197452,0.7510853835021708
na_cu,nd_cu,ti_mn,nd_mn,0.8726114649681529,0.7510853835021708
ca_cu,nd_cu,na_ca,nd_ca,0.8726114649681529,0.7510853835021708
na_ca,na_mn,na_ti,na_ba,0.8726114649681529,0.7510853835021708
nd_cu,na_ca,na_mn,na_ba,0.8789808917197452,0.7510853835021708
na_cu,nd_cu,ba_ca,na_ca,0.8853503184713376,0.7510853835021708
na_cu,nd_cu,ti_ca,nd_mn,0.8662420382165605,0.7510853835021708
ca_cu,nd_cu,ti_mn,nd_ti,0.8535031847133758,0.7510853835021708
mn_ca,ti_mn,na_mn,na_ti,0.8662420382165605,0.7510853835021708
ba_mn,nd_mn,na_ba,nd_ba,0.8726114649681529,0.7510853835021708
ba_mn,nd_mn,na_ba,nd_na,0.8726114649681529,0.7510853835021708
ba_mn,ba_ti,na_ti,nd_ba,0.8726114649681529,0.7510853835021708
na_cu,nd_cu,nd_ca,ba_mn,0.8598726114649682,0.7510853835021708
na_cu,nd_cu,nd_ca,na_mn,0.8598726114649682,0.7510853835021708
na_cu,nd_cu,nd_ca,nd_mn,0.8598726114649682,0.7510853835021708
ca_cu,na_cu,na_ca,na_mn,0.8853503184713376,0.7510853835021708
nd_ca,ba_mn,na_ti,nd_ti,0.8726114649681529,0.7510853835021708
mn_cu,nd_mn,nd_ti,na_ba,0.8726114649681529,0.7510853835021708
mn_cu,nd_mn,nd_ti,nd_na,0.8598726114649682,0.7510853835021708
ca_cu,ti_cu,ba_ca,ba_mn,0.8726114649681529,0.7510853835021708
na_cu,ti_ca,nd_mn,nd_na,0.8726114649681529,0.7510853835021708
ba_cu,ba_ca,nd_ca,nd_ba,0.8789808917197452,0.7510853835021708
mn_cu,ba_cu,nd_ca,na_ti,0.8726114649681529,0.7510853835021708
ca_cu,ti_cu,mn_ca,na_ca,0.8598726114649682,0.7510853835021708
na_ca,ba_ti,nd_ti,nd_ba,0.8535031847133758,0.7510853835021708
nd_cu,na_ca,nd_ca,na_mn,0.8662420382165605,0.7510853835021708
ca_cu,na_cu,na_ca,ba_mn,0.8662420382165605,0.7510853835021708
mn_cu,na_ti,nd_ti,nd_na,0.8662420382165605,0.7510853835021708
mn_ca,ba_mn,na_mn,na_ti,0.8853503184713376,0.7510853835021708
mn_ca,na_mn,nd_ti,nd_na,0.8535031847133758,0.7510853835021708
ti_ca,ba_ca,nd_mn,ba_ti,0.8598726114649682,0.7510853835021708
ba_ca,ti_mn,na_ti,na_ba,0.8789808917197452,0.7510853835021708
ba_cu,nd_ca,ti_mn,ba_ti,0.8598726114649682,0.7510853835021708
ba_cu,nd_ca,ti_mn,na_ba,0.8662420382165605,0.7510853835021708
ba_cu,nd_ca,ba_mn,na_mn,0.8662420382165605,0.7510853835021708
ba_cu,ti_ca,nd_ca,nd_ti,0.8789808917197452,0.7510853835021708
ba_cu,ti_ca,nd_ca,nd_ba,0.8789808917197452,0.7510853835021708
ba_cu,nd_cu,na_mn,na_ti,0.8726114649681529,0.7510853835021708
mn_cu,ba_cu,na_mn,na_ti,0.8853503184713376,0.7510853835021708
mn_cu,ti_cu,na_ca,nd_mn,0.8535031847133758,0.7510853835021708
nd_cu,na_ba,nd_ba,nd_na,0.8726114649681529,0.7510853835021708
mn_ca,ti_ca,ba_ca,ti_mn,0.8789808917197452,0.7510853835021708
ba_ca,ti_mn,ba_mn,na_ti,0.8789808917197452,0.7510853835021708
mn_cu,ba_cu,na_cu,nd_mn,0.8662420382165605,0.7510853835021708
mn_ca,ti_ca,ti_mn,na_ti,0.8598726114649682,0.7510853835021708
ba_ca,nd_ca,na_mn,nd_ba,0.8789808917197452,0.7510853835021708
mn_cu,ba_cu,nd_cu,nd_mn,0.8726114649681529,0.7510853835021708
ca_cu,ba_cu,ba_mn,nd_na,0.8726114649681529,0.7510853835021708
nd_ca,ti_mn,na_ba,nd_na,0.8789808917197452,0.7510853835021708
nd_cu,ba_ca,na_ca,nd_ti,0.8726114649681529,0.7510853835021708
na_cu,mn_ca,na_ca,na_mn,0.8726114649681529,0.7510853835021708
na_cu,mn_ca,na_ca,nd_mn,0.8598726114649682,0.7510853835021708
mn_ca,ba_mn,ba_ti,nd_ti,0.8726114649681529,0.7510853835021708
na_mn,nd_mn,ba_ti,na_ba,0.8789808917197452,0.7510853835021708
ca_cu,mn_cu,mn_ca,ba_ca,0.8726114649681529,0.7510853835021708
ca_cu,mn_cu,mn_ca,ba_mn,0.8726114649681529,0.7510853835021708
ca_cu,mn_cu,mn_ca,na_ba,0.8471337579617835,0.7510853835021708
ti_cu,mn_ca,na_ca,nd_mn,0.8662420382165605,0.7510853835021708
ti_cu,nd_cu,ti_mn,nd_ti,0.8407643312101911,0.7510853835021708
ti_cu,na_cu,na_ti,nd_ti,0.8853503184713376,0.7510853835021708
ti_cu,na_cu,na_ti,na_ba,0.8789808917197452,0.7510853835021708
mn_ca,na_ti,nd_ti,na_ba,0.8853503184713376,0.7510853835021708
ti_cu,nd_cu,ba_ti,nd_ti,0.8662420382165605,0.7510853835021708
ti_cu,na_cu,mn_ca,na_mn,0.8789808917197452,0.7510853835021708
mn_ca,na_mn,nd_ti,na_ba,0.8789808917197452,0.7510853835021708
ba_ca,ti_mn,ba_mn,ba_ti,0.8598726114649682,0.7510853835021708
mn_cu,ba_cu,ti_ca,nd_ba,0.8598726114649682,0.7510853835021708
mn_cu,ba_cu,ba_ca,ba_mn,0.8789808917197452,0.7510853835021708
ca_cu,ti_cu,ti_ca,na_ca,0.8726114649681529,0.7510853835021708
ti_mn,ba_mn,nd_mn,na_ti,0.8726114649681529,0.7510853835021708
ti_mn,ba_mn,ba_ti,na_ti,0.8789808917197452,0.7510853835021708
nd_mn,ba_ti,nd_ti,na_ba,0.8662420382165605,0.7510853835021708
ca_cu,mn_cu,ti_cu,na_cu,0.89171974522293,0.7510853835021708
ca_cu,mn_cu,ti_cu,mn_ca,0.8662420382165605,0.7510853835021708
na_ti,nd_ti,na_ba,nd_na,0.8662420382165605,0.7496382054992764
ba_ti,nd_ti,na_ba,nd_na,0.8726114649681529,0.7496382054992764
na_ti,nd_ti,nd_ba,nd_na,0.8726114649681529,0.7496382054992764
na_cu,ba_mn,na_ti,nd_ba,0.8853503184713376,0.7496382054992764
ti_cu,na_cu,na_mn,nd_na,0.8980891719745223,0.7496382054992764
ti_cu,na_cu,ti_mn,nd_ba,0.8853503184713376,0.7496382054992764
ti_cu,na_cu,ba_mn,na_ti,0.8789808917197452,0.7496382054992764
na_cu,mn_ca,nd_ca,na_ti,0.8535031847133758,0.7496382054992764
ba_ca,na_ca,na_ba,nd_ba,0.8726114649681529,0.7496382054992764
mn_cu,ba_cu,na_mn,nd_mn,0.8726114649681529,0.7496382054992764
ba_cu,ba_ca,na_mn,ba_ti,0.8853503184713376,0.7496382054992764
mn_cu,ba_cu,ba_ca,na_ti,0.8789808917197452,0.7496382054992764
nd_cu,mn_ca,na_ca,nd_ti,0.8662420382165605,0.7496382054992764
ca_cu,mn_cu,mn_ca,nd_ti,0.8726114649681529,0.7496382054992764
na_ca,na_ti,nd_ti,nd_na,0.8598726114649682,0.7496382054992764
na_ca,na_ba,nd_ba,nd_na,0.8726114649681529,0.7496382054992764
mn_ca,ba_mn,na_mn,na_ba,0.8789808917197452,0.7496382054992764
mn_ca,nd_mn,na_ti,nd_ti,0.8662420382165605,0.7496382054992764
na_cu,nd_cu,na_mn,ba_ti,0.8598726114649682,0.7496382054992764
ca_cu,ba_cu,nd_ca,nd_ba,0.8662420382165605,0.7496382054992764
ca_cu,ba_cu,ba_ca,na_ti,0.8662420382165605,0.7496382054992764
ca_cu,ba_cu,ba_ca,nd_ba,0.8662420382165605,0.7496382054992764
nd_cu,na_ca,ti_mn,na_mn,0.8726114649681529,0.7496382054992764
ti_cu,ti_ca,nd_ca,na_mn,0.8726114649681529,0.7496382054992764
mn_cu,ba_mn,na_ti,na_ba,0.8853503184713376,0.7496382054992764
ti_cu,na_ca,na_mn,nd_mn,0.8726114649681529,0.7496382054992764
na_cu,ba_ca,na_ca,nd_na,0.89171974522293,0.7496382054992764
ba_ca,na_ca,nd_mn,na_ba,0.8662420382165605,0.7496382054992764
ba_ca,ba_mn,na_mn,na_ba,0.89171974522293,0.7496382054992764
ba_cu,nd_cu,ba_mn,nd_na,0.8789808917197452,0.7496382054992764
ti_cu,ba_cu,ti_ca,na_ti,0.8789808917197452,0.7496382054992764
ti_cu,ba_cu,mn_ca,na_ti,0.8726114649681529,0.7496382054992764
ba_mn,nd_mn,na_ti,nd_na,0.8726114649681529,0.7496382054992764
na_cu,ba_mn,na_mn,nd_na,0.8726114649681529,0.7496382054992764
na_cu,ti_mn,ba_ti,nd_na,0.8853503184713376,0.7496382054992764
na_cu,ti_mn,na_ti,na_ba,0.89171974522293,0.7496382054992764
ti_cu,ba_ca,nd_ca,nd_ba,0.8789808917197452,0.7496382054992764
na_cu,nd_cu,nd_ca,na_ti,0.8598726114649682,0.7496382054992764
ca_cu,nd_cu,mn_ca,nd_mn,0.8726114649681529,0.7496382054992764
na_cu,nd_cu,nd_ca,nd_na,0.8535031847133758,0.7496382054992764
na_cu,nd_cu,ti_mn,na_ba,0.8789808917197452,0.7496382054992764
mn_cu,na_cu,nd_cu,nd_mn,0.8535031847133758,0.7496382054992764
mn_cu,ba_cu,ba_ti,na_ti,0.8726114649681529,0.7496382054992764
ba_cu,nd_cu,ba_ca,nd_na,0.8853503184713376,0.7496382054992764
ca_cu,ti_cu,ba_ca,na_mn,0.8789808917197452,0.7496382054992764
ca_cu,ti_cu,ba_ca,ba_ti,0.8789808917197452,0.7496382054992764
na_cu,ti_ca,na_mn,nd_mn,0.8662420382165605,0.7496382054992764
ba_cu,ba_ca,nd_ca,na_mn,0.8662420382165605,0.7496382054992764
ca_cu,ti_cu,mn_ca,ti_mn,0.8726114649681529,0.7496382054992764
ti_mn,ba_mn,na_ba,nd_na,0.8662420382165605,0.7496382054992764
ca_cu,nd_cu,na_ca,ba_mn,0.8789808917197452,0.7496382054992764
na_cu,nd_cu,na_ca,ba_mn,0.8662420382165605,0.7496382054992764
na_ca,ba_mn,na_mn,na_ba,0.8789808917197452,0.7496382054992764
ba_ca,na_ca,ba_mn,na_mn,0.8853503184713376,0.7496382054992764
mn_cu,na_cu,mn_ca,na_ca,0.8598726114649682,0.7496382054992764
na_cu,ba_ca,ti_mn,nd_na,0.89171974522293,0.7496382054992764
ti_mn,na_mn,nd_mn,na_ba,0.8789808917197452,0.7496382054992764
ca_cu,ti_cu,na_cu,na_ca,0.8853503184713376,0.7496382054992764
ca_cu,ti_cu,na_cu,nd_ba,0.8853503184713376,0.7496382054992764
ti_mn,na_mn,na_ti,nd_ti,0.8726114649681529,0.7496382054992764
nd_cu,na_ti,nd_ti,nd_na,0.8853503184713376,0.7496382054992764
mn_cu,ti_cu,na_cu,ti_ca,0.89171974522293,0.7496382054992764
ba_ca,ba_mn,na_ti,na_ba,0.8853503184713376,0.7496382054992764
ti_cu,nd_ca,na_mn,ba_ti,0.8662420382165605,0.7496382054992764
mn_cu,nd_ca,nd_mn,na_ti,0.8789808917197452,0.7496382054992764
mn_ca,nd_ca,ba_ti,na_ba,0.8598726114649682,0.7496382054992764
ti_cu,ti_mn,na_mn,nd_ti,0.8662420382165605,0.7496382054992764
na_cu,mn_ca,ba_mn,na_ti,0.8789808917197452,0.7496382054992764
mn_ca,nd_ca,na_mn,na_ba,0.8726114649681529,0.7496382054992764
nd_cu,mn_ca,nd_mn,na_ti,0.8726114649681529,0.7496382054992764
ba_cu,na_cu,na_ba,nd_ba,0.8853503184713376,0.7496382054992764
mn_cu,na_cu,na_ca,na_mn,0.8726114649681529,0.7496382054992764
ba_cu,na_cu,nd_ti,na_ba,0.8407643312101911,0.7496382054992764
nd_cu,nd_mn,na_ti,nd_na,0.8853503184713376,0.7496382054992764
mn_ca,nd_ca,nd_mn,nd_ti,0.8789808917197452,0.7496382054992764
mn_cu,mn_ca,ba_ti,na_ti,0.8662420382165605,0.7496382054992764
ba_cu,na_cu,nd_cu,ti_ca,0.89171974522293,0.7496382054992764
ti_cu,ba_ti,nd_ti,nd_ba,0.8726114649681529,0.7496382054992764
mn_cu,ba_ca,ba_mn,na_ti,0.8853503184713376,0.7496382054992764
ca_cu,nd_cu,na_mn,ba_ti,0.8853503184713376,0.7496382054992764
ca_cu,nd_cu,na_mn,nd_ba,0.89171974522293,0.7496382054992764
nd_cu,nd_ca,ba_mn,na_ti,0.8662420382165605,0.7496382054992764
ca_cu,mn_cu,na_ca,na_ti,0.8789808917197452,0.7496382054992764
ca_cu,mn_ca,ti_ca,ti_mn,0.8662420382165605,0.7496382054992764
ba_cu,ba_ti,nd_ti,nd_ba,0.8662420382165605,0.7496382054992764
na_ca,nd_ca,nd_ti,nd_na,0.8598726114649682,0.7496382054992764
mn_cu,na_cu,ba_ti,na_ti,0.8726114649681529,0.7496382054992764
mn_cu,na_cu,ti_mn,nd_mn,0.8726114649681529,0.7496382054992764
mn_cu,na_cu,ti_mn,ba_ti,0.89171974522293,0.7496382054992764
mn_cu,nd_cu,mn_ca,nd_mn,0.8726114649681529,0.7496382054992764
ba_cu,na_cu,ba_mn,na_mn,0.8535031847133758,0.7496382054992764
ca_cu,ti_mn,na_ti,na_ba,0.8853503184713376,0.7496382054992764
mn_cu,na_cu,ba_mn,nd_mn,0.8726114649681529,0.7496382054992764
ca_cu,ti_cu,na_cu,nd_cu,0.8789808917197452,0.7496382054992764
mn_cu,nd_cu,nd_ti,na_ba,0.89171974522293,0.7496382054992764
mn_cu,mn_ca,ti_ca,ti_mn,0.8471337579617835,0.7496382054992764
mn_ca,nd_ca,ti_mn,nd_mn,0.8789808917197452,0.7496382054992764
ti_ca,ti_mn,ba_mn,ba_ti,0.8726114649681529,0.7496382054992764
ca_cu,ti_ca,na_mn,nd_ti,0.8853503184713376,0.7496382054992764
ba_cu,na_mn,nd_mn,na_ba,0.8726114649681529,0.7496382054992764
ca_cu,ti_ca,na_mn,nd_na,0.89171974522293,0.7496382054992764
ti_mn,ba_ti,nd_ti,nd_ba,0.8662420382165605,0.7496382054992764
nd_ca,na_mn,nd_ti,nd_ba,0.8726114649681529,0.7496382054992764
ca_cu,ti_cu,na_ca,na_ti,0.8789808917197452,0.7496382054992764
na_cu,ti_ca,nd_ca,ba_ti,0.8662420382165605,0.7496382054992764
mn_cu,nd_cu,ti_ca,nd_mn,0.8662420382165605,0.7496382054992764
ti_ca,na_mn,nd_mn,nd_na,0.8789808917197452,0.7496382054992764
ba_cu,na_cu,ti_mn,na_mn,0.89171974522293,0.7496382054992764
ba_cu,na_cu,ti_ca,nd_ba,0.8853503184713376,0.7496382054992764
mn_cu,nd_cu,ba_ti,nd_na,0.8789808917197452,0.7496382054992764
mn_ca,na_ca,nd_ca,na_ba,0.8598726114649682,0.7496382054992764
mn_ca,na_ca,ba_mn,na_mn,0.8789808917197452,0.7496382054992764
ba_cu,ba_mn,na_ti,na_ba,0.8853503184713376,0.7496382054992764
ba_cu,ba_mn,nd_ba,nd_na,0.8726114649681529,0.7496382054992764
na_cu,mn_ca,nd_ca,ba_mn,0.8535031847133758,0.7496382054992764
ca_cu,ba_ca,na_ti,na_ba,0.8853503184713376,0.7496382054992764
ba_mn,na_mn,ba_ti,nd_ti,0.8789808917197452,0.7496382054992764
ca_cu,ba_ca,ba_mn,na_mn,0.89171974522293,0.7496382054992764
nd_cu,ti_mn,na_ti,nd_ba,0.8726114649681529,0.7496382054992764
nd_cu,ti_mn,na_ba,nd_ba,0.8726114649681529,0.7496382054992764
nd_cu,ba_mn,na_mn,nd_mn,0.8662420382165605,0.7496382054992764
ba_cu,na_cu,ti_ca,nd_na,0.89171974522293,0.7496382054992764
na_ti,na_ba,nd_ba,nd_na,0.8726114649681529,0.7496382054992764
ba_ti,na_ti,na_ba,nd_na,0.8789808917197452,0.7496382054992764
na_cu,nd_cu,na_ba,nd_na,0.8789808917197452,0.7496382054992764
nd_cu,ba_ca,na_mn,nd_ti,0.89171974522293,0.7496382054992764
ti_cu,mn_ca,na_ca,nd_ti,0.8598726114649682,0.7496382054992764
ti_cu,na_cu,na_ti,nd_na,0.89171974522293,0.7496382054992764
mn_ca,na_ti,nd_ti,nd_ba,0.8726114649681529,0.7496382054992764
ti_cu,mn_ca,ti_ca,ti_mn,0.8662420382165605,0.7496382054992764
mn_ca,ba_ti,nd_ti,nd_ba,0.8789808917197452,0.7496382054992764
ba_ca,ti_mn,ba_mn,nd_na,0.8726114649681529,0.7496382054992764
na_cu,ti_ca,na_mn,nd_ti,0.8726114649681529,0.7496382054992764
ca_cu,ti_cu,mn_ca,na_mn,0.8726114649681529,0.7496382054992764
ti_mn,ba_mn,ba_ti,nd_ba,0.8598726114649682,0.7496382054992764
ca_cu,mn_cu,na_cu,na_mn,0.89171974522293,0.7496382054992764
ca_cu,mn_cu,nd_cu,nd_mn,0.8726114649681529,0.7496382054992764
na_mn,na_ti,nd_ti,nd_ba,0.8789808917197452,0.7496382054992764
ti_cu,nd_cu,na_mn,nd_mn,0.8662420382165605,0.7496382054992764
mn_ca,na_ba,nd_ba,nd_na,0.8789808917197452,0.748191027496382
mn_cu,ba_cu,na_cu,ti_ca,0.8662420382165605,0.748191027496382
ba_cu,ti_ca,nd_mn,na_ba,0.8598726114649682,0.748191027496382
ba_cu,ti_ca,ba_mn,nd_na,0.8726114649681529,0.748191027496382
ti_cu,nd_cu,ba_ca,nd_ti,0.8789808917197452,0.748191027496382
ti_cu,nd_cu,nd_mn,nd_ti,0.8535031847133758,0.748191027496382
ti_cu,na_cu,na_ca,ti_mn,0.8853503184713376,0.748191027496382
nd_cu,mn_ca,nd_ca,ti_mn,0.8853503184713376,0.748191027496382
nd_cu,ti_mn,na_ba,nd_na,0.8662420382165605,0.748191027496382
nd_cu,ba_mn,nd_mn,nd_ba,0.8662420382165605,0.748191027496382
na_cu,ba_ti,na_ti,nd_ti,0.8662420382165605,0.748191027496382
nd_ca,ti_mn,nd_mn,nd_ti,0.8789808917197452,0.748191027496382
na_cu,mn_ca,nd_ti,nd_ba,0.8853503184713376,0.748191027496382
nd_cu,ti_ca,nd_ti,nd_na,0.8789808917197452,0.748191027496382
ba_mn,na_mn,nd_mn,nd_ti,0.8726114649681529,0.748191027496382
mn_cu,nd_cu,nd_ti,nd_na,0.8535031847133758,0.748191027496382
mn_cu,nd_cu,mn_ca,nd_na,0.8535031847133758,0.748191027496382
na_cu,na_ca,ba_ti,nd_ti,0.8662420382165605,0.748191027496382
nd_cu,na_mn,nd_ti,nd_na,0.8853503184713376,0.748191027496382
mn_cu,nd_cu,nd_mn,nd_ba,0.8598726114649682,0.748191027496382
mn_cu,mn_ca,na_mn,na_ba,0.8789808917197452,0.748191027496382
ca_cu,ti_ca,ti_mn,na_ba,0.8726114649681529,0.748191027496382
mn_cu,nd_cu,ba_mn,na_mn,0.8726114649681529,0.748191027496382
ca_cu,ti_cu,ba_mn,nd_ba,0.8662420382165605,0.748191027496382
ca_cu,ti_cu,ti_mn,na_mn,0.8789808917197452,0.748191027496382
ba_cu,na_cu,nd_ca,na_mn,0.8662420382165605,0.748191027496382
mn_ca,na_ca,ba_mn,ba_ti,0.8726114649681529,0.748191027496382
na_cu,mn_ca,na_ca,nd_na,0.8726114649681529,0.748191027496382
na_cu,mn_ca,ba_mn,nd_na,0.8726114649681529,0.748191027496382
na_cu,mn_ca,ba_ti,nd_na,0.8662420382165605,0.748191027496382
na_cu,mn_ca,ba_ti,nd_ti,0.8789808917197452,0.748191027496382
na_cu,mn_ca,ba_ti,na_ti,0.8789808917197452,0.748191027496382
na_cu,mn_ca,nd_mn,nd_ti,0.8726114649681529,0.748191027496382
ca_cu,ba_cu,ti_ca,na_ba,0.8853503184713376,0.748191027496382
ba_cu,nd_ca,nd_mn,na_ti,0.8726114649681529,0.748191027496382
mn_cu,na_cu,nd_cu,ba_mn,0.8662420382165605,0.748191027496382
ba_cu,ti_mn,nd_mn,nd_ti,0.8662420382165605,0.748191027496382
mn_ca,ba_ca,na_mn,nd_ti,0.8789808917197452,0.748191027496382
ca_cu,ba_mn,nd_ba,nd_na,0.8789808917197452,0.748191027496382
mn_cu,na_cu,ti_ca,nd_ca,0.8726114649681529,0.748191027496382
ca_cu,nd_mn,na_ti,nd_ti,0.8726114649681529,0.748191027496382
nd_cu,ba_mn,na_ba,nd_na,0.89171974522293,0.748191027496382
ba_cu,nd_cu,nd_ca,na_mn,0.8598726114649682,0.748191027496382
nd_cu,mn_ca,nd_mn,nd_ti,0.89171974522293,0.748191027496382
mn_cu,mn_ca,na_ti,na_ba,0.8853503184713376,0.748191027496382
mn_cu,mn_ca,na_ti,nd_ti,0.8726114649681529,0.748191027496382
mn_cu,na_ca,nd_ca,na_ti,0.8662420382165605,0.748191027496382
ti_ca,nd_ca,ba_mn,na_mn,0.8662420382165605,0.748191027496382
ca_cu,nd_cu,ba_ti,nd_ti,0.8662420382165605,0.748191027496382
na_ca,ti_mn,ba_mn,ba_ti,0.8726114649681529,0.748191027496382
ba_cu,na_cu,nd_cu,ti_mn,0.8853503184713376,0.748191027496382
ba_cu,na_cu,nd_cu,ba_mn,0.8726114649681529,0.748191027496382
ba_cu,na_cu,nd_cu,na_mn,0.8598726114649682,0.748191027496382
na_cu,nd_ca,na_ti,nd_na,0.8535031847133758,0.748191027496382
ba_mn,na_mn,na_ti,nd_ba,0.8726114649681529,0.748191027496382
ba_mn,na_mn,na_ba,nd_ba,0.8789808917197452,0.748191027496382
ba_mn,nd_mn,ba_ti,nd_ti,0.8471337579617835,0.748191027496382
ba_cu,nd_mn,nd_ti,nd_na,0.8662420382165605,0.748191027496382
nd_cu,ti_mn,na_mn,na_ba,0.8726114649681529,0.748191027496382
nd_cu,ti_mn,ba_ti,nd_ti,0.8726114649681529,0.748191027496382
nd_cu,mn_ca,ti_ca,nd_na,0.89171974522293,0.748191027496382
na_cu,mn_ca,na_ca,nd_ca,0.8407643312101911,0.748191027496382
ca_cu,ba_cu,ba_mn,nd_ba,0.8662420382165605,0.748191027496382
nd_ca,ti_mn,ba_ti,nd_na,0.8598726114649682,0.748191027496382
ti_cu,na_cu,na_mn,na_ti,0.8726114649681529,0.748191027496382
ti_cu,na_cu,mn_ca,na_ti,0.8789808917197452,0.748191027496382
mn_ca,na_mn,na_ti,nd_na,0.89171974522293,0.748191027496382
mn_ca,na_ti,na_ba,nd_na,0.8853503184713376,0.748191027496382
ca_cu,mn_cu,mn_ca,ba_ti,0.8726114649681529,0.748191027496382
ba_cu,nd_cu,ti_mn,nd_na,0.8789808917197452,0.748191027496382
ba_cu,nd_cu,ba_mn,na_ba,0.8789808917197452,0.748191027496382
mn_ca,ba_ca,na_ca,nd_ca,0.8662420382165605,0.748191027496382
ti_cu,na_ca,na_mn,na_ti,0.8726114649681529,0.748191027496382
mn_cu,ti_mn,nd_mn,nd_ti,0.8726114649681529,0.748191027496382
mn_ca,ba_mn,na_mn,nd_mn,0.8662420382165605,0.748191027496382
na_cu,nd_cu,nd_mn,ba_ti,0.8662420382165605,0.748191027496382
ti_cu,nd_cu,na_mn,nd_ti,0.8662420382165605,0.748191027496382
ba_mn,na_ba,nd_ba,nd_na,0.8789808917197452,0.748191027496382
mn_cu,ba_cu,nd_cu,ba_mn,0.8726114649681529,0.748191027496382
mn_cu,ti_cu,ti_mn,na_mn,0.8598726114649682,0.748191027496382
mn_ca,nd_mn,na_ti,nd_na,0.8662420382165605,0.748191027496382
ti_cu,na_cu,nd_cu,nd_mn,0.8789808917197452,0.748191027496382
ti_cu,na_cu,nd_cu,na_ti,0.8853503184713376,0.748191027496382
ti_cu,ba_cu,ba_ti,nd_ba,0.8789808917197452,0.748191027496382
mn_cu,ti_cu,nd_cu,na_ca,0.8726114649681529,0.748191027496382
mn_ca,na_mn,nd_mn,ba_ti,0.8726114649681529,0.748191027496382
mn_cu,ba_cu,mn_ca,na_ti,0.8662420382165605,0.748191027496382
ba_ca,ba_mn,na_mn,na_ti,0.8980891719745223,0.748191027496382
ba_cu,nd_cu,nd_ti,nd_ba,0.8662420382165605,0.748191027496382
ba_cu,nd_cu,ba_ti,nd_ba,0.8789808917197452,0.748191027496382
mn_cu,na_cu,nd_cu,na_mn,0.8662420382165605,0.748191027496382
mn_cu,ba_cu,nd_mn,nd_ba,0.8598726114649682,0.748191027496382
ba_cu,nd_cu,ti_mn,na_ti,0.8726114649681529,0.748191027496382
nd_ca,ba_ti,nd_ti,nd_ba,0.8726114649681529,0.748191027496382
mn_ca,ti_mn,ba_mn,ba_ti,0.8726114649681529,0.748191027496382
ca_cu,nd_cu,ti_mn,na_ba,0.8853503184713376,0.748191027496382
na_cu,nd_cu,ti_ca,na_ba,0.89171974522293,0.748191027496382
mn_ca,ba_ca,nd_ca,ba_mn,0.8535031847133758,0.748191027496382
ba_cu,ti_ca,na_ba,nd_ba,0.8789808917197452,0.748191027496382
ca_cu,nd_cu,nd_ca,nd_na,0.8471337579617835,0.748191027496382
mn_cu,ti_mn,ba_mn,na_ti,0.8853503184713376,0.748191027496382
ba_cu,ti_mn,na_mn,na_ti,0.8726114649681529,0.748191027496382
ba_cu,nd_ca,na_mn,na_ba,0.8662420382165605,0.748191027496382
ba_cu,nd_ca,na_ti,na_ba,0.8662420382165605,0.748191027496382
ti_mn,ba_ti,na_ti,na_ba,0.8726114649681529,0.7467438494934877
nd_cu,mn_ca,na_mn,na_ba,0.8853503184713376,0.7467438494934877
na_ca,nd_ca,na_ti,nd_na,0.8535031847133758,0.7467438494934877
ca_cu,ti_ca,na_ti,na_ba,0.8789808917197452,0.7467438494934877
nd_cu,ti_mn,ba_mn,nd_na,0.8726114649681529,0.7467438494934877
ba_cu,na_cu,mn_ca,na_ti,0.8789808917197452,0.7467438494934877
na_cu,ti_ca,nd_ca,na_mn,0.8535031847133758,0.7467438494934877
mn_ca,ba_ti,nd_ti,na_ba,0.8726114649681529,0.7467438494934877
na_mn,ba_ti,nd_ti,na_ba,0.8853503184713376,0.7467438494934877
ca_cu,ti_cu,ti_ca,ba_mn,0.8726114649681529,0.7467438494934877
ca_cu,mn_cu,ba_cu,na_ti,0.8726114649681529,0.7467438494934877
nd_mn,ba_ti,na_ti,na_ba,0.8662420382165605,0.7467438494934877
ba_mn,na_mn,ba_ti,na_ti,0.8789808917197452,0.7467438494934877
ba_cu,ba_mn,nd_mn,nd_na,0.8662420382165605,0.7467438494934877
ti_cu,na_cu,nd_ca,ti_mn,0.8853503184713376,0.7467438494934877
mn_cu,nd_cu,ti_mn,nd_ti,0.8535031847133758,0.7467438494934877
mn_cu,nd_cu,na_mn,na_ba,0.8598726114649682,0.7467438494934877
mn_cu,nd_cu,nd_ca,nd_mn,0.8662420382165605,0.7467438494934877
mn_cu,nd_cu,ba_mn,nd_ba,0.8535031847133758,0.7467438494934877
mn_cu,nd_cu,na_mn,ba_ti,0.8789808917197452,0.7467438494934877
na_ca,nd_ca,na_ba,nd_ba,0.8662420382165605,0.7467438494934877
na_cu,nd_ca,ba_mn,na_ti,0.8535031847133758,0.7467438494934877
mn_cu,na_cu,na_mn,na_ba,0.8662420382165605,0.7467438494934877
nd_cu,ba_mn,na_mn,nd_na,0.8789808917197452,0.7467438494934877
nd_cu,na_mn,nd_ti,na_ba,0.8853503184713376,0.7467438494934877
ba_cu,na_mn,ba_ti,nd_ti,0.8789808917197452,0.7467438494934877
mn_cu,nd_cu,nd_mn,na_ba,0.8726114649681529,0.7467438494934877
mn_cu,na_cu,ba_mn,na_mn,0.8726114649681529,0.7467438494934877
ba_cu,na_mn,ba_ti,nd_na,0.8789808917197452,0.7467438494934877
nd_cu,mn_ca,nd_ca,nd_mn,0.8789808917197452,0.7467438494934877
mn_ca,na_ca,ti_mn,na_mn,0.8598726114649682,0.7467438494934877
ca_cu,nd_ca,ba_mn,na_mn,0.8726114649681529,0.7467438494934877
ca_cu,ti_cu,ba_ca,na_ca,0.8789808917197452,0.7467438494934877
mn_ca,ba_ca,na_ca,ba_ti,0.8726114649681529,0.7467438494934877
ti_cu,ti_mn,na_ti,na_ba,0.8789808917197452,0.7467438494934877
na_cu,mn_ca,na_mn,na_ti,0.8789808917197452,0.7467438494934877
nd_cu,nd_ca,na_mn,nd_mn,0.8662420382165605,0.7467438494934877
ca_cu,nd_cu,nd_ca,nd_ba,0.8726114649681529,0.7467438494934877
ca_cu,nd_cu,ba_ca,na_mn,0.8853503184713376,0.7467438494934877
na_cu,nd_cu,ti_ca,nd_ca,0.8662420382165605,0.7467438494934877
ba_cu,na_ba,nd_ba,nd_na,0.8789808917197452,0.7467438494934877
na_cu,nd_cu,mn_ca,na_ca,0.8789808917197452,0.7467438494934877
mn_cu,ba_ca,na_ca,na_mn,0.89171974522293,0.7467438494934877
na_ca,ba_mn,na_ti,nd_na,0.8789808917197452,0.7467438494934877
nd_cu,nd_ca,ba_ti,nd_ba,0.8662420382165605,0.7467438494934877
ba_ca,na_mn,na_ti,na_ba,0.89171974522293,0.7467438494934877
mn_ca,ti_mn,na_mn,na_ba,0.8853503184713376,0.7467438494934877
ca_cu,na_mn,nd_mn,nd_na,0.8726114649681529,0.7467438494934877
nd_cu,ba_mn,nd_ba,nd_na,0.8726114649681529,0.7467438494934877
ba_cu,nd_cu,na_ba,nd_na,0.8789808917197452,0.7467438494934877
ca_cu,nd_cu,nd_ca,nd_mn,0.8789808917197452,0.7467438494934877
ti_cu,nd_ca,na_mn,nd_ti,0.8789808917197452,0.7467438494934877
nd_ca,ti_mn,ba_mn,ba_ti,0.8598726114649682,0.7467438494934877
na_cu,nd_cu,ba_mn,na_mn,0.8598726114649682,0.7467438494934877
na_cu,nd_cu,ba_mn,nd_mn,0.8598726114649682,0.7467438494934877
ti_cu,mn_ca,nd_ca,nd_na,0.8789808917197452,0.7467438494934877
mn_cu,ba_mn,ba_ti,na_ti,0.8789808917197452,0.7467438494934877
na_cu,nd_cu,mn_ca,nd_na,0.8598726114649682,0.7467438494934877
ca_cu,ba_cu,ba_ca,ba_ti,0.8662420382165605,0.7467438494934877
na_cu,mn_ca,ba_ca,ba_mn,0.8662420382165605,0.7467438494934877
nd_cu,ti_ca,nd_ca,na_mn,0.8662420382165605,0.7467438494934877
mn_cu,ti_cu,na_cu,na_ti,0.89171974522293,0.7467438494934877
ba_mn,ba_ti,na_ti,na_ba,0.8726114649681529,0.7467438494934877
ba_mn,ba_ti,na_ti,nd_na,0.8726114649681529,0.7467438494934877
ba_cu,mn_ca,na_ti,na_ba,0.8789808917197452,0.7467438494934877
ba_cu,ti_ca,na_mn,nd_mn,0.8726114649681529,0.7467438494934877
nd_cu,ba_ti,nd_ti,nd_na,0.8789808917197452,0.7467438494934877
mn_cu,ti_cu,nd_cu,nd_mn,0.8726114649681529,0.7467438494934877
ba_mn,ba_ti,nd_ti,nd_ba,0.8662420382165605,0.7467438494934877
ba_cu,nd_cu,ba_mn,na_mn,0.8789808917197452,0.7467438494934877
mn_cu,ti_cu,nd_cu,nd_ti,0.8662420382165605,0.7467438494934877
mn_ca,ba_ca,na_ca,ba_mn,0.8726114649681529,0.7467438494934877
na_mn,nd_mn,ba_ti,na_ti,0.8853503184713376,0.7467438494934877
nd_cu,mn_ca,na_ca,na_mn,0.8662420382165605,0.7467438494934877
mn_cu,ba_cu,nd_cu,na_mn,0.8662420382165605,0.7467438494934877
ba_cu,nd_cu,ba_ti,nd_ti,0.8662420382165605,0.7467438494934877
na_cu,nd_cu,nd_mn,nd_na,0.8535031847133758,0.7467438494934877
mn_ca,ti_ca,ba_mn,ba_ti,0.8726114649681529,0.7467438494934877
ba_cu,nd_cu,ti_mn,nd_ba,0.8789808917197452,0.7467438494934877
nd_ca,ti_mn,na_ti,nd_na,0.8726114649681529,0.7467438494934877
ca_cu,ba_cu,ba_ti,na_ti,0.8726114649681529,0.7467438494934877
ti_cu,mn_ca,na_mn,na_ba,0.89171974522293,0.7467438494934877
ti_cu,na_cu,na_ca,na_mn,0.8789808917197452,0.7467438494934877
ba_ti,na_ti,nd_ti,na_ba,0.8662420382165605,0.7467438494934877
nd_ti,na_ba,nd_ba,nd_na,0.8789808917197452,0.7452966714905933
ca_cu,mn_cu,ba_cu,mn_ca,0.8662420382165605,0.7452966714905933
ti_cu,na_cu,mn_ca,nd_ca,0.8598726114649682,0.7452966714905933
ti_cu,na_cu,nd_cu,ti_mn,0.89171974522293,0.7452966714905933
mn_ca,ba_mn,na_mn,nd_ti,0.8789808917197452,0.7452966714905933
ti_cu,ba_cu,nd_cu,na_mn,0.8789808917197452,0.7452966714905933
ca_cu,nd_cu,ba_ca,nd_ba,0.8726114649681529,0.7452966714905933
ca_cu,ba_cu,ba_ca,na_mn,0.8853503184713376,0.7452966714905933
na_cu,mn_ca,na_ca,nd_ti,0.8598726114649682,0.7452966714905933
ti_cu,mn_ca,ba_ti,na_ti,0.8598726114649682,0.7452966714905933
mn_ca,ba_mn,na_ti,na_ba,0.8726114649681529,0.7452966714905933
mn_cu,ba_mn,ba_ti,nd_na,0.8789808917197452,0.7452966714905933
na_cu,ba_mn,na_mn,nd_mn,0.8726114649681529,0.7452966714905933
ti_ca,na_ca,ba_mn,na_ti,0.8789808917197452,0.7452966714905933
ti_cu,na_ca,nd_ca,nd_na,0.8726114649681529,0.7452966714905933
mn_ca,ti_mn,nd_mn,nd_ti,0.8726114649681529,0.7452966714905933
mn_ca,ti_mn,ba_mn,na_mn,0.8789808917197452,0.7452966714905933
ti_cu,na_mn,nd_mn,nd_na,0.8662420382165605,0.7452966714905933
ti_ca,nd_ca,ti_mn,nd_mn,0.8726114649681529,0.7452966714905933
mn_ca,na_ca,na_ti,na_ba,0.8726114649681529,0.7452966714905933
mn_ca,nd_ca,ba_ti,na_ti,0.8726114649681529,0.7452966714905933
ba_mn,na_mn,na_ba,nd_na,0.8789808917197452,0.7452966714905933
ca_cu,mn_cu,ba_ca,na_ti,0.8726114649681529,0.7452966714905933
ba_cu,nd_mn,na_ti,nd_na,0.8789808917197452,0.7452966714905933
ca_cu,nd_cu,na_mn,na_ba,0.8853503184713376,0.7452966714905933
mn_ca,na_ca,na_mn,nd_mn,0.8662420382165605,0.7452966714905933
mn_cu,nd_cu,na_ti,nd_na,0.8726114649681529,0.7452966714905933
ba_mn,na_mn,nd_mn,na_ti,0.8789808917197452,0.7452966714905933
ti_mn,ba_ti,na_ba,nd_na,0.8598726114649682,0.7452966714905933
ca_cu,mn_cu,ba_mn,na_ba,0.8853503184713376,0.7452966714905933
mn_ca,ba_ca,ba_mn,nd_na,0.8789808917197452,0.7452966714905933
mn_ca,ba_ca,na_mn,na_ba,0.8789808917197452,0.7452966714905933
ba_cu,na_cu,na_ba,nd_na,0.8726114649681529,0.7452966714905933
mn_cu,na_cu,mn_ca,na_ti,0.8853503184713376,0.7452966714905933
mn_cu,na_cu,nd_cu,na_ba,0.8598726114649682,0.7452966714905933
nd_cu,ti_ca,nd_ca,ti_mn,0.8789808917197452,0.7452966714905933
ti_mn,ba_mn,na_ti,na_ba,0.8853503184713376,0.7452966714905933
mn_cu,ba_cu,ti_ca,na_ti,0.8662420382165605,0.7452966714905933
nd_ca,na_mn,nd_ti,na_ba,0.8726114649681529,0.7452966714905933
ca_cu,ti_cu,na_ti,nd_ba,0.8789808917197452,0.7452966714905933
na_cu,mn_ca,nd_ca,nd_mn,0.8789808917197452,0.7452966714905933
ca_cu,ba_ca,na_mn,nd_ti,0.8789808917197452,0.7452966714905933
ba_cu,nd_cu,ba_mn,nd_ba,0.8726114649681529,0.7452966714905933
ba_cu,nd_ca,ti_mn,na_mn,0.8789808917197452,0.7452966714905933
ca_cu,na_ti,nd_ti,nd_na,0.8853503184713376,0.7452966714905933
ca_cu,ba_mn,ba_ti,nd_na,0.8726114649681529,0.7452966714905933
ba_cu,ba_mn,na_mn,nd_mn,0.8789808917197452,0.7452966714905933
ba_ca,nd_mn,nd_ti,na_ba,0.8789808917197452,0.7452966714905933
nd_cu,ti_ca,na_mn,nd_mn,0.8662420382165605,0.7452966714905933
na_cu,ti_ca,nd_ca,nd_ti,0.8726114649681529,0.7452966714905933
nd_cu,ti_ca,ba_mn,na_mn,0.8789808917197452,0.7452966714905933
ca_cu,ti_cu,na_ca,na_mn,0.8662420382165605,0.7452966714905933
ca_cu,nd_ca,ba_mn,na_ti,0.8726114649681529,0.7452966714905933
nd_mn,ba_ti,na_ti,nd_na,0.8726114649681529,0.7452966714905933
na_mn,nd_mn,na_ba,nd_na,0.89171974522293,0.7452966714905933
na_mn,nd_mn,na_ti,nd_ti,0.8598726114649682,0.7452966714905933
ti_cu,nd_cu,na_mn,ba_ti,0.8853503184713376,0.7452966714905933
na_ca,na_mn,nd_ti,nd_na,0.8726114649681529,0.7452966714905933
ca_cu,na_cu,nd_cu,nd_ca,0.8471337579617835,0.7452966714905933
nd_cu,ba_ca,ba_mn,nd_na,0.8853503184713376,0.7452966714905933
na_mn,nd_ti,nd_ba,nd_na,0.8726114649681529,0.7452966714905933
na_mn,nd_ti,na_ba,nd_na,0.8662420382165605,0.7452966714905933
ti_cu,nd_cu,nd_ca,nd_ti,0.8598726114649682,0.7452966714905933
ti_cu,mn_ca,na_ca,nd_ca,0.8726114649681529,0.743849493487699
na_mn,nd_mn,na_ti,na_ba,0.8789808917197452,0.743849493487699
na_cu,nd_cu,ba_mn,ba_ti,0.8789808917197452,0.743849493487699
ba_cu,nd_cu,na_mn,nd_ba,0.8662420382165605,0.743849493487699
ba_cu,nd_cu,na_mn,nd_mn,0.8726114649681529,0.743849493487699
ba_cu,nd_cu,nd_ba,nd_na,0.8789808917197452,0.743849493487699
ti_cu,mn_ca,nd_ca,nd_mn,0.8853503184713376,0.743849493487699
nd_cu,na_mn,ba_ti,nd_na,0.8726114649681529,0.743849493487699
ba_ti,na_ti,nd_ba,nd_na,0.8789808917197452,0.743849493487699
na_cu,mn_ca,na_ti,na_ba,0.8853503184713376,0.743849493487699
ca_cu,ba_cu,nd_cu,na_mn,0.8789808917197452,0.743849493487699
mn_ca,ti_ca,na_ca,ti_mn,0.8726114649681529,0.743849493487699
mn_cu,ti_cu,nd_mn,nd_ti,0.8662420382165605,0.743849493487699
ca_cu,ba_ti,na_ti,na_ba,0.89171974522293,0.743849493487699
ba_cu,na_mn,nd_mn,ba_ti,0.8789808917197452,0.743849493487699
mn_cu,ti_cu,na_cu,nd_mn,0.8789808917197452,0.743849493487699
ti_mn,na_ti,nd_ti,nd_na,0.8662420382165605,0.743849493487699
mn_ca,na_ca,na_mn,nd_ti,0.8535031847133758,0.743849493487699
ba_cu,na_cu,ti_ca,na_ba,0.8853503184713376,0.743849493487699
mn_ca,ba_ca,ba_mn,na_ti,0.8662420382165605,0.743849493487699
mn_ca,na_ca,nd_ca,ba_mn,0.8662420382165605,0.743849493487699
ba_mn,na_mn,ba_ti,na_ba,0.8662420382165605,0.743849493487699
ba_mn,na_mn,nd_mn,ba_ti,0.8789808917197452,0.743849493487699
ti_mn,na_mn,nd_mn,nd_na,0.8726114649681529,0.743849493487699
ti_mn,na_mn,na_ti,nd_ba,0.8726114649681529,0.743849493487699
mn_ca,ba_ca,ba_mn,na_mn,0.8726114649681529,0.743849493487699
ba_cu,nd_cu,ti_ca,na_mn,0.8789808917197452,0.743849493487699
na_cu,ba_ca,nd_ca,nd_ba,0.8662420382165605,0.743849493487699
na_cu,nd_cu,ti_mn,ba_ti,0.8789808917197452,0.743849493487699
mn_ca,na_mn,na_ti,nd_ti,0.8726114649681529,0.743849493487699
ba_mn,na_ti,na_ba,nd_na,0.8853503184713376,0.743849493487699
mn_ca,ba_mn,ba_ti,na_ti,0.8662420382165605,0.743849493487699
na_cu,ba_mn,nd_mn,nd_ba,0.8662420382165605,0.743849493487699
ba_mn,ba_ti,nd_ti,nd_na,0.8662420382165605,0.743849493487699
ti_cu,ti_mn,na_mn,na_ti,0.8789808917197452,0.743849493487699
mn_cu,nd_cu,nd_mn,nd_na,0.8662420382165605,0.743849493487699
mn_ca,na_ca,na_mn,na_ti,0.8598726114649682,0.743849493487699
nd_ca,na_mn,ba_ti,na_ti,0.8789808917197452,0.743849493487699
na_cu,nd_cu,na_ca,nd_ca,0.8535031847133758,0.743849493487699
ti_cu,na_mn,ba_ti,nd_ti,0.8789808917197452,0.743849493487699
ba_cu,na_cu,nd_cu,na_ba,0.8598726114649682,0.743849493487699
ti_cu,na_cu,na_mn,nd_ti,0.8980891719745223,0.743849493487699
nd_ca,ba_mn,ba_ti,nd_na,0.8598726114649682,0.743849493487699
nd_ca,ba_mn,na_mn,ba_ti,0.8726114649681529,0.743849493487699
na_cu,nd_cu,na_mn,na_ba,0.8598726114649682,0.743849493487699
nd_ca,ba_mn,ba_ti,na_ti,0.8662420382165605,0.743849493487699
ca_cu,na_cu,na_ca,nd_ti,0.8598726114649682,0.743849493487699
mn_cu,nd_cu,na_mn,nd_mn,0.8662420382165605,0.743849493487699
ba_cu,nd_cu,nd_ca,nd_ba,0.8662420382165605,0.743849493487699
mn_cu,ba_cu,ba_mn,nd_ba,0.8535031847133758,0.743849493487699
nd_cu,ba_mn,ba_ti,nd_na,0.8789808917197452,0.743849493487699
mn_ca,ba_ca,ti_mn,ba_mn,0.8726114649681529,0.743849493487699
mn_cu,ba_cu,nd_ti,nd_na,0.8598726114649682,0.743849493487699
ba_cu,nd_cu,nd_mn,nd_ba,0.8726114649681529,0.743849493487699
ba_cu,nd_cu,ti_mn,na_mn,0.8789808917197452,0.743849493487699
nd_ca,ba_ti,na_ti,na_ba,0.8662420382165605,0.7424023154848046
mn_ca,ti_ca,na_ca,na_mn,0.8662420382165605,0.7424023154848046
na_mn,nd_mn,nd_ti,na_ba,0.8662420382165605,0.7424023154848046
na_cu,nd_cu,na_mn,nd_na,0.8726114649681529,0.7424023154848046
ba_ti,nd_ti,na_ba,nd_ba,0.8789808917197452,0.7424023154848046
mn_cu,ba_cu,na_cu,na_mn,0.8662420382165605,0.7424023154848046
ca_cu,ti_cu,ti_ca,na_ba,0.8726114649681529,0.7424023154848046
mn_cu,ti_cu,na_mn,na_ti,0.8662420382165605,0.7424023154848046
mn_cu,ba_cu,nd_cu,nd_ba,0.8662420382165605,0.7424023154848046
ti_mn,ba_mn,ba_ti,nd_ti,0.8726114649681529,0.7424023154848046
nd_cu,ti_mn,nd_ti,na_ba,0.8726114649681529,0.7424023154848046
nd_cu,ti_mn,ba_ti,nd_na,0.8726114649681529,0.7424023154848046
nd_cu,ti_ca,nd_mn,nd_na,0.8789808917197452,0.7424023154848046
na_cu,mn_ca,ba_ca,na_ti,0.8789808917197452,0.7424023154848046
ca_cu,ti_mn,ba_mn,ba_ti,0.8662420382165605,0.7424023154848046
ca_cu,na_cu,nd_cu,ba_mn,0.8726114649681529,0.7424023154848046
nd_cu,na_mn,nd_mn,ba_ti,0.8726114649681529,0.7424023154848046
ba_cu,ti_mn,na_mn,nd_mn,0.8726114649681529,0.7424023154848046
nd_cu,na_mn,na_ba,nd_ba,0.8662420382165605,0.7424023154848046
nd_cu,nd_ca,na_mn,nd_ti,0.8726114649681529,0.7424023154848046
na_cu,nd_cu,ti_ca,nd_na,0.89171974522293,0.7424023154848046
nd_cu,nd_ca,na_mn,na_ba,0.8662420382165605,0.7424023154848046
mn_cu,ti_mn,na_ti,na_ba,0.8789808917197452,0.7424023154848046
ca_cu,na_cu,na_ca,nd_ba,0.8853503184713376,0.7424023154848046
nd_ca,ba_mn,na_mn,nd_ti,0.8726114649681529,0.7424023154848046
mn_cu,nd_cu,nd_mn,ba_ti,0.8726114649681529,0.7424023154848046
nd_cu,ti_mn,ba_mn,na_mn,0.89171974522293,0.7424023154848046
nd_cu,nd_ca,ba_mn,na_mn,0.8789808917197452,0.7424023154848046
ti_cu,na_cu,ti_mn,na_mn,0.8789808917197452,0.7424023154848046
mn_ca,na_mn,na_ti,na_ba,0.89171974522293,0.7424023154848046
ti_cu,ba_cu,ba_ca,na_mn,0.8853503184713376,0.7424023154848046
na_cu,nd_cu,ba_ca,nd_na,0.8789808917197452,0.7424023154848046
mn_cu,nd_cu,nd_ca,na_ti,0.8662420382165605,0.7424023154848046
ba_cu,na_cu,nd_mn,na_ba,0.8407643312101911,0.7424023154848046
ti_mn,nd_mn,nd_ti,nd_na,0.8726114649681529,0.7424023154848046
ba_cu,na_cu,ti_mn,na_ti,0.8853503184713376,0.7424023154848046
mn_ca,ba_ca,na_ca,na_ba,0.8662420382165605,0.7424023154848046
ca_cu,ti_cu,ba_cu,ba_ti,0.8726114649681529,0.7424023154848046
ca_cu,ti_cu,ba_cu,ba_ca,0.8789808917197452,0.7424023154848046
mn_cu,nd_cu,ba_mn,nd_mn,0.8726114649681529,0.7424023154848046
mn_cu,na_cu,mn_ca,na_mn,0.8535031847133758,0.7424023154848046
ti_mn,na_mn,nd_mn,nd_ti,0.8598726114649682,0.7424023154848046
ca_cu,nd_cu,nd_ca,ba_mn,0.8726114649681529,0.7424023154848046
nd_cu,ti_mn,na_mn,ba_ti,0.8853503184713376,0.7424023154848046
mn_cu,na_cu,ti_ca,na_mn,0.8853503184713376,0.7409551374819102
mn_ca,na_ca,ba_mn,na_ba,0.8662420382165605,0.7409551374819102
ca_cu,nd_cu,ba_mn,na_mn,0.8789808917197452,0.7409551374819102
mn_cu,nd_cu,nd_mn,nd_ti,0.8662420382165605,0.7409551374819102
ti_cu,na_cu,mn_ca,na_ca,0.8598726114649682,0.7409551374819102
na_cu,nd_cu,ti_mn,nd_ba,0.89171974522293,0.7409551374819102
mn_cu,ba_ti,na_ti,na_ba,0.8789808917197452,0.7409551374819102
mn_cu,na_mn,nd_mn,nd_na,0.8726114649681529,0.7409551374819102
ba_cu,na_mn,nd_mn,nd_na,0.8726114649681529,0.7409551374819102
ba_mn,na_mn,nd_ti,na_ba,0.8726114649681529,0.7409551374819102
mn_ca,na_ca,nd_ti,nd_na,0.8535031847133758,0.7409551374819102
mn_ca,na_ca,na_mn,na_ba,0.8789808917197452,0.7409551374819102
nd_cu,mn_ca,ba_mn,nd_na,0.8535031847133758,0.7409551374819102
mn_cu,na_cu,na_mn,ba_ti,0.8662420382165605,0.7409551374819102
mn_cu,na_cu,nd_mn,nd_na,0.8598726114649682,0.7409551374819102
mn_cu,na_cu,ti_mn,na_mn,0.8598726114649682,0.7409551374819102
na_cu,nd_ca,ti_mn,nd_mn,0.8789808917197452,0.7409551374819102
mn_ca,ba_ca,ba_mn,nd_ti,0.8662420382165605,0.7409551374819102
mn_ca,ba_ca,na_ca,na_mn,0.8789808917197452,0.7409551374819102
ti_mn,na_mn,na_ti,na_ba,0.8853503184713376,0.7409551374819102
mn_cu,ba_cu,ba_mn,na_ti,0.8789808917197452,0.7409551374819102
nd_cu,mn_ca,ti_ca,ti_mn,0.8726114649681529,0.7409551374819102
ba_ti,nd_ti,nd_ba,nd_na,0.8662420382165605,0.7409551374819102
na_cu,nd_cu,ti_mn,nd_na,0.89171974522293,0.7409551374819102
ba_ca,na_mn,nd_mn,ba_ti,0.8853503184713376,0.7409551374819102
nd_cu,na_mn,ba_ti,nd_ti,0.8789808917197452,0.7409551374819102
nd_cu,ti_ca,ti_mn,nd_mn,0.8789808917197452,0.7409551374819102
na_mn,na_ti,nd_ti,nd_na,0.8726114649681529,0.7409551374819102
na_mn,ba_ti,nd_ti,nd_ba,0.8853503184713376,0.7409551374819102
ti_mn,nd_mn,na_ti,nd_ti,0.8726114649681529,0.7409551374819102
ba_cu,nd_cu,na_mn,na_ba,0.8726114649681529,0.7395079594790159
na_mn,nd_mn,na_ti,nd_na,0.8853503184713376,0.7395079594790159
ti_cu,ba_mn,na_mn,na_ba,0.8726114649681529,0.7395079594790159
ti_mn,ba_mn,na_mn,na_ba,0.8789808917197452,0.7395079594790159
ba_cu,nd_cu,na_ba,nd_ba,0.8789808917197452,0.7395079594790159
nd_ca,na_ti,nd_ti,nd_na,0.8471337579617835,0.7395079594790159
ca_cu,ba_mn,na_mn,na_ba,0.8726114649681529,0.7395079594790159
nd_cu,ba_mn,na_mn,ba_ti,0.8726114649681529,0.7395079594790159
nd_cu,ba_mn,na_mn,nd_ti,0.8662420382165605,0.7395079594790159
ti_mn,nd_mn,nd_ti,na_ba,0.8662420382165605,0.7395079594790159
mn_ca,na_ca,na_mn,ba_ti,0.8789808917197452,0.7395079594790159
nd_ca,ba_mn,na_mn,na_ba,0.8726114649681529,0.7395079594790159
mn_cu,nd_cu,ti_ca,nd_na,0.8726114649681529,0.7395079594790159
ti_cu,mn_ca,na_ti,na_ba,0.8789808917197452,0.7395079594790159
na_cu,mn_ca,na_ti,nd_ti,0.8726114649681529,0.7395079594790159
nd_ca,na_mn,ba_ti,nd_ti,0.8726114649681529,0.7380607814761215
na_mn,nd_mn,nd_ba,nd_na,0.8789808917197452,0.7380607814761215
ba_cu,nd_cu,na_mn,nd_na,0.8789808917197452,0.7380607814761215
ca_cu,ti_mn,na_mn,na_ti,0.8726114649681529,0.7380607814761215
ba_cu,na_cu,nd_cu,nd_na,0.8726114649681529,0.7380607814761215
na_mn,nd_mn,ba_ti,nd_na,0.8662420382165605,0.7380607814761215
ca_cu,nd_cu,nd_ca,na_mn,0.8726114649681529,0.7380607814761215
mn_ca,na_ca,na_mn,nd_na,0.8789808917197452,0.7380607814761215
ti_ca,nd_ca,na_mn,nd_ti,0.8598726114649682,0.7380607814761215
mn_ca,nd_ca,nd_mn,na_ti,0.8726114649681529,0.7380607814761215
ca_cu,ti_cu,ba_cu,ti_ca,0.8726114649681529,0.7380607814761215
mn_ca,ba_ca,ba_mn,na_ba,0.8598726114649682,0.7380607814761215
ti_mn,ba_mn,ba_ti,nd_na,0.8598726114649682,0.7380607814761215
ca_cu,ti_cu,ti_ca,nd_mn,0.8789808917197452,0.7380607814761215
ca_cu,ba_cu,nd_cu,nd_ba,0.8726114649681529,0.7380607814761215
ca_cu,ti_cu,ti_ca,ba_ti,0.8726114649681529,0.7380607814761215
ca_cu,ti_cu,ti_ca,ba_ca,0.8726114649681529,0.7380607814761215
ba_cu,nd_cu,na_mn,ba_ti,0.8726114649681529,0.7380607814761215
ba_cu,nd_cu,ba_mn,nd_mn,0.8662420382165605,0.7380607814761215
mn_cu,na_cu,ti_mn,na_ti,0.8598726114649682,0.7380607814761215
ba_mn,na_mn,na_ti,na_ba,0.8853503184713376,0.7366136034732272
mn_ca,ba_ti,na_ti,na_ba,0.8789808917197452,0.7366136034732272
ti_mn,na_mn,nd_ti,nd_na,0.8726114649681529,0.7366136034732272
ti_mn,na_mn,na_ti,nd_na,0.89171974522293,0.7366136034732272
ba_mn,na_mn,nd_mn,na_ba,0.8662420382165605,0.7366136034732272
mn_ca,ba_ca,na_ti,na_ba,0.8853503184713376,0.7366136034732272
nd_cu,ti_mn,ba_mn,ba_ti,0.8662420382165605,0.7366136034732272
na_cu,nd_cu,ba_ti,nd_na,0.8726114649681529,0.7366136034732272
ti_mn,ba_mn,na_mn,na_ti,0.8789808917197452,0.7366136034732272
mn_cu,nd_cu,na_mn,nd_na,0.8662420382165605,0.7351664254703328
ba_cu,na_cu,nd_cu,nd_ba,0.8789808917197452,0.7351664254703328
ti_mn,nd_mn,na_ti,nd_na,0.8789808917197452,0.7351664254703328
nd_mn,na_ti,nd_ti,nd_na,0.8726114649681529,0.7351664254703328
nd_cu,na_mn,nd_mn,nd_na,0.8726114649681529,0.7351664254703328
nd_cu,na_mn,ba_ti,na_ba,0.8726114649681529,0.7351664254703328
ba_mn,na_ti,nd_ti,nd_na,0.8789808917197452,0.7351664254703328
mn_cu,na_cu,nd_cu,nd_na,0.8662420382165605,0.7351664254703328
ba_mn,na_mn,nd_mn,nd_na,0.8789808917197452,0.7351664254703328
mn_ca,na_ca,nd_ca,na_mn,0.8343949044585988,0.7351664254703328
na_mn,nd_mn,nd_ti,nd_na,0.8789808917197452,0.7337192474674384
ca_cu,nd_cu,nd_ca,ti_mn,0.8853503184713376,0.7337192474674384
mn_cu,na_cu,na_mn,na_ti,0.8726114649681529,0.7337192474674384
mn_cu,ti_cu,na_cu,na_mn,0.8853503184713376,0.7337192474674384
na_cu,nd_cu,ba_mn,nd_na,0.8789808917197452,0.7322720694645442
mn_ca,na_ti,nd_ti,nd_na,0.8726114649681529,0.7322720694645442
nd_cu,na_mn,na_ba,nd_na,0.8789808917197452,0.7322720694645442
ba_cu,nd_cu,ti_ca,nd_ba,0.8726114649681529,0.7322720694645442
nd_cu,ba_mn,na_mn,na_ba,0.8789808917197452,0.7308248914616498
na_mn,ba_ti,nd_ti,nd_na,0.8662420382165605,0.7308248914616498
mn_ca,ba_ca,ba_mn,ba_ti,0.8662420382165605,0.7293777134587555
ti_cu,mn_ca,na_ca,na_mn,0.8789808917197452,0.7279305354558611
