ratio 1,ratio 2,key,in_g_vs_s,p_value_g_vs_s,statistic_g_vs_s,in_h_vs_s,p_value_h_vs_s,statistic_h_vs_s,in_h_vs_g,p_value_h_vs_g,statistic_h_vs_g,presence_count
si_mn,nd_y,si_mn||nd_y,True,2.278012870426468e-14,0.0952532171229052,False,,,True,1.177906998969608e-43,0.0560450443113761,2
nd_y,cr_sc,nd_y||cr_sc,True,2.7039428191718673e-14,0.0942299057343097,False,,,True,2.0369075177865847e-41,0.0523851490931904,2
nd_y,cr_si,nd_y||cr_si,True,3.808698525183823e-14,0.0943950486582176,False,,,True,4.0077238181034e-43,0.0558147700457843,2
nd_y,si_v,nd_y||si_v,True,4.002183736539234e-14,0.0937753762968799,False,,,True,4.4300541224782856e-39,0.0493542107345444,2
sc_mn,nd_y,sc_mn||nd_y,True,5.131333028085249e-14,0.0926411027858976,False,,,True,7.512893409355703e-40,0.050167480376291,2
nd_y,si_ni,nd_y||si_ni,True,1.327223095877742e-13,0.0900704602465962,False,,,True,2.150462936379734e-40,0.0516828209649784,2
y_mn,nd_y,y_mn||nd_y,True,1.6659378632470157e-13,0.0918155439888621,False,,,True,5.180674140664263e-41,0.0563670137432576,2
ti_mn,nd_y,ti_mn||nd_y,True,2.30227617013508e-13,0.0871854257136639,False,,,True,4.2263984445132433e-42,0.0533473649805264,2
cr_ca,nd_y,cr_ca||nd_y,True,2.3308864048581504e-13,0.0878284656743239,False,,,True,4.125864331375021e-40,0.051090872025263,2
cr_ti,nd_y,cr_ti||nd_y,True,2.503199839820702e-13,0.0884446489952507,False,,,True,5.607287997858409e-42,0.054412039930899,2
nd_y,co_si,nd_y||co_si,True,2.7444528150454576e-13,0.0866509533770652,False,,,True,1.2015472790867351e-39,0.0501725446544069,2
mn_ca,nd_y,mn_ca||nd_y,True,3.104196878137279e-13,0.0864470884310148,False,,,True,8.669193675880489e-40,0.0501577713162416,2
si_cu,nd_y,si_cu||nd_y,True,3.1818951567705553e-13,0.08742378843242,False,,,True,3.124490473394631e-38,0.0492438871709962,2
nd_y,cr_y,nd_y||cr_y,True,4.74466595939385e-13,0.0872564659955099,False,,,True,4.586524313883728e-42,0.0575730138168558,2
na_mn,nd_y,na_mn||nd_y,True,5.77443213208791e-13,0.0863715313518849,False,,,True,1.0128771651988408e-51,0.0716380288373407,2
v_ca,nd_y,v_ca||nd_y,True,6.214837645067399e-13,0.0851880694332884,True,0.0005078341291005,0.0180792995219862,True,1.9189148272425115e-38,0.0491092819536412,3
nd_y,sc_ni,nd_y||sc_ni,True,7.142473268169888e-13,0.0839728470502747,False,,,True,1.0146636779615718e-38,0.0495587878093554,2
sc_ti,nd_y,sc_ti||nd_y,True,9.742494639461277e-13,0.0832302164035451,False,,,True,6.408525630408091e-40,0.0510278299910291,2
ni_mn,nd_y,ni_mn||nd_y,True,1.0010703241767956e-12,0.0830788970090866,False,,,True,2.102876374822729e-42,0.054150388077877,2
si_ti,nd_y,si_ti||nd_y,True,1.1272152235511033e-12,0.082952283027368,False,,,True,1.0222886199985655e-40,0.0522413454528626,2
ti_ca,nd_y,ti_ca||nd_y,True,1.1495801872680333e-12,0.0830098829478948,False,,,True,7.929759321288476e-40,0.0510286992694985,2
v_ti,nd_y,v_ti||nd_y,True,1.1897673933680496e-12,0.0824312959375548,False,,,True,1.7763476761853838e-39,0.0501260340928255,2
nd_y,cr_ni,nd_y||cr_ni,True,1.231465166150269e-12,0.0830903692843584,False,,,True,4.7522700204335765e-42,0.0543804605098486,2
nd_y,cr_k,nd_y||cr_k,True,1.2349930705484574e-12,0.0824106732304314,False,,,True,1.2758969660926503e-38,0.0485783369234748,2
y_mn,sc_nd,y_mn||sc_nd,True,1.4525587583137677e-12,0.0793106961587797,False,,,True,1.919017767254177e-28,0.0331383108890045,2
v_y,nd_y,v_y||nd_y,True,1.456664325236459e-12,0.0850655251768189,False,,,True,4.719195110300896e-36,0.0478201050270045,2
zn_mn,nd_y,zn_mn||nd_y,True,1.4710371239208953e-12,0.0851250412669598,False,,,True,3.824092457731535e-37,0.0479984853808801,2
nd_y,co_sc,nd_y||co_sc,True,1.5040998228062234e-12,0.0822369385002225,False,,,True,3.4821629089146504e-39,0.0500790885180804,2
ni_ti,nd_y,ni_ti||nd_y,True,1.5652327403515837e-12,0.0825469390206153,False,,,True,3.228439319914643e-40,0.0519196059726647,2
co_ti,nd_y,co_ti||nd_y,True,1.732557235799656e-12,0.08166846745109,False,,,True,3.2676215905238518e-40,0.0514623618924694,2
nd_y,cr_na,nd_y||cr_na,True,1.737749961168841e-12,0.0832010566132128,False,,,True,1.0394133973301565e-51,0.0719664019461841,2
nd_y,co_ni,nd_y||co_ni,True,1.7881889782272396e-12,0.0817424589228151,False,,,True,4.982334714935007e-41,0.0528642759363335,2
nd_y,v_ni,nd_y||v_ni,True,1.7959877333184774e-12,0.0817212256123642,False,,,True,4.5821385347809885e-40,0.0511913007604317,2
nd_y,co_cr,nd_y||co_cr,True,1.8974931292232243e-12,0.0812216015381267,False,,,True,2.4553488012570693e-42,0.0544299104946068,2
co_mn,nd_y,co_mn||nd_y,True,1.926390128755412e-12,0.080579728095977,False,,,True,9.101429549647733e-43,0.0544351252637885,2
nd_y,sc_v,nd_y||sc_v,True,1.945409867017332e-12,0.0832750291071249,True,0.0004785496517462,0.0187165065565052,True,3.048258319851427e-36,0.0473654526017609,3
nd_y,si_nd,nd_y||si_nd,True,1.9790708016161744e-12,0.1119651182785981,False,,,True,1.1715066097501084e-37,0.0631184814716565,2
y_mn,si_nd,y_mn||si_nd,True,2.042473467541973e-12,0.0874130478754379,False,,,True,2.1565601504837875e-34,0.0452278938228883,2
ni_ca,nd_y,ni_ca||nd_y,True,2.1550428291738505e-12,0.0806855967590164,False,,,True,4.64964061138573e-39,0.0497103602661702,2
si_mn,sc_nd,si_mn||sc_nd,True,2.1757580776105377e-12,0.0746768257045751,False,,,True,3.626805502971877e-25,0.0263400128817739,2
cr_mn,nd_y,cr_mn||nd_y,True,2.298812262745118e-12,0.0802730519761118,False,,,True,2.503782732451805e-40,0.0513440116604929,2
k_mn,nd_y,k_mn||nd_y,True,2.350562173746549e-12,0.0814997061028169,False,,,True,2.293196984282461e-37,0.0473925828782235,2
ni_y,nd_y,ni_y||nd_y,True,2.3655475078618254e-12,0.0812282311780293,False,,,True,1.8583205551761502e-38,0.0503748040098596,2
co_ca,nd_y,co_ca||nd_y,True,2.4199742566487746e-12,0.080364627422834,False,,,True,1.0555237698889832e-39,0.0505080338313276,2
nd_y,sc_nd,nd_y||sc_nd,True,2.428670028512991e-12,0.1013901446184866,False,,,True,6.889656470464074e-36,0.0543549389936465,2
cr_y,sc_nd,cr_y||sc_nd,True,2.4646426280565998e-12,0.0748286658028227,False,,,True,2.2021199040244307e-30,0.0338217844323251,2
sc_ca,nd_y,sc_ca||nd_y,True,2.5373244937419826e-12,0.0797497027089715,False,,,True,5.60305057397173e-39,0.0492394871093518,2
nd_y,na_v,nd_y||na_v,True,2.93286445165072e-12,0.0814836550248724,False,,,True,5.190655348520314e-42,0.0553587588200817,2
co_cu,nd_y,co_cu||nd_y,True,3.0328956186758044e-12,0.0799234621948154,False,,,True,3.787561612295188e-39,0.0506696216809682,2
v_cu,nd_y,v_cu||nd_y,True,3.104408272135374e-12,0.0819066743402381,False,,,True,1.3890922329479986e-38,0.0498970932305033,2
ni_cu,nd_y,ni_cu||nd_y,True,3.497631581481404e-12,0.0798971097810313,False,,,True,3.7003569528650135e-40,0.0518161115920923,2
nd_y,co_v,nd_y||co_v,True,3.5204851823937746e-12,0.0789991483942638,False,,,True,1.0309891545767409e-39,0.0503013911479703,2
ti_cu,nd_y,ti_cu||nd_y,True,3.6696788654314775e-12,0.0802869583400007,False,,,True,3.18627184620544e-39,0.0521942961081768,2
nd_y,co_y,nd_y||co_y,True,3.838641091487148e-12,0.0799240398468905,False,,,True,2.00677251336365e-36,0.0481904930981764,2
sc_nd,cr_si,sc_nd||cr_si,True,3.936882012534901e-12,0.0727980125762117,False,,,False,,,1
nd_y,cr_zn,nd_y||cr_zn,True,4.112503035858098e-12,0.081620743552993,False,,,True,4.363838024462447e-37,0.0476338718632614,2
cr_y,si_nd,cr_y||si_nd,True,4.301161157355347e-12,0.0827180404194868,False,,,True,2.5709490238942306e-35,0.0450399856646366,2
si_ca,nd_y,si_ca||nd_y,True,4.751634796074375e-12,0.0782736942611507,False,,,True,5.765506882072974e-41,0.0524975886455711,2
cr_cu,nd_y,cr_cu||nd_y,True,4.794011776207196e-12,0.0802791474779492,False,,,True,2.0578096482023848e-41,0.0564241693767776,2
nd_y,na_ni,nd_y||na_ni,True,6.174913659070579e-12,0.0781601969111859,False,,,True,1.7904360286240205e-45,0.0599701135883827,2
mn_cu,nd_y,mn_cu||nd_y,True,6.428107023955668e-12,0.0783237999343745,False,,,True,5.230410158456633e-43,0.0579822763445775,2
nd_y,cr_v,nd_y||cr_v,True,6.428879638843336e-12,0.0774227350581329,False,,,True,1.0436597778024235e-40,0.0524067103449426,2
nd_y,sc_k,nd_y||sc_k,True,6.782119216508712e-12,0.0765715228203885,False,,,True,3.3808270648649997e-38,0.0481033559780041,2
si_nd,cr_sc,si_nd||cr_sc,True,7.686482644227215e-12,0.080635728300852,False,,,True,1.6292075007989835e-27,0.033178918163867,2
nd_y,co_na,nd_y||co_na,True,7.88471075794618e-12,0.0774336880106332,False,,,True,1.202382702599524e-42,0.0560727091147461,2
sc_mn,si_nd,sc_mn||si_nd,True,8.471502972798029e-12,0.0809640340490189,False,,,True,8.406216117615786e-27,0.0325277533900726,2
v_mn,nd_y,v_mn||nd_y,True,8.588925263886998e-12,0.0763152521504784,False,,,True,5.664711160305804e-41,0.0524337617654315,2
nd_y,sc_si,nd_y||sc_si,True,9.713091835534462e-12,0.0768970096680595,False,,,True,6.877821969070882e-39,0.0502747608709031,2
na_cu,nd_y,na_cu||nd_y,True,1.0626201778646053e-11,0.076253862406535,False,,,True,5.952621501306723e-40,0.051165575289198,2
y_ti,nd_y,y_ti||nd_y,True,1.0994162912104208e-11,0.0764924949164518,False,,,True,1.050400689433213e-38,0.0516043595015654,2
ca_cu,nd_y,ca_cu||nd_y,True,1.1432589511008995e-11,0.0779251036110006,False,,,True,8.417230448470856e-38,0.0516096844217451,2
y_cu,nd_y,y_cu||nd_y,True,1.1512166465783618e-11,0.078392845662028,False,,,True,1.029720459739766e-33,0.044637465991279,2
si_mn,si_nd,si_mn||si_nd,True,1.173805679481552e-11,0.0797726452443897,False,,,True,3.0626104327544153e-30,0.0375342757064805,2
na_ti,nd_y,na_ti||nd_y,True,1.2866540435079746e-11,0.0761820722790246,False,,,True,1.0749409396326017e-45,0.0619227285374761,2
v_y,si_nd,v_y||si_nd,True,1.2870240787755526e-11,0.0808323671636571,False,,,True,8.938060652421694e-27,0.0336980632086656,2
nd_y,si_na,nd_y||si_na,True,1.3683977847237799e-11,0.0756175602619584,False,,,True,1.4836728218367824e-40,0.0530397575542022,2
k_ca,nd_y,k_ca||nd_y,True,1.4079554311206511e-11,0.0746242480507156,False,,,True,1.2453883211001806e-37,0.0474323651897462,2
k_ti,nd_y,k_ti||nd_y,True,1.4413907004300716e-11,0.0748018073277735,False,,,True,7.744589966570583e-38,0.0478752912230104,2
si_v,cr_si,si_v||cr_si,True,1.6291470533836927e-11,0.0412930019772328,True,3.061131747459574e-05,0.0153830419136306,False,,,2
na_ca,nd_y,na_ca||nd_y,True,1.897674492975972e-11,0.0754134274951078,False,,,True,2.893232235730223e-46,0.0642474018574151,2
si_nd,cr_si,si_nd||cr_si,True,2.1506080063251358e-11,0.0792623087109751,False,,,True,2.7187015921126605e-29,0.0368399077930287,2
si_mn,si_v,si_mn||si_v,True,2.3305825862618463e-11,0.0426269752306197,True,6.853207965510676e-05,0.0149167750545111,False,,,2
sc_cu,nd_y,sc_cu||nd_y,True,2.334930422480985e-11,0.0784036458797969,False,,,True,1.0511848910027074e-36,0.050676317697115,2
nd_ca,nd_y,nd_ca||nd_y,True,2.354289246439151e-11,0.0970784149782303,False,,,True,5.697110221018465e-33,0.0515823502005414,2
nd_y,k_ni,nd_y||k_ni,True,2.936244523643329e-11,0.0737273097138193,False,,,True,5.58186584301562e-36,0.0466482244171761,2
si_v,si_nd,si_v||si_nd,True,2.962485200714894e-11,0.0768211123990317,False,,,True,8.567538273326726e-26,0.0311678326087029,2
si_v,sc_nd,si_v||sc_nd,True,3.1478758896664616e-11,0.0664270255928174,True,8.163697274913305e-05,0.0196076671327406,False,,,2
ni_y,si_nd,ni_y||si_nd,True,3.4201567570423804e-11,0.0751744452164101,False,,,True,9.436052612293777e-30,0.0368410799663442,2
na_y,nd_y,na_y||nd_y,True,3.4459028616796715e-11,0.0737363051730583,False,,,True,2.5882125661726304e-35,0.0463040741342833,2
ba_y,nd_y,ba_y||nd_y,True,3.519121214479112e-11,0.0771857937636444,False,,,True,2.919374306304259e-34,0.0464701171893687,2
nd_y,sc_zn,nd_y||sc_zn,True,3.889966012482559e-11,0.0737629117642498,False,,,True,5.738599744931694e-36,0.0461591725500582,2
si_mn,cr_y,si_mn||cr_y,True,4.137692337734133e-11,0.049837511091809,False,,,True,3.769395051309083e-27,0.0252392487568174,2
nd_y,zn_ni,nd_y||zn_ni,True,4.1790011076390445e-11,0.0729400983730675,False,,,True,2.7234444090689737e-35,0.0451508672052769,2
nd_y,nd_na,nd_y||nd_na,True,4.276416774452533e-11,0.1029073516477904,False,,,True,1.5681665567791844e-42,0.0805461283006545,2
zn_ti,nd_y,zn_ti||nd_y,True,4.3320316425328684e-11,0.0727838765848958,False,,,True,4.1801388820001866e-36,0.0459480427157671,2
nd_y,si_y,nd_y||si_y,True,4.5800353112656277e-11,0.0713529352117079,False,,,True,8.042430451809431e-37,0.0479034306593558,2
y_mn,si_v,y_mn||si_v,True,4.580733114694388e-11,0.053100791694799,False,,,False,,,1
y_mn,cr_si,y_mn||cr_si,True,4.710382335496935e-11,0.0533312230022348,False,,,True,4.263517547790263e-25,0.024674796885961,2
nd_y,co_k,nd_y||co_k,True,4.726023519800739e-11,0.0730709453121167,False,,,True,2.4123125390152936e-36,0.0475160044632558,2
nd_ti,nd_y,nd_ti||nd_y,True,4.828637846275517e-11,0.0923715811021517,False,,,True,1.2097687258007418e-35,0.0559509540834652,2
v_y,sc_nd,v_y||sc_nd,True,4.966778037065509e-11,0.0669235433187484,False,,,False,,,1
na_mn,si_nd,na_mn||si_nd,True,5.362754350303594e-11,0.0748445347194782,False,,,True,2.1229572568452608e-42,0.0562423672074891,2
mn_ca,si_nd,mn_ca||si_nd,True,5.3675702973107315e-11,0.0738487688415659,False,,,True,1.0339609814422314e-26,0.0321664414618973,2
nd_y,co_zn,nd_y||co_zn,True,5.832119862701661e-11,0.0728286667035706,False,,,True,1.1218292937301402e-34,0.0448940368647033,2
ti_mn,si_nd,ti_mn||si_nd,True,5.990762587749901e-11,0.0734967576507421,False,,,True,1.3191519252074212e-28,0.0346654425860952,2
cr_y,si_v,cr_y||si_v,True,6.009595261001474e-11,0.0463995252239881,False,,,False,,,1
y_ca,nd_y,y_ca||nd_y,True,6.112679575373625e-11,0.0720869793589288,False,,,True,3.623641676344034e-38,0.0518592726864917,2
nd_y,sc_na,nd_y||sc_na,True,6.117846848897926e-11,0.0735839573039098,True,0.0004299624828442,0.0202893576264437,True,2.231464221556673e-44,0.0628739174321862,3
na_mn,sc_nd,na_mn||sc_nd,True,7.254079469965521e-11,0.0651584568102094,False,,,True,4.3574305477774015e-38,0.0445379096276998,2
cr_ti,si_nd,cr_ti||si_nd,True,8.372853213932964e-11,0.0737393231386045,False,,,True,4.398994656426618e-28,0.0345485567857869,2
nd_y,nd_ni,nd_y||nd_ni,True,8.381349346339715e-11,0.0902830431002907,False,,,True,2.928461192370709e-35,0.057069604906481,2
sc_nd,co_si,sc_nd||co_si,True,8.567796166073506e-11,0.0624654242766438,True,0.0005151852213666,0.0148516611611297,False,,,2
si_ni,sc_nd,si_ni||sc_nd,True,8.595347021179369e-11,0.0631916043960038,False,,,False,,,1
nd_y,sc_y,nd_y||sc_y,True,8.663740153013759e-11,0.0725976232312683,False,,,True,6.924942397410802e-38,0.0524601838127329,2
ni_y,sc_nd,ni_y||sc_nd,True,8.990708855390506e-11,0.0629616929022054,False,,,False,,,1
cr_ca,si_nd,cr_ca||si_nd,True,9.078932523746958e-11,0.0729944430533688,False,,,True,1.6179983390878447e-26,0.0320943155333549,2
zn_mn,si_nd,zn_mn||si_nd,True,9.166690174329732e-11,0.0750176987134663,False,,,True,2.581722874443312e-25,0.0316440871501032,2
cr_ti,si_v,cr_ti||si_v,True,9.505001605787645e-11,0.0318551047413408,True,2.4106184810086637e-06,0.0167656620972092,False,,,2
nd_y,si_ba,nd_y||si_ba,True,1.0484895305950664e-10,0.0728229663786367,False,,,True,2.409335060794911e-33,0.0433412238399075,2
cr_na,si_nd,cr_na||si_nd,True,1.0594264935982581e-10,0.0730810332220357,False,,,True,1.4945387537266043e-41,0.0550609255174928,2
cr_y,cr_si,cr_y||cr_si,True,1.0699673601860587e-10,0.0465947291059078,False,,,True,1.2517665211246685e-27,0.0250248349842313,2
nd_y,v_zn,nd_y||v_zn,True,1.1003541465910359e-10,0.0737538764577076,False,,,True,1.7971664114289558e-32,0.0434330857871534,2
si_nd,co_si,si_nd||co_si,True,1.1275064790466053e-10,0.0713828351104524,False,,,True,2.943754817314371e-26,0.0316575964583504,2
co_y,si_nd,co_y||si_nd,True,1.1297868318237227e-10,0.0727790885588854,False,,,True,6.2132232214294815e-27,0.0338167197615245,2
si_ni,si_nd,si_ni||si_nd,True,1.1357575477485728e-10,0.0728899302276539,False,,,True,1.0946655791408608e-26,0.032596498899201,2
cr_ca,si_v,cr_ca||si_v,True,1.1724728870318975e-10,0.0338561425065461,True,7.809313111609236e-07,0.0195419685466041,False,,,2
y_mn,si_mn,y_mn||si_mn,True,1.2088738821642408e-10,0.0544742325228662,False,,,False,,,1
sc_nd,cr_sc,sc_nd||cr_sc,True,1.2197951763575954e-10,0.061439119824964,True,0.0006165947927801,0.0143750811466743,False,,,2
nd_y,nd_ba,nd_y||nd_ba,True,1.2359023326911394e-10,0.0839276973112357,False,,,True,2.9752640028160285e-39,0.0615259927428504,2
si_mn,cr_si,si_mn||cr_si,True,1.2360113862341988e-10,0.0440317764129138,False,,,False,,,1
sc_ni,si_nd,sc_ni||si_nd,True,1.2447388025661738e-10,0.0716135196672806,False,,,True,2.476748740045147e-25,0.0310083668111984,2
nd_y,k_si,nd_y||k_si,True,1.3162844275815602e-10,0.0705303571957656,False,,,True,2.541391366364442e-36,0.04810867578342,2
nd_ca,y_mn,nd_ca||y_mn,True,1.4130456692544251e-10,0.0715556122885224,False,,,True,7.284047301345398e-25,0.0307404221964297,2
sc_mn,sc_nd,sc_mn||sc_nd,True,1.5976397327891063e-10,0.0618640247275223,True,0.0004833689121711,0.0152707380765673,False,,,2
si_cu,si_nd,si_cu||si_nd,True,1.5995943987901927e-10,0.0700151991827813,False,,,True,3.043679832653867e-25,0.0306503270586966,2
v_ca,si_nd,v_ca||si_nd,True,1.6042299875192236e-10,0.0703943295768641,True,0.000191484915781,0.020444020778246,True,3.3684479194061927e-26,0.0318375152756049,3
na_v,si_nd,na_v||si_nd,True,1.6286160112866803e-10,0.0715584997845738,False,,,True,1.2082531127159006e-30,0.0382566380677434,2
ni_mn,si_nd,ni_mn||si_nd,True,1.7942101650915746e-10,0.0700598748665653,False,,,True,2.8205978651211534e-29,0.0356213035203599,2
zn_ca,nd_y,zn_ca||nd_y,True,1.8566404523127702e-10,0.0691174846724935,False,,,True,3.0330295134442245e-35,0.0457080554206743,2
cr_si,cr_sc,cr_si||cr_sc,True,1.8578663183531623e-10,0.0355895493469367,True,0.0004494504795906,0.0096259717278129,False,,,2
nd_y,k_v,nd_y||k_v,True,1.869999147004469e-10,0.0713097622880549,False,,,True,2.139926164147698e-33,0.0452278011699215,2
si_nd,cr_k,si_nd||cr_k,True,1.8898346807954082e-10,0.0696128585746646,False,,,True,1.6609228682155627e-25,0.0307042547460071,2
si_mn,cr_sc,si_mn||cr_sc,True,1.9102328587289543e-10,0.0377822717608122,False,,,False,,,1
cr_na,sc_nd,cr_na||sc_nd,True,1.924717807032572e-10,0.0619559370641072,False,,,True,3.012361442819553e-38,0.0438804328477383,2
si_v,cr_sc,si_v||cr_sc,True,1.9662011564399468e-10,0.0341651673640933,True,2.0748885382429298e-07,0.0217719390518029,False,,,2
nd_y,k_nd,nd_y||k_nd,True,1.9736458934770104e-10,0.0878413589880275,False,,,True,9.045260917223904e-32,0.0495174693154833,2
cr_zn,si_nd,cr_zn||si_nd,True,2.03337390170382e-10,0.0717118078819035,False,,,True,3.696464068519894e-25,0.0311015742491434,2
y_mn,nd_ti,y_mn||nd_ti,True,2.0786729175199214e-10,0.0660919151903473,False,,,True,5.6473525967000545e-30,0.0363849233844942,2
si_nd,sc_nd,si_nd||sc_nd,True,2.1136600171211855e-10,0.0890828417779787,False,,,True,6.504084669922155e-25,0.0378774781261538,2
sc_v,si_nd,sc_v||si_nd,True,2.1323155611939863e-10,0.0712716837181724,True,0.0001431342730252,0.0221940832798396,False,,,2
co_y,sc_nd,co_y||sc_nd,True,2.1750816827117238e-10,0.0620230020891791,False,,,False,,,1
cr_ni,si_nd,cr_ni||si_nd,True,2.2705984635010447e-10,0.0700320361443439,False,,,True,2.2662038257184597e-28,0.0348549520018904,2
y_mn,si_ni,y_mn||si_ni,True,2.429334178605824e-10,0.0481841873818429,False,,,False,,,1
nd_y,si_zn,nd_y||si_zn,True,2.4516446511500255e-10,0.0681420553439578,False,,,True,5.007170447128756e-35,0.0454688854855074,2
nd_ca,cr_y,nd_ca||cr_y,True,2.5059587373332966e-10,0.0673913138049099,False,,,True,6.513736329660409e-26,0.0308187205356217,2
y_ti,si_nd,y_ti||si_nd,True,2.7333350856132757e-10,0.0679986188341975,False,,,True,1.0333536971365474e-30,0.0381312740056208,2
nd_y,co_nd,nd_y||co_nd,True,2.781796259338803e-10,0.0875705092338599,False,,,True,2.549529528302736e-36,0.059675948614467,2
si_ni,cr_si,si_ni||cr_si,True,2.785334398544021e-10,0.035107514078114,False,,,False,,,1
si_nd,co_sc,si_nd||co_sc,True,2.987143476747013e-10,0.0695081506133197,True,0.0006398875656386,0.0170163681956962,True,1.2808683191214757e-25,0.031634007366237,3
nd_ca,si_mn,nd_ca||si_mn,True,3.0187451891449924e-10,0.0661137615336646,False,,,False,,,1
k_mn,si_nd,k_mn||si_nd,True,3.02919000593329e-10,0.0690664005843284,False,,,False,,,1
cr_ca,si_mn,cr_ca||si_mn,True,3.0390963947384456e-10,0.0360341786383629,False,,,False,,,1
mn_ca,sc_nd,mn_ca||sc_nd,True,3.0480090733520503e-10,0.0592003072986838,False,,,False,,,1
v_ti,si_nd,v_ti||si_nd,True,3.050878407747196e-10,0.0680860688049768,False,,,True,6.261322167762694e-26,0.0313454276656321,2
si_ti,sc_nd,si_ti||sc_nd,True,3.0882770171374483e-10,0.0590693067492199,False,,,False,,,1
sc_ti,si_nd,sc_ti||si_nd,True,3.1114005421291475e-10,0.0686613274459727,False,,,True,3.0942294874419167e-26,0.0319442027195688,2
cr_y,si_ni,cr_y||si_ni,True,3.1904290230913316e-10,0.0412904411794015,False,,,False,,,1
co_mn,si_nd,co_mn||si_nd,True,3.2239103680857015e-10,0.0675638567696733,False,,,True,5.448636344177742e-30,0.0365492955132267,2
si_mn,cr_ti,si_mn||cr_ti,True,3.2714276459813584e-10,0.034672798793649,False,,,False,,,1
nd_y,ba_ni,nd_y||ba_ni,True,3.4978481657860963e-10,0.067040574397409,False,,,True,2.315486095735936e-33,0.0434752714367778,2
k_cu,nd_y,k_cu||nd_y,True,3.5185061686645186e-10,0.0713866700587311,False,,,True,5.463620457804586e-34,0.0488801169891153,2
nd_y,k_zn,nd_y||k_zn,True,3.6496364940031647e-10,0.0689261971152063,False,,,True,2.0784463367786748e-33,0.0440306958496742,2
ti_mn,sc_nd,ti_mn||sc_nd,True,3.760192943765583e-10,0.0583159846993031,False,,,False,,,1
y_ti,sc_nd,y_ti||sc_nd,True,3.816374175922215e-10,0.0590205878187945,False,,,False,,,1
ti_ca,si_nd,ti_ca||si_nd,True,3.928898087803762e-10,0.0678472171076847,False,,,True,1.4403465198775347e-26,0.032226932619282,2
si_nd,co_cr,si_nd||co_cr,True,3.9434854018926445e-10,0.0679797645574123,False,,,True,7.652004681475741e-29,0.035483679070332,2
nd_y,nd_zn,nd_y||nd_zn,True,4.023878123783091e-10,0.0901099991713216,False,,,True,4.4673062459343455e-32,0.05272066457878,2
co_ti,si_nd,co_ti||si_nd,True,4.063075804877449e-10,0.0677840723414969,False,,,True,1.501708841822778e-26,0.0322714257475869,2
mn_ca,cr_si,mn_ca||cr_si,True,4.081158568146881e-10,0.0360339090324893,False,,,False,,,1
co_ca,si_nd,co_ca||si_nd,True,4.1172228480942896e-10,0.0669883157048849,False,,,True,6.4139209655242855e-27,0.0325654026226257,2
cr_ca,sc_nd,cr_ca||sc_nd,True,4.2246875005550253e-10,0.0582739846529331,False,,,False,,,1
ni_ti,si_nd,ni_ti||si_nd,True,4.4697137180925515e-10,0.0678155838479681,False,,,True,2.4092645606785123e-26,0.03214764590258,2
v_ni,si_nd,v_ni||si_nd,True,4.5078799370842625e-10,0.0672846709277729,False,,,True,2.070766183292768e-26,0.0320532706708585,2
nd_y,cr_nd,nd_y||cr_nd,True,4.5167823129651577e-10,0.0819742125402294,False,,,True,1.5670766722761312e-33,0.0509625612734615,2
y_mn,nd_na,y_mn||nd_na,True,4.529710739790676e-10,0.0747461011337265,False,,,True,5.032942641755209e-43,0.0671416876500342,2
nd_cu,nd_y,nd_cu||nd_y,True,4.5965630306243423e-10,0.0948749050056891,False,,,True,3.2712145751209163e-34,0.0637575764668662,2
ni_mn,sc_nd,ni_mn||sc_nd,True,4.76772752174731e-10,0.0578270252575125,False,,,False,,,1
cr_ca,y_mn,cr_ca||y_mn,True,4.787678937302594e-10,0.046768966515413,False,,,False,,,1
si_mn,si_ni,si_mn||si_ni,True,4.838896431185322e-10,0.0360254339737485,False,,,False,,,1
nd_ti,cr_y,nd_ti||cr_y,True,4.8647718326793e-10,0.0610668172039953,False,,,True,2.906903414961558e-31,0.0363055187790135,2
na_ni,si_nd,na_ni||si_nd,True,4.883316689261354e-10,0.0668496575867615,False,,,True,1.9020323898010247e-34,0.0430712421264735,2
si_ti,si_nd,si_ti||si_nd,True,5.165807229334286e-10,0.0675627721390593,False,,,True,7.560859471337092e-27,0.0332527504363251,2
ni_ca,si_nd,ni_ca||si_nd,True,5.230884233450893e-10,0.0663893845049883,False,,,True,2.66715937582839e-26,0.0316717930826656,2
cr_mn,si_nd,cr_mn||si_nd,True,5.365395873088194e-10,0.0664857757126971,False,,,True,1.2976870261569966e-26,0.0322993137354726,2
cr_ti,sc_nd,cr_ti||sc_nd,True,5.435943523752694e-10,0.057973479509149,False,,,False,,,1
nd_y,k_na,nd_y||k_na,True,5.439033743732596e-10,0.0680633795432774,False,,,True,5.392598247882431e-42,0.0611557337307111,2
nd_y,nd_v,nd_y||nd_v,True,5.511606210539285e-10,0.0826900941817945,False,,,True,5.210315386377649e-35,0.0581497114792956,2
y_mn,cr_sc,y_mn||cr_sc,True,5.583656309926586e-10,0.0480026592256225,False,,,False,,,1
si_mn,ni_y,si_mn||ni_y,True,5.657163984409988e-10,0.0412114259542091,False,,,False,,,1
mn_ca,cr_y,mn_ca||cr_y,True,5.672522511280621e-10,0.0427005327286876,False,,,False,,,1
co_ni,si_nd,co_ni||si_nd,True,5.72744856346879e-10,0.0667318920431325,False,,,True,6.601524167336708e-27,0.0328581919743214,2
ti_mn,cr_si,ti_mn||cr_si,True,6.012974451334836e-10,0.0333149446896273,False,,,False,,,1
si_mn,v_y,si_mn||v_y,True,6.013005369212715e-10,0.0461250701047352,False,,,False,,,1
si_mn,nd_ti,si_mn||nd_ti,True,6.12670022574993e-10,0.0594917720913651,False,,,True,2.0420104923249247e-26,0.0289388548072096,2
ba_y,si_nd,ba_y||si_nd,True,6.748659136049551e-10,0.0675122746861188,False,,,False,,,1
nd_y,ba_v,nd_y||ba_v,True,6.95574613622438e-10,0.0670439241773416,False,,,True,6.451176764128836e-32,0.0428376085850856,2
cr_ca,cr_y,cr_ca||cr_y,True,7.018106734907426e-10,0.040176422910636,False,,,False,,,1
v_ca,cr_si,v_ca||cr_si,True,7.100327269151258e-10,0.0357346364244077,True,2.358115900286716e-06,0.02210918657072,False,,,2
nd_ca,cr_si,nd_ca||cr_si,True,7.173349684260072e-10,0.0636297503885809,False,,,False,,,1
co_na,si_nd,co_na||si_nd,True,7.246411819153093e-10,0.0654041175833448,False,,,True,1.0306380876316331e-31,0.0396089024958423,2
si_ni,cr_sc,si_ni||cr_sc,True,7.281752026991513e-10,0.0281436727289901,True,6.276483150800298e-06,0.0136227350013573,False,,,2
si_mn,nd_na,si_mn||nd_na,True,7.39324977057776e-10,0.0713525411690205,False,,,True,9.444297300023224e-41,0.0619652284788643,2
y_mn,na_mn,y_mn||na_mn,True,7.41403500436535e-10,0.0521242264130394,False,,,True,2.0248756206738402e-35,0.0424409554736131,2
sc_ca,si_nd,sc_ca||si_nd,True,7.440239243403606e-10,0.0657129860435444,False,,,True,9.795706059004608e-26,0.0310421353014261,2
na_mn,cr_y,na_mn||cr_y,True,7.886639053807883e-10,0.046373700684947,False,,,True,1.5910538196610479e-40,0.0450438283909847,2
mn_ca,si_v,mn_ca||si_v,True,8.040348920757272e-10,0.0336479676902922,True,3.152958214987914e-06,0.0189535678420906,False,,,2
nd_y,cr_ba,nd_y||cr_ba,True,8.383371858323955e-10,0.0657202964405997,False,,,True,1.316601089206877e-34,0.0463288762801089,2
cr_si,co_si,cr_si||co_si,True,8.453974502884174e-10,0.0332116028944972,False,,,False,,,1
co_v,si_nd,co_v||si_nd,True,8.47253522365806e-10,0.0645127204990458,False,,,True,3.11785633447566e-26,0.0316075494815536,2
cr_v,si_nd,cr_v||si_nd,True,8.477387107409956e-10,0.0651104176061688,False,,,True,1.0257365647842007e-27,0.0341399196624892,2
na_mn,si_v,na_mn||si_v,True,8.51343639288075e-10,0.0392699928709952,False,,,True,5.569958819556306e-37,0.0351329565195945,2
cr_y,cr_sc,cr_y||cr_sc,True,8.579606482768941e-10,0.0410385806708449,False,,,False,,,1
cr_ti,cr_si,cr_ti||cr_si,True,8.605068530487043e-10,0.0321867069912283,False,,,False,,,1
v_cu,si_nd,v_cu||si_nd,True,8.780743483512863e-10,0.0660208104315041,False,,,True,1.1356832397499067e-25,0.0316740106121216,2
mn_ca,y_mn,mn_ca||y_mn,True,8.918152520204171e-10,0.0478877126341972,False,,,False,,,1
y_mn,co_si,y_mn||co_si,True,9.05258270675162e-10,0.0448490621792629,False,,,False,,,1
cr_ni,sc_nd,cr_ni||sc_nd,True,9.31220787128869e-10,0.0560749031879375,False,,,False,,,1
y_cu,si_nd,y_cu||si_nd,True,9.323299320647122e-10,0.0695438630039304,False,,,False,,,1
y_mn,cr_ti,y_mn||cr_ti,True,9.33691945832815e-10,0.045197537164117,False,,,False,,,1
y_mn,cr_na,y_mn||cr_na,True,9.40236482637653e-10,0.0481983741926177,False,,,True,3.5838540971143555e-39,0.0443698011653534,2
si_ni,si_v,si_ni||si_v,True,9.5059561792349e-10,0.031449802246463,True,6.881462669017711e-06,0.0172372310309993,False,,,2
nd_y,na_zn,nd_y||na_zn,True,9.556521896303875e-10,0.0653109635657877,False,,,True,1.952871607547973e-38,0.0534340559503113,2
nd_na,cr_si,nd_na||cr_si,True,9.623913707613802e-10,0.0712332479443242,False,,,True,5.92093599733561e-40,0.0612905959438964,2
nd_y,k_y,nd_y||k_y,True,9.768802156395883e-10,0.0668807956811607,False,,,True,4.7591444681054045e-35,0.0497124559323555,2
si_mn,co_si,si_mn||co_si,True,9.83472367053226e-10,0.0340314926576165,False,,,False,,,1
co_cu,si_nd,co_cu||si_nd,True,9.86172340843237e-10,0.0639239291259401,False,,,True,2.6572474490919445e-26,0.0320197624408473,2
zn_cu,nd_y,zn_cu||nd_y,True,9.90041789679241e-10,0.0678858036300462,False,,,True,1.8333289217825853e-32,0.0449668582009321,2
v_ca,si_mn,v_ca||si_mn,True,1.0001972746623956e-09,0.035874401035166,True,5.362113411635358e-06,0.0211350866661945,False,,,2
cr_ca,cr_si,cr_ca||cr_si,True,1.002459909647561e-09,0.0331922724561566,False,,,False,,,1
ba_ti,nd_y,ba_ti||nd_y,True,1.0120521743164307e-09,0.0654218134375075,False,,,True,1.5477779817815162e-32,0.0432076729263485,2
na_mn,cr_si,na_mn||cr_si,True,1.0411463330937166e-09,0.0406244879707084,False,,,True,2.000987112766014e-42,0.0422469672499625,2
mn_cu,si_nd,mn_cu||si_nd,True,1.0463182850509643e-09,0.0645738832721725,False,,,True,1.3052182892589167e-31,0.0403729280072159,2
ni_cu,si_nd,ni_cu||si_nd,True,1.098249014722957e-09,0.0643396817058108,False,,,True,3.781590452752214e-27,0.033310175428889,2
ti_mn,si_v,ti_mn||si_v,True,1.1188975791621195e-09,0.031077849224512,True,1.0060346240190072e-05,0.015777717685193,False,,,2
mn_cu,sc_nd,mn_cu||sc_nd,True,1.138811794592864e-09,0.0556852283650805,False,,,True,8.71278868557443e-27,0.0287955475119383,2
nd_y,sc_ba,nd_y||sc_ba,True,1.153361533370852e-09,0.0667578016089645,False,,,True,1.160561318751931e-31,0.0427078148605819,2
nd_ca,v_y,nd_ca||v_y,True,1.1767877371572051e-09,0.0636977496650313,False,,,False,,,1
nd_y,co_ba,nd_y||co_ba,True,1.1842494627835043e-09,0.0654470116963237,False,,,True,1.107661864690552e-31,0.0424564810699069,2
ba_mn,nd_y,ba_mn||nd_y,True,1.2067181132913275e-09,0.066578543654873,False,,,True,2.750113801725613e-33,0.046166725602447,2
si_ca,si_nd,si_ca||si_nd,True,1.2552753359862636e-09,0.0636519547588345,False,,,True,8.560359572782127e-28,0.0342733939158547,2
nd_na,cr_sc,nd_na||cr_sc,True,1.2738515258786598e-09,0.0697920792976254,False,,,True,1.2952296827359164e-37,0.057264527928547,2
nd_ti,cr_si,nd_ti||cr_si,True,1.2763480041455404e-09,0.0574304107371604,False,,,True,1.5787536956331306e-25,0.0277312155308684,2
v_ti,cr_si,v_ti||cr_si,True,1.2771827360215832e-09,0.0323459476358715,True,5.864240960967778e-05,0.014106306467065,False,,,2
si_nd,sc_k,si_nd||sc_k,True,1.300429817049472e-09,0.0632031707590723,False,,,True,2.5364637641707456e-25,0.0303786428285482,2
si_v,nd_na,si_v||nd_na,True,1.3032340728043894e-09,0.0698118432982062,False,,,True,1.8911334653968063e-36,0.0547050377114375,2
v_ca,y_mn,v_ca||y_mn,True,1.3098753073759842e-09,0.0455763099863382,True,0.0001255883401788,0.0188830456259081,False,,,2
nd_y,na_ba,nd_y||na_ba,True,1.3231316094529674e-09,0.0681642643288541,False,,,True,3.879876450045884e-32,0.0458116206884958,2
ba_ca,nd_y,ba_ca||nd_y,True,1.349537982555648e-09,0.0663280011171009,False,,,True,3.201313184103535e-32,0.0436827178482529,2
ti_cu,si_nd,ti_cu||si_nd,True,1.3521644896034498e-09,0.0641778136655664,False,,,True,1.1633318737795181e-26,0.0337580515590347,2
y_mn,nd_ni,y_mn||nd_ni,True,1.3526781349006124e-09,0.0602102522820937,False,,,True,2.154651603579706e-30,0.0382051984260499,2
sc_mn,nd_na,sc_mn||nd_na,True,1.3672426718093952e-09,0.0693718658223824,False,,,True,3.983795051012629e-37,0.0561044845413468,2
nd_na,si_nd,nd_na||si_nd,True,1.369783417336716e-09,0.0919560645087912,False,,,True,2.442819002347813e-35,0.0667524972027448,2
v_mn,si_nd,v_mn||si_nd,True,1.3727889181446274e-09,0.0630402422202653,False,,,True,2.179015749357183e-28,0.0349107771592855,2
sc_nd,cr_k,sc_nd||cr_k,True,1.3748164057295154e-09,0.0549309190063575,False,,,False,,,1
si_mn,v_ti,si_mn||v_ti,True,1.375167007321483e-09,0.0334634181637066,True,0.0001200642430127,0.0135701591120658,False,,,2
cr_cu,si_nd,cr_cu||si_nd,True,1.3954746376097836e-09,0.0647962200555446,False,,,True,2.5583905017367963e-29,0.0380455148859393,2
ni_y,cr_si,ni_y||cr_si,True,1.401041432499732e-09,0.0381056776185683,False,,,False,,,1
zn_y,nd_y,zn_y||nd_y,True,1.420307667992169e-09,0.0647500753884336,False,,,True,1.203705195608687e-33,0.0462936148092309,2
sc_ni,sc_nd,sc_ni||sc_nd,True,1.4361284425029743e-09,0.0543702583714364,True,0.0002188821777188,0.0170895203814211,False,,,2
ni_ti,cr_si,ni_ti||cr_si,True,1.4660698028659695e-09,0.0286204757555673,False,,,False,,,1
cr_y,nd_na,cr_y||nd_na,True,1.4686596011719407e-09,0.0690811133905097,False,,,True,6.957566988152697e-44,0.0677782102273309,2
na_ti,si_nd,na_ti||si_nd,True,1.4924401647337706e-09,0.0631386208282727,False,,,True,5.978561339071803e-35,0.044897379769711,2
v_ca,sc_nd,v_ca||sc_nd,True,1.6106814255710964e-09,0.0553063891641631,True,2.6531205820747988e-05,0.0232051305920484,False,,,2
si_mn,cr_na,si_mn||cr_na,True,1.639851297853176e-09,0.0386115903323301,False,,,True,1.603444856152466e-43,0.0422350687852018,2
v_y,cr_si,v_y||cr_si,True,1.690544984970829e-09,0.0429536283986696,False,,,False,,,1
zn_mn,sc_nd,zn_mn||sc_nd,True,1.703188807601259e-09,0.0573647251088158,False,,,False,,,1
na_v,sc_nd,na_v||sc_nd,True,1.736898637879798e-09,0.0556401792446291,False,,,False,,,1
na_cu,si_nd,na_cu||si_nd,True,1.757002422411465e-09,0.0632128957027102,False,,,True,1.0996292927820567e-27,0.0342768511954138,2
si_ca,sc_nd,si_ca||sc_nd,True,1.7605059903037487e-09,0.0539682794231081,False,,,False,,,1
nd_ca,si_v,nd_ca||si_v,True,1.787104455902685e-09,0.0604663234179003,True,0.000203952172395,0.018993736548164,False,,,2
ti_mn,cr_y,ti_mn||cr_y,True,1.7897858815972445e-09,0.0394867886813529,False,,,False,,,1
cr_ti,cr_y,cr_ti||cr_y,True,1.8145758102234367e-09,0.037867888197487,False,,,True,1.9379954789016472e-25,0.0216932642194472,2
nd_mn,nd_y,nd_mn||nd_y,True,1.9432076768487847e-09,0.07828856164775,False,,,True,7.6512290994790635e-31,0.0481568998864116,2
ni_ti,sc_nd,ni_ti||sc_nd,True,1.975944254705826e-09,0.0540658159081634,False,,,False,,,1
cr_y,co_si,cr_y||co_si,True,1.9811640194500113e-09,0.0376582641132403,False,,,False,,,1
si_cu,sc_nd,si_cu||sc_nd,True,2.052120227856039e-09,0.0546975816027897,True,0.0002014785209318,0.0181572803205498,False,,,2
na_ca,si_nd,na_ca||si_nd,True,2.0833504448478203e-09,0.0622218259118797,False,,,True,1.2945914312423175e-36,0.0482042934354794,2
co_mn,sc_nd,co_mn||sc_nd,True,2.093939896221656e-09,0.0532462533548185,False,,,False,,,1
k_ca,si_nd,k_ca||si_nd,True,2.097560811064129e-09,0.0619271404699552,False,,,False,,,1
y_mn,cr_y,y_mn||cr_y,True,2.119883941467225e-09,0.0560309026985824,False,,,False,,,1
si_mn,cr_ni,si_mn||cr_ni,True,2.1269477418877422e-09,0.0310466832030198,False,,,False,,,1
cr_ti,si_ni,cr_ti||si_ni,True,2.1296313806631273e-09,0.0224290338318022,False,,,False,,,1
si_mn,cr_k,si_mn||cr_k,True,2.141247548711904e-09,0.035326159446936,False,,,False,,,1
cr_cu,sc_nd,cr_cu||sc_nd,True,2.153281851272712e-09,0.0546954743398368,False,,,False,,,1
zn_ni,si_nd,zn_ni||si_nd,True,2.2507262648350316e-09,0.0626702256318807,False,,,False,,,1
na_mn,si_mn,na_mn||si_mn,True,2.2557228808812982e-09,0.0416006767370957,False,,,True,1.203826731687512e-38,0.0403605628911565,2
y_mn,k_nd,y_mn||k_nd,True,2.256231130688302e-09,0.0643901815661005,False,,,False,,,1
sc_zn,si_nd,sc_zn||si_nd,True,2.385163272887241e-09,0.0628125734783414,False,,,False,,,1
si_v,cr_na,si_v||cr_na,True,2.394358996409448e-09,0.0351047191625668,True,0.0002906341232501,0.0144568887780904,True,1.781410867187122e-39,0.0356657596138624,3
sc_y,si_nd,sc_y||si_nd,True,2.459779384769035e-09,0.0610815061180445,False,,,True,2.1564398517046157e-30,0.038314581508953,2
k_ti,si_nd,k_ti||si_nd,True,2.467463396186413e-09,0.0613076803638851,False,,,True,3.494297186941236e-25,0.0304832640251361,2
ba_cu,nd_y,ba_cu||nd_y,True,2.4754425548019512e-09,0.0689731329796106,False,,,True,7.02810745911496e-29,0.0415333297237472,2
ni_mn,cr_si,ni_mn||cr_si,True,2.4978649065690997e-09,0.0298616332839824,False,,,False,,,1
cr_si,cr_k,cr_si||cr_k,True,2.529505580798269e-09,0.0339206969829503,False,,,False,,,1
v_ca,cr_y,v_ca||cr_y,True,2.5974963639178203e-09,0.0398825969925851,True,0.0001035783820496,0.0178545719590909,False,,,2
k_ni,si_nd,k_ni||si_nd,True,2.6099648798844116e-09,0.0619373204879186,False,,,False,,,1
y_ca,si_nd,y_ca||si_nd,True,2.6561994116559863e-09,0.0617822288482962,False,,,True,4.980839365196033e-31,0.0395048956693249,2
si_na,si_nd,si_na||si_nd,True,2.673636548725112e-09,0.0611893833570376,False,,,True,1.6186703732299913e-29,0.0367174240595318,2
si_nd,sc_si,si_nd||sc_si,True,2.7368881148283237e-09,0.0630923192469238,False,,,True,2.0167106748533627e-25,0.0322804538962218,2
ca_cu,si_nd,ca_cu||si_nd,True,2.757684256667313e-09,0.0619756873169527,False,,,True,1.8873976180610654e-26,0.034200185379602,2
v_ti,sc_nd,v_ti||sc_nd,True,2.771038863562213e-09,0.0529228766853813,True,0.0003095031723826,0.0163291673714184,False,,,2
sc_mn,cr_y,sc_mn||cr_y,True,2.9490410319195762e-09,0.0427665453173107,False,,,False,,,1
y_mn,nd_zn,y_mn||nd_zn,True,2.9567917928022083e-09,0.0679839330179212,False,,,False,,,1
na_y,si_nd,na_y||si_nd,True,2.961457222015205e-09,0.0626379039204005,False,,,False,,,1
si_mn,v_ni,si_mn||v_ni,True,2.9692010427358822e-09,0.0303108888161204,False,,,False,,,1
sc_ti,sc_nd,sc_ti||sc_nd,True,2.998369566115797e-09,0.052013381230487,False,,,False,,,1
zn_ti,si_nd,zn_ti||si_nd,True,3.008227222967047e-09,0.061582989583497,False,,,False,,,1
si_v,co_si,si_v||co_si,True,3.113465508499522e-09,0.0293581763234197,True,5.358495780482237e-06,0.0180839153829847,False,,,2
co_zn,si_nd,co_zn||si_nd,True,3.1152066054888184e-09,0.06258157299269,False,,,False,,,1
si_mn,na_v,si_mn||na_v,True,3.127987512438009e-09,0.0356864399032906,False,,,True,9.4871756753559e-27,0.0217997662413404,2
cr_y,nd_ni,cr_y||nd_ni,True,3.190953600675933e-09,0.055077543979162,False,,,True,2.0190374314585767e-31,0.0379807557706044,2
ni_mn,si_v,ni_mn||si_v,True,3.197487463698664e-09,0.0273785192121268,True,2.483515572826181e-05,0.0143253926623397,False,,,2
cr_y,cr_na,cr_y||cr_na,True,3.218913284585028e-09,0.0414715126775997,False,,,True,2.2859460190444963e-42,0.0457445524574182,2
sc_nd,sc_si,sc_nd||sc_si,True,3.224338811254644e-09,0.0529474229914389,False,,,False,,,1
ni_ca,sc_nd,ni_ca||sc_nd,True,3.285801913001106e-09,0.0522477231860011,False,,,False,,,1
nd_ba,si_nd,nd_ba||si_nd,True,3.286831865211645e-09,0.0718598007301707,False,,,True,2.320170224432358e-31,0.047221904123388,2
co_ti,cr_si,co_ti||cr_si,True,3.3075005928516352e-09,0.0279768674184876,False,,,False,,,1
y_mn,cr_k,y_mn||cr_k,True,3.3310341364688794e-09,0.0431765258290481,False,,,False,,,1
nd_ca,si_nd,nd_ca||si_nd,True,3.332055260753284e-09,0.0832661599199941,False,,,False,,,1
nd_ba,sc_nd,nd_ba||sc_nd,True,3.399922028820564e-09,0.0638428062559307,False,,,True,7.852720672187163e-29,0.0377526607255832,2
sc_mn,cr_si,sc_mn||cr_si,True,3.473481562204237e-09,0.0360542168689965,False,,,False,,,1
v_y,nd_na,v_y||nd_na,True,3.477069978365614e-09,0.0665850284440644,False,,,True,9.333279611245443e-37,0.0558049157956412,2
k_mn,sc_nd,k_mn||sc_nd,True,3.500587057117761e-09,0.0535136565318453,False,,,False,,,1
ti_ca,sc_nd,ti_ca||sc_nd,True,3.50664982171146e-09,0.0519676616137844,False,,,False,,,1
si_nd,co_k,si_nd||co_k,True,3.509968635166294e-09,0.0618612667833344,False,,,False,,,1
nd_ti,v_y,nd_ti||v_y,True,3.5206566321214062e-09,0.0563525106900952,False,,,False,,,1
sc_ca,sc_nd,sc_ca||sc_nd,True,3.668686771401014e-09,0.0514323253820892,False,,,False,,,1
co_ca,sc_nd,co_ca||sc_nd,True,3.692404697383501e-09,0.0513968943697753,True,0.0001968313802497,0.0174285887184488,False,,,2
cr_zn,sc_nd,cr_zn||sc_nd,True,3.746753681821678e-09,0.0544626905211214,False,,,False,,,1
ti_mn,y_mn,ti_mn||y_mn,True,3.7641022347140854e-09,0.0447106017977757,False,,,False,,,1
sc_nd,co_cr,sc_nd||co_cr,True,3.765344666553231e-09,0.0515478196512982,False,,,False,,,1
cr_ni,si_v,cr_ni||si_v,True,3.808587771594194e-09,0.02650882052819,True,1.2266654662187088e-05,0.0149774362532145,False,,,2
y_mn,si_ti,y_mn||si_ti,True,3.831403287073811e-09,0.0413519792431661,False,,,False,,,1
ni_y,si_v,ni_y||si_v,True,3.850192807299565e-09,0.0356360494441422,True,0.0003448631015,0.0129524383013716,False,,,2
sc_na,si_nd,sc_na||si_nd,True,3.872749683287636e-09,0.0617663135455078,True,0.00019685335503,0.022063274354763,True,6.775207150842095e-34,0.0457811044130025,3
ti_cu,sc_nd,ti_cu||sc_nd,True,3.994059385990932e-09,0.0526107408665097,True,0.0004156043775574,0.0163598313739129,False,,,2
nd_na,sc_nd,nd_na||sc_nd,True,4.070808883451214e-09,0.0795691718401575,False,,,True,4.9476339127389315e-34,0.0591807639501715,2
mn_ca,si_mn,mn_ca||si_mn,True,4.139443797946889e-09,0.0361627170961957,False,,,False,,,1
zn_mn,cr_si,zn_mn||cr_si,True,4.312331727794396e-09,0.041716276196266,False,,,False,,,1
y_mn,v_ti,y_mn||v_ti,True,4.312840280438139e-09,0.0418428837276166,False,,,False,,,1
na_ni,sc_nd,na_ni||sc_nd,True,4.3587328789174e-09,0.0516560816173302,False,,,True,1.0126575154200547e-27,0.0294432757451818,2
y_mn,na_v,y_mn||na_v,True,4.373210480759779e-09,0.0440322798665063,False,,,True,6.095531256487405e-25,0.0254109478006319,2
v_ni,sc_nd,v_ni||sc_nd,True,4.4191486660888035e-09,0.0514998657446288,False,,,False,,,1
si_mn,ni_ti,si_mn||ni_ti,True,4.451764810336966e-09,0.0289549541998447,False,,,False,,,1
co_ti,sc_nd,co_ti||sc_nd,True,4.461861705970433e-09,0.0510325884083005,False,,,False,,,1
si_mn,co_y,si_mn||co_y,True,4.476097485791242e-09,0.0392874293304563,False,,,False,,,1
v_ni,cr_si,v_ni||cr_si,True,4.5176555664595605e-09,0.0279519528645608,False,,,False,,,1
co_cu,sc_nd,co_cu||sc_nd,True,4.541173153766596e-09,0.0513250642477246,False,,,False,,,1
si_mn,cr_zn,si_mn||cr_zn,True,4.564638021451666e-09,0.0407908529606104,False,,,False,,,1
nd_ca,sc_mn,nd_ca||sc_mn,True,4.601455939484718e-09,0.0573452440844414,False,,,False,,,1
nd_ca,cr_sc,nd_ca||cr_sc,True,4.640007327890854e-09,0.0567383978765578,False,,,False,,,1
sc_cu,si_nd,sc_cu||si_nd,True,4.659215010789693e-09,0.063180205706235,False,,,False,,,1
nd_ca,na_mn,nd_ca||na_mn,True,4.717615991618534e-09,0.057746283838618,False,,,True,7.591091982051794e-34,0.0421907464203869,2
si_mn,nd_ni,si_mn||nd_ni,True,4.736593872335362e-09,0.0531135428044065,False,,,True,1.0473619221995719e-26,0.0305371613498443,2
nd_ti,si_v,nd_ti||si_v,True,4.747995075119062e-09,0.0530766373972284,False,,,False,,,1
sc_y,sc_nd,sc_y||sc_nd,True,4.784840802657514e-09,0.053013856274153,False,,,True,1.934894781700542e-25,0.0282344141265544,2
v_zn,si_nd,v_zn||si_nd,True,4.816906323088701e-09,0.0626331925492088,False,,,False,,,1
y_mn,sc_mn,y_mn||sc_mn,True,4.8903990136535905e-09,0.0475253551796185,False,,,False,,,1
co_ni,sc_nd,co_ni||sc_nd,True,5.0351452186404e-09,0.0510408974926898,False,,,False,,,1
sc_v,sc_nd,sc_v||sc_nd,True,5.041649786797115e-09,0.0536336353102285,True,2.6390250843994783e-05,0.024242749298007,False,,,2
sc_nd,co_sc,sc_nd||co_sc,True,5.043161583215864e-09,0.0507232467367895,True,0.0001563436018085,0.0181655507686253,False,,,2
co_na,sc_nd,co_na||sc_nd,True,5.156597960007358e-09,0.0513267269148013,False,,,False,,,1
nd_ca,ni_y,nd_ca||ni_y,True,5.179678211151776e-09,0.056705994136718,False,,,False,,,1
cr_mn,sc_nd,cr_mn||sc_nd,True,5.247211980505733e-09,0.0504304292621523,False,,,False,,,1
y_mn,cr_ni,y_mn||cr_ni,True,5.4809701169018766e-09,0.0406685355391047,False,,,False,,,1
cr_y,k_nd,cr_y||k_nd,True,5.506064998358451e-09,0.0599960260904011,False,,,False,,,1
y_ca,sc_nd,y_ca||sc_nd,True,5.7505044015577355e-09,0.0525883435808924,False,,,False,,,1
si_y,si_nd,si_y||si_nd,True,5.7583550950979135e-09,0.059687377921346,False,,,True,5.487182539270717e-27,0.0338179114460204,2
sc_nd,sc_k,sc_nd||sc_k,True,5.816791715545126e-09,0.0505067862814849,False,,,False,,,1
ni_ca,y_mn,ni_ca||y_mn,True,5.830442995966829e-09,0.0407687142776556,False,,,False,,,1
cr_y,cr_k,cr_y||cr_k,True,5.899036688797938e-09,0.0376354232984716,False,,,False,,,1
nd_ti,si_nd,nd_ti||si_nd,True,5.917736699506511e-09,0.0791439163907486,False,,,False,,,1
ti_mn,nd_na,ti_mn||nd_na,True,6.118023978947353e-09,0.0637090571751283,False,,,True,1.499200522903784e-38,0.0587641484688136,2
co_ca,y_mn,co_ca||y_mn,True,6.122641717593746e-09,0.0407530212584852,False,,,False,,,1
si_mn,co_ti,si_mn||co_ti,True,6.185135219943576e-09,0.0285105571600911,False,,,False,,,1
y_mn,na_ni,y_mn||na_ni,True,6.239685794782153e-09,0.042053135233304,False,,,True,3.2931774569169826e-29,0.0298539452333487,2
v_cu,sc_nd,v_cu||sc_nd,True,6.253405174058851e-09,0.0526146926559844,False,,,False,,,1
cr_na,cr_si,cr_na||cr_si,True,6.319621656365463e-09,0.0356403771049245,False,,,True,6.255273774560924e-44,0.0422988053718623,2
si_mn,k_nd,si_mn||k_nd,True,6.489789352655165e-09,0.0590562592181371,False,,,False,,,1
ni_cu,sc_nd,ni_cu||sc_nd,True,6.6182596545585826e-09,0.0507597816902002,False,,,False,,,1
y_mn,ni_ti,y_mn||ni_ti,True,6.625562175018967e-09,0.0402951778191654,False,,,False,,,1
na_ti,sc_nd,na_ti||sc_nd,True,6.6647633590290605e-09,0.0508040650907367,False,,,True,3.86782417863442e-29,0.0322284273012628,2
ti_ca,cr_si,ti_ca||cr_si,True,6.725230592550685e-09,0.026599467872568,False,,,False,,,1
ti_ca,si_mn,ti_ca||si_mn,True,6.914846937246625e-09,0.0282323294773697,False,,,False,,,1
mn_ca,nd_na,mn_ca||nd_na,True,7.061190768652528e-09,0.0628531827503437,False,,,True,6.120005623969522e-37,0.0557786163582753,2
na_v,cr_si,na_v||cr_si,True,7.1370014493418894e-09,0.0333785687596647,False,,,True,3.5011645418188286e-28,0.0222205220080865,2
si_ni,nd_na,si_ni||nd_na,True,7.320638633259691e-09,0.0639328259770811,False,,,True,3.5944885743760903e-37,0.0568697956316483,2
nd_ca,co_si,nd_ca||co_si,True,7.476379910861033e-09,0.0552031150452436,False,,,False,,,1
si_mn,nd_zn,si_mn||nd_zn,True,7.691888715765074e-09,0.0635091544200826,False,,,False,,,1
y_mn,ni_mn,y_mn||ni_mn,True,7.907296165673753e-09,0.0420637842915737,False,,,False,,,1
nd_ca,co_y,nd_ca||co_y,True,8.112262904306151e-09,0.0567246205410841,False,,,False,,,1
cr_ca,si_ni,cr_ca||si_ni,True,8.146037470130906e-09,0.0238016464163025,True,0.000166160692098,0.0092699893240079,False,,,2
zn_ca,si_nd,zn_ca||si_nd,True,8.158859076065263e-09,0.0588840702073837,False,,,False,,,1
na_mn,v_y,na_mn||v_y,True,8.316573778146109e-09,0.0419754461547074,False,,,True,8.938362406451571e-32,0.0335470820752521,2
y_mn,co_na,y_mn||co_na,True,8.338114613609328e-09,0.0423086178582595,False,,,False,,,1
cr_ni,cr_si,cr_ni||cr_si,True,8.380208949417585e-09,0.0290608046881742,False,,,False,,,1
k_nd,cr_si,k_nd||cr_si,True,8.425996546751726e-09,0.0582480782762492,False,,,False,,,1
v_y,si_v,v_y||si_v,True,8.5407205142078e-09,0.0395098572277711,True,0.0001144154708783,0.0173817417130127,False,,,2
cr_mn,cr_si,cr_mn||cr_si,True,8.636182415119772e-09,0.0264310844874438,False,,,False,,,1
co_ni,cr_si,co_ni||cr_si,True,8.637064309489451e-09,0.0258308233219909,False,,,False,,,1
si_mn,co_v,si_mn||co_v,True,8.740932037265542e-09,0.029716483825863,False,,,False,,,1
na_mn,nd_ti,na_mn||nd_ti,True,8.880734084827064e-09,0.0522180351488441,False,,,True,4.7586037001991165e-39,0.0473192794518384,2
v_mn,sc_nd,v_mn||sc_nd,True,8.936330961275392e-09,0.0500645191421527,False,,,False,,,1
si_mn,si_ti,si_mn||si_ti,True,8.945501869871691e-09,0.0301606048379932,False,,,False,,,1
si_mn,na_ni,si_mn||na_ni,True,8.948623001014357e-09,0.0319987173581522,False,,,True,3.641957153568733e-33,0.0266891152433596,2
cr_ti,nd_na,cr_ti||nd_na,True,8.982432347453361e-09,0.0634947384899381,False,,,True,8.165041732137708e-38,0.0586153903148619,2
nd_ti,cr_sc,nd_ti||cr_sc,True,8.989920851500026e-09,0.0505718215025376,False,,,False,,,1
y_mn,sc_ni,y_mn||sc_ni,True,9.014405159339996e-09,0.0410226022643434,False,,,False,,,1
si_nd,k_nd,si_nd||k_nd,True,9.113451912739194e-09,0.0761591426432232,False,,,False,,,1
ti_ca,y_mn,ti_ca||y_mn,True,9.165158518591092e-09,0.0394105998008626,False,,,False,,,1
cr_v,sc_nd,cr_v||sc_nd,True,9.228052161861012e-09,0.0498207836585435,False,,,False,,,1
sc_mn,nd_ti,sc_mn||nd_ti,True,9.324607742749905e-09,0.051414939932408,False,,,False,,,1
na_mn,si_ni,na_mn||si_ni,True,9.496496929893084e-09,0.0332892223143588,False,,,True,1.5973667361485518e-39,0.037236938063766,2
na_mn,nd_na,na_mn||nd_na,True,9.574359086417162e-09,0.0627121983848894,False,,,True,3.4452463154538593e-45,0.0738195003923413,2
cr_y,nd_zn,cr_y||nd_zn,True,9.760967862981244e-09,0.0624108860454342,False,,,True,6.119985758057557e-25,0.0329175374884781,2
y_mn,v_ni,y_mn||v_ni,True,9.780550712348833e-09,0.0395925685116573,False,,,False,,,1
na_ca,sc_nd,na_ca||sc_nd,True,9.926042430429893e-09,0.0500388864604525,True,0.0001955637812179,0.0195420508313793,True,4.344230083706662e-31,0.035825402641948,3
y_mn,v_y,y_mn||v_y,True,9.964328699811325e-09,0.0505758849765609,False,,,False,,,1
zn_mn,nd_na,zn_mn||nd_na,True,1.003032948785011e-08,0.0627967394966489,False,,,True,2.0652034469706293e-35,0.0536853764823318,2
co_ca,si_mn,co_ca||si_mn,True,1.0227264926301453e-08,0.0295330435090098,True,0.0001139956400589,0.0138005103042723,False,,,2
ni_mn,cr_y,ni_mn||cr_y,True,1.0259646211533035e-08,0.0350909373548786,False,,,True,1.8238580122330184e-25,0.0223580945450633,2
nd_ni,cr_si,nd_ni||cr_si,True,1.0342846419343673e-08,0.0509415890795973,False,,,True,1.5083102878985798e-25,0.0292327198915284,2
y_mn,sc_ti,y_mn||sc_ti,True,1.0344604354423024e-08,0.0397240556004498,False,,,False,,,1
k_v,si_nd,k_v||si_nd,True,1.0360274263364324e-08,0.0599321568194323,False,,,False,,,1
nd_ni,si_nd,nd_ni||si_nd,True,1.0383123692171886e-08,0.076786009687806,False,,,False,,,1
y_mn,co_ni,y_mn||co_ni,True,1.0477638129670608e-08,0.0389954934791268,False,,,False,,,1
sc_ni,cr_si,sc_ni||cr_si,True,1.050617055699128e-08,0.0302711416237685,True,9.98128180942514e-05,0.0132347591995805,False,,,2
y_mn,co_ti,y_mn||co_ti,True,1.0805233874359856e-08,0.0389591745344487,False,,,False,,,1
ni_ca,cr_si,ni_ca||cr_si,True,1.0810744956190754e-08,0.0276453100975437,False,,,False,,,1
co_v,sc_nd,co_v||sc_nd,True,1.0826234094773544e-08,0.0487779753107955,False,,,False,,,1
nd_na,co_si,nd_na||co_si,True,1.0864885982354646e-08,0.0617962011765902,False,,,True,1.3458782954752067e-36,0.0554602740599375,2
nd_ca,sc_nd,nd_ca||sc_nd,True,1.0883522182586136e-08,0.0721065426671073,False,,,False,,,1
y_cu,sc_nd,y_cu||sc_nd,True,1.112140264565512e-08,0.0539908627844667,False,,,False,,,1
na_mn,cr_sc,na_mn||cr_sc,True,1.1480997683837408e-08,0.0346919275939878,False,,,True,1.240255716472593e-37,0.0360324368589463,2
y_mn,co_nd,y_mn||co_nd,True,1.159996850370528e-08,0.0566997793962107,False,,,True,1.2493644239738435e-31,0.0415451903817358,2
y_mn,zn_mn,y_mn||zn_mn,True,1.1601754539098127e-08,0.0467889472615212,False,,,False,,,1
cr_ca,nd_na,cr_ca||nd_na,True,1.1609659644470332e-08,0.0619145854593983,False,,,True,1.7375607974259135e-36,0.0557307188927407,2
ni_ti,si_v,ni_ti||si_v,True,1.1710751348021942e-08,0.0242293908933849,True,2.1453262181286093e-06,0.01721617189753,False,,,2
si_ti,cr_y,si_ti||cr_y,True,1.180828956566186e-08,0.0339001177182827,False,,,False,,,1
v_ti,cr_y,v_ti||cr_y,True,1.1974589401577054e-08,0.0349813528835934,False,,,False,,,1
sc_mn,si_v,sc_mn||si_v,True,1.2030952084655884e-08,0.0334142660689553,True,2.1540205060283838e-06,0.0209121121122419,False,,,2
nd_ca,si_ni,nd_ca||si_ni,True,1.2150089384137683e-08,0.0543943204792633,False,,,False,,,1
ni_y,nd_na,ni_y||nd_na,True,1.22312359734369e-08,0.0607475508663565,False,,,True,4.037478017429909e-39,0.0590973068919527,2
zn_mn,si_mn,zn_mn||si_mn,True,1.2275620078221205e-08,0.0404991748450272,False,,,False,,,1
y_mn,co_cr,y_mn||co_cr,True,1.2283776442701693e-08,0.0390787001961419,False,,,True,5.907715481112025e-25,0.0240164794821252,2
nd_zn,si_nd,nd_zn||si_nd,True,1.2304446548191174e-08,0.0786764306097962,False,,,False,,,1
si_mn,co_cr,si_mn||co_cr,True,1.2378033827744808e-08,0.0296303701023746,False,,,False,,,1
ba_y,sc_nd,ba_y||sc_nd,True,1.2383911297811462e-08,0.052474522829021,False,,,False,,,1
cr_mn,cr_y,cr_mn||cr_y,True,1.254556390858e-08,0.0334436593975881,False,,,False,,,1
y_mn,co_v,y_mn||co_v,True,1.260886975507144e-08,0.0389156808794215,False,,,False,,,1
si_nd,k_si,si_nd||k_si,True,1.2703576059674172e-08,0.0582914364813003,False,,,False,,,1
y_mn,cr_zn,y_mn||cr_zn,True,1.2854858765010313e-08,0.0442796265413865,False,,,False,,,1
nd_ti,ni_y,nd_ti||ni_y,True,1.30043427484801e-08,0.0501574708048263,False,,,False,,,1
si_cu,nd_na,si_cu||nd_na,True,1.3098218858964137e-08,0.0609659057801759,False,,,True,2.1551715697250395e-35,0.0542014460776795,2
cr_y,na_v,cr_y||na_v,True,1.3108357080595177e-08,0.0372771960079775,False,,,True,1.561440535297487e-28,0.0268830779895666,2
nd_ca,cr_na,nd_ca||cr_na,True,1.311298281229386e-08,0.0544741169299765,False,,,True,4.539702696621992e-33,0.0408050490693576,2
ni_ca,cr_y,ni_ca||cr_y,True,1.313060006512408e-08,0.0344395458432422,False,,,False,,,1
ni_ca,si_mn,ni_ca||si_mn,True,1.3199712749978824e-08,0.0286257959130727,False,,,False,,,1
si_mn,sc_ti,si_mn||sc_ti,True,1.321701842538931e-08,0.0278623902841041,False,,,False,,,1
ti_mn,si_mn,ti_mn||si_mn,True,1.3260916290780265e-08,0.032956205420857,False,,,False,,,1
nd_ca,y_ti,nd_ca||y_ti,True,1.333403833275967e-08,0.0537035507909217,False,,,False,,,1
y_mn,ni_y,y_mn||ni_y,True,1.3339027894635496e-08,0.0483034981693813,False,,,False,,,1
ni_mn,si_mn,ni_mn||si_mn,True,1.3632061285992124e-08,0.0313397421574818,False,,,False,,,1
si_mn,cr_mn,si_mn||cr_mn,True,1.3691861687108182e-08,0.0284983544718083,False,,,False,,,1
si_mn,co_ni,si_mn||co_ni,True,1.3761718007278742e-08,0.0270119736917524,False,,,False,,,1
cr_zn,cr_si,cr_zn||cr_si,True,1.4031366592732573e-08,0.0382170118433802,False,,,False,,,1
mn_ca,v_y,mn_ca||v_y,True,1.4200772567911536e-08,0.0380259368355746,True,0.0005573649606527,0.0133048594127798,False,,,2
co_si,cr_sc,co_si||cr_sc,True,1.4201388326647416e-08,0.0250212666707264,True,5.663644463273947e-06,0.0148127702589423,False,,,2
ca_cu,sc_nd,ca_cu||sc_nd,True,1.4472364243471886e-08,0.0496520473234191,True,0.0001336774856546,0.0204322638921669,False,,,2
ni_ti,cr_y,ni_ti||cr_y,True,1.4481506997040111e-08,0.033220077250649,False,,,False,,,1
co_ca,cr_si,co_ca||cr_si,True,1.4606215236804456e-08,0.0278054577786307,True,8.798448956010283e-05,0.0135400245687338,False,,,2
si_ti,cr_si,si_ti||cr_si,True,1.4864118466992304e-08,0.0292584436252107,False,,,False,,,1
si_mn,y_ti,si_mn||y_ti,True,1.5064522129841634e-08,0.0346026054566688,False,,,False,,,1
k_ca,sc_nd,k_ca||sc_nd,True,1.5214981752600233e-08,0.0477829639516728,False,,,False,,,1
k_ni,sc_nd,k_ni||sc_nd,True,1.531100461925983e-08,0.0491913218811721,False,,,False,,,1
v_y,nd_ni,v_y||nd_ni,True,1.5478670758771168e-08,0.0516095471565038,False,,,False,,,1
y_mn,cr_mn,y_mn||cr_mn,True,1.5501977587655598e-08,0.0393699343246192,False,,,False,,,1
na_mn,ni_y,na_mn||ni_y,True,1.5505973374645414e-08,0.0372674514356733,False,,,True,3.9873003923755735e-35,0.0359741605205888,2
cr_y,cr_ni,cr_y||cr_ni,True,1.5752120585587833e-08,0.0336062523680516,False,,,True,2.987314873797147e-26,0.0228463787038393,2
sc_nd,k_si,sc_nd||k_si,True,1.5799273242341148e-08,0.0504753264432489,False,,,False,,,1
co_ca,cr_y,co_ca||cr_y,True,1.6193496635411093e-08,0.0340356655995616,False,,,False,,,1
k_zn,si_nd,k_zn||si_nd,True,1.6460627109184285e-08,0.0578976262194154,False,,,False,,,1
ni_mn,nd_na,ni_mn||nd_na,True,1.704491601096561e-08,0.0600465556004576,False,,,True,4.197684757898898e-39,0.059543590165806,2
k_ti,sc_nd,k_ti||sc_nd,True,1.7137379602842542e-08,0.0477516026109002,False,,,False,,,1
si_zn,si_nd,si_zn||si_nd,True,1.7145841669833392e-08,0.0570935941102933,False,,,False,,,1
si_ca,y_mn,si_ca||y_mn,True,1.730157471175898e-08,0.0380923003749408,False,,,False,,,1
nd_zn,cr_si,nd_zn||cr_si,True,1.7318291545641373e-08,0.0607346784914298,False,,,False,,,1
na_mn,co_si,na_mn||co_si,True,1.737618822368393e-08,0.0321309692743918,False,,,True,1.285803738150647e-37,0.0352447788292034,2
cr_ti,co_si,cr_ti||co_si,True,1.7813190073577745e-08,0.0212583986310878,True,0.0002233143985356,0.0086278572702177,False,,,2
si_mn,sc_ni,si_mn||sc_ni,True,1.8376791585437524e-08,0.0298747019481819,True,0.0002510657080017,0.0120999135374845,False,,,2
si_mn,ba_y,si_mn||ba_y,True,1.869038605369485e-08,0.0386968758050088,False,,,False,,,1
v_ca,nd_na,v_ca||nd_na,True,1.9029174038250225e-08,0.0592186322180997,True,0.000513439641044,0.0210518180120384,True,4.4667658831863866e-36,0.0541095997360996,3
y_mn,nd_ba,y_mn||nd_ba,True,1.9239816290313336e-08,0.0499819231308964,False,,,True,1.0747554892479606e-31,0.0388983257482448,2
co_v,cr_si,co_v||cr_si,True,1.9329943526429263e-08,0.026776464353073,False,,,False,,,1
zn_mn,cr_y,zn_mn||cr_y,True,1.9365196226525467e-08,0.0417452919067439,False,,,False,,,1
sc_ti,cr_si,sc_ti||cr_si,True,1.9407124432031632e-08,0.0263270799408922,False,,,False,,,1
sc_ni,nd_na,sc_ni||nd_na,True,1.9457843375716963e-08,0.0595036561295764,False,,,True,1.0222063402520657e-35,0.0547113331932653,2
co_y,cr_si,co_y||cr_si,True,1.9525110191099616e-08,0.03530819463077,False,,,False,,,1
ti_ca,si_v,ti_ca||si_v,True,1.962718881950031e-08,0.0237264100185173,True,2.247877813132456e-06,0.01715159918962,False,,,2
k_y,si_nd,k_y||si_nd,True,1.9655080434250755e-08,0.0568529945638863,False,,,True,1.3204766133063251e-27,0.0365778708389613,2
nd_y,k_ba,nd_y||k_ba,True,1.9707153570413872e-08,0.061997622187804,False,,,True,1.8274525168821157e-28,0.0410871006650485,2
si_mn,co_na,si_mn||co_na,True,1.9768269701661905e-08,0.0326005562848934,False,,,True,3.563484894926653e-26,0.0217683197360805,2
nd_ti,co_si,nd_ti||co_si,True,1.985426074125092e-08,0.0480626599747698,False,,,False,,,1
cr_zn,nd_na,cr_zn||nd_na,True,2.004062887498748e-08,0.060056540056841,False,,,True,3.918892290887218e-35,0.052952769805812,2
cr_y,co_ni,cr_y||co_ni,True,2.0177704156972568e-08,0.0322074334549748,False,,,False,,,1
cr_y,sc_ni,cr_y||sc_ni,True,2.043721061845041e-08,0.0345528318219761,False,,,False,,,1
v_y,cr_y,v_y||cr_y,True,2.0517699076938562e-08,0.0445288195723013,False,,,False,,,1
nd_ca,ti_mn,nd_ca||ti_mn,True,2.0528673678448363e-08,0.0518154265026113,False,,,False,,,1
si_v,co_cr,si_v||co_cr,True,2.1036200382758176e-08,0.025592638529761,True,2.028046223028072e-05,0.0149032038374117,False,,,2
co_y,nd_na,co_y||nd_na,True,2.1400543808100144e-08,0.0594966094059647,False,,,True,4.226951555434624e-37,0.0561208834747408,2
cr_ca,co_si,cr_ca||co_si,True,2.235083233970992e-08,0.0233369349391737,True,3.2289058562521574e-05,0.0122423707441733,False,,,2
si_ti,si_v,si_ti||si_v,True,2.2572129157764962e-08,0.0253475200276532,True,3.630411385299881e-05,0.014080756663639,False,,,2
sc_v,nd_na,sc_v||nd_na,True,2.3103929323675536e-08,0.0594915573725982,True,0.0003799002286717,0.0227483487005883,True,2.7880297319661493e-34,0.0526619440766492,3
y_mn,k_mn,y_mn||k_mn,True,2.3111795343239326e-08,0.0418797047377896,False,,,False,,,1
ti_ca,cr_y,ti_ca||cr_y,True,2.3153355149436017e-08,0.0322920045499905,False,,,False,,,1
nd_ti,sc_nd,nd_ti||sc_nd,True,2.3607284985266986e-08,0.067078165045742,False,,,False,,,1
sc_nd,co_k,sc_nd||co_k,True,2.3717953195875925e-08,0.0481291489080948,False,,,False,,,1
nd_ni,si_v,nd_ni||si_v,True,2.373805777790832e-08,0.0477099883291405,False,,,False,,,1
si_v,cr_k,si_v||cr_k,True,2.427091148662688e-08,0.0288466030708369,True,6.979397591965799e-06,0.0180372531619942,False,,,2
na_cu,sc_nd,na_cu||sc_nd,True,2.436566932017908e-08,0.0479360393386068,False,,,False,,,1
cr_ni,nd_na,cr_ni||nd_na,True,2.4368642178869466e-08,0.0592604325468452,False,,,True,3.695937840201733e-38,0.0585831627286805,2
cr_y,na_ni,cr_y||na_ni,True,2.4632417872258272e-08,0.0346258670525704,False,,,True,1.457410517639959e-33,0.0314984817924485,2
cr_ca,v_y,cr_ca||v_y,True,2.4723654028454317e-08,0.0356793974952594,False,,,False,,,1
nd_ti,co_y,nd_ti||co_y,True,2.477849258240595e-08,0.0497809371621228,False,,,False,,,1
y_mn,sc_v,y_mn||sc_v,True,2.5019713169929688e-08,0.0427392143854836,True,0.0001004485676096,0.0201627083833033,False,,,2
nd_y,ba_zn,nd_y||ba_zn,True,2.5310562201984218e-08,0.0606782139532083,False,,,True,1.6314134098671163e-28,0.0406858105557225,2
nd_ca,nd_na,nd_ca||nd_na,True,2.54248807729944e-08,0.075497742567397,False,,,True,7.826612496016861e-32,0.0573566381179526,2
cr_ca,na_mn,cr_ca||na_mn,True,2.5548577196644506e-08,0.0319729845913571,False,,,True,3.058852804126957e-38,0.0362622717188999,2
v_ca,si_v,v_ca||si_v,True,2.5903288323151605e-08,0.0300031954882194,True,1.0279853894023637e-07,0.0299616282731232,False,,,2
mn_ca,nd_ca,mn_ca||nd_ca,True,2.5967928874809426e-08,0.0511520814441626,False,,,False,,,1
nd_ca,zn_mn,nd_ca||zn_mn,True,2.6026142504220257e-08,0.0536543716804226,False,,,False,,,1
sc_na,sc_nd,sc_na||sc_nd,True,2.6313982300889288e-08,0.0483620624666709,True,3.686536512840548e-05,0.0243458087098954,True,3.4604380298150894e-30,0.0351599667328273,3
co_ti,si_v,co_ti||si_v,True,2.6589642005010405e-08,0.0232483401561901,True,1.0854036372637167e-06,0.018603828408199,False,,,2
na_ni,cr_si,na_ni||cr_si,True,2.6885359555045448e-08,0.0289862170257747,False,,,True,1.7972876000373425e-35,0.0274472707430055,2
cr_si,co_cr,cr_si||co_cr,True,2.7202187934032827e-08,0.0284558049290083,False,,,False,,,1
k_na,si_nd,k_na||si_nd,True,2.7293423080615177e-08,0.0563149382700032,False,,,True,3.1487534255510417e-32,0.0451244159899753,2
k_y,sc_nd,k_y||sc_nd,True,2.7524458737808137e-08,0.050929969722708,False,,,False,,,1
cr_y,co_nd,cr_y||co_nd,True,2.7567716010169396e-08,0.0521359723717853,False,,,True,1.307532225939397e-32,0.0414951690452387,2
cr_y,co_cr,cr_y||co_cr,True,2.7586533719333136e-08,0.0328905976679571,False,,,True,1.7305864025061563e-28,0.0249015398682884,2
nd_ti,cr_na,nd_ti||cr_na,True,2.7767644453585203e-08,0.048639814561672,False,,,True,2.145367750551542e-38,0.0459496137908571,2
nd_na,cr_na,nd_na||cr_na,True,2.7843243640134064e-08,0.0600688327190165,False,,,True,4.774107315582035e-44,0.0733020438698094,2
co_mn,nd_na,co_mn||nd_na,True,2.8314413726157386e-08,0.0575454074827414,False,,,True,1.904217408694177e-39,0.0595195891044431,2
sc_cu,sc_nd,sc_cu||sc_nd,True,2.8332580534972783e-08,0.0497506529626167,True,0.0001901486642404,0.0197845945955641,False,,,2
nd_ti,si_ni,nd_ti||si_ni,True,2.8695669475816157e-08,0.0475267826000022,False,,,False,,,1
nd_na,cr_k,nd_na||cr_k,True,2.8714669558590654e-08,0.0579723782421566,False,,,True,5.889763304870306e-36,0.0541115904956299,2
co_ti,cr_y,co_ti||cr_y,True,2.8916698464232633e-08,0.0317770839197976,False,,,False,,,1
v_y,si_ni,v_y||si_ni,True,2.8922175639016894e-08,0.0350864939957037,False,,,False,,,1
cr_y,v_ni,cr_y||v_ni,True,2.8960122043305216e-08,0.0320271866154324,False,,,False,,,1
nd_ca,si_ti,nd_ca||si_ti,True,2.9010749480415283e-08,0.0510675057397009,False,,,False,,,1
y_mn,si_na,y_mn||si_na,True,2.9103701078598918e-08,0.0387447973109287,False,,,False,,,1
nd_ca,cr_ti,nd_ca||cr_ti,True,2.9148118502537704e-08,0.0515343169179701,False,,,False,,,1
mn_ca,ni_y,mn_ca||ni_y,True,2.9165726023106146e-08,0.0323258644736291,False,,,False,,,1
mn_ca,na_mn,mn_ca||na_mn,True,3.0079012062289345e-08,0.0342878675901824,False,,,True,3.938945158133661e-36,0.0351918640284942,2
cr_y,co_na,cr_y||co_na,True,3.028525564479297e-08,0.0353650799748677,False,,,True,4.725197262896106e-28,0.0268278604513083,2
si_na,sc_nd,si_na||sc_nd,True,3.0639883236084925e-08,0.0462391678355389,True,0.0003732580194387,0.0166807781223469,False,,,2
nd_cu,si_nd,nd_cu||si_nd,True,3.0641622613889513e-08,0.079829722596993,False,,,True,1.255718629362348e-25,0.0485527076290533,2
y_mn,co_sc,y_mn||co_sc,True,3.0703775341892944e-08,0.0388808016234864,False,,,False,,,1
y_mn,co_mn,y_mn||co_mn,True,3.0925614898151867e-08,0.0389372721284915,False,,,False,,,1
si_mn,sc_mn,si_mn||sc_mn,True,3.111381254044056e-08,0.0345519886706074,False,,,False,,,1
nd_ca,ni_mn,nd_ca||ni_mn,True,3.1156047648263745e-08,0.0508475084914029,False,,,False,,,1
y_mn,co_y,y_mn||co_y,True,3.155495013845765e-08,0.0460550905581701,False,,,False,,,1
y_mn,ba_y,y_mn||ba_y,True,3.1557316002095656e-08,0.0419956556863304,False,,,False,,,1
si_nd,co_nd,si_nd||co_nd,True,3.276726616880547e-08,0.0735850946445572,False,,,True,1.2667507199104886e-25,0.0438933166367998,2
sc_ti,cr_y,sc_ti||cr_y,True,3.3174767611992666e-08,0.0320331791826381,False,,,False,,,1
nd_cu,y_mn,nd_cu||y_mn,True,3.3459393344019234e-08,0.0619353131001148,False,,,True,1.1241680693050793e-30,0.0479219666580783,2
sc_mn,nd_ni,sc_mn||nd_ni,True,3.3615979255091924e-08,0.047742272036786,False,,,False,,,1
nd_ni,cr_sc,nd_ni||cr_sc,True,3.3997496283917664e-08,0.0464164055615884,False,,,False,,,1
ni_y,cr_y,ni_y||cr_y,True,3.4239570880454845e-08,0.041722529569331,False,,,False,,,1
ba_y,cr_si,ba_y||cr_si,True,3.439579495432451e-08,0.0367980327710577,False,,,False,,,1
v_ti,nd_na,v_ti||nd_na,True,3.452633851311832e-08,0.0572955218392745,False,,,True,3.9643116820609134e-36,0.0547220373111918,2
k_mn,cr_si,k_mn||cr_si,True,3.452648023810589e-08,0.0332626415100677,False,,,False,,,1
sc_ti,nd_na,sc_ti||nd_na,True,3.5239472615172766e-08,0.0577084307090775,False,,,True,3.2280567217536025e-36,0.0555745949972672,2
nd_ni,sc_nd,nd_ni||sc_nd,True,3.524136374264461e-08,0.0635096338485337,False,,,False,,,1
k_mn,cr_y,k_mn||cr_y,True,3.5746116433363965e-08,0.0371664408750156,False,,,False,,,1
nd_ca,cr_ca,nd_ca||cr_ca,True,3.5801371406882043e-08,0.0509079195501579,False,,,False,,,1
si_ti,nd_na,si_ti||nd_na,True,3.5845417457837645e-08,0.0578423753613093,False,,,True,2.202876581396129e-37,0.0574186108541222,2
k_cu,si_nd,k_cu||si_nd,True,3.5924766303983367e-08,0.0572777125348162,False,,,False,,,1
ti_ca,nd_na,ti_ca||nd_na,True,3.601713831730189e-08,0.0578459620427544,False,,,True,1.4280916010840745e-36,0.056122997878055,2
co_y,si_v,co_y||si_v,True,3.6234722474002626e-08,0.0334804086958137,True,0.0005149799577015,0.0133908279633788,False,,,2
na_zn,si_nd,na_zn||si_nd,True,3.66453565801228e-08,0.0546221131965299,False,,,True,8.804468752085856e-28,0.0371084245302677,2
v_y,cr_na,v_y||cr_na,True,3.7490999251926066e-08,0.0368961992781462,False,,,True,1.0851330274294026e-33,0.0343023008905956,2
v_cu,nd_na,v_cu||nd_na,True,3.76215780696036e-08,0.0577165405524255,False,,,True,3.567945371976822e-36,0.0551918287935138,2
si_nd,cr_nd,si_nd||cr_nd,True,3.7867815654970486e-08,0.0684715697112709,False,,,False,,,1
y_mn,cr_nd,y_mn||cr_nd,True,3.810449625568068e-08,0.0496860862887275,False,,,False,,,1
co_mn,si_v,co_mn||si_v,True,3.8149313254302574e-08,0.0262679081575103,True,5.782322984408443e-05,0.0139199210892612,False,,,2
nd_ca,nd_ba,nd_ca||nd_ba,True,3.840410455088885e-08,0.0588498227720002,False,,,True,2.149294134637951e-25,0.0349586619929422,2
nd_na,co_sc,nd_na||co_sc,True,3.8487916596067474e-08,0.0572949153146481,False,,,True,6.226387703161342e-36,0.0548605398386056,2
co_mn,cr_si,co_mn||cr_si,True,3.8729665908889076e-08,0.0276237981986164,False,,,False,,,1
mn_ca,nd_ti,mn_ca||nd_ti,True,3.879942607602189e-08,0.0462770644148356,False,,,False,,,1
nd_na,co_cr,nd_na||co_cr,True,3.880894740263179e-08,0.0571141157171852,False,,,True,2.2634355125210045e-38,0.0584248405059458,2
si_ni,cr_na,si_ni||cr_na,True,3.897583618476168e-08,0.0282389766663015,False,,,True,4.787275862091661e-43,0.0382638068219477,2
si_cu,y_mn,si_cu||y_mn,True,3.9269365496380286e-08,0.0394055677572884,False,,,False,,,1
k_mn,nd_na,k_mn||nd_na,True,3.927745827588757e-08,0.0569654871478128,False,,,True,4.6504933070340484e-35,0.052779402946178,2
si_ni,co_si,si_ni||co_si,True,3.948280318698701e-08,0.0227079964372818,True,0.0002166387769509,0.0102337973942656,False,,,2
ni_y,cr_sc,ni_y||cr_sc,True,3.949344807084965e-08,0.0310332876545466,False,,,False,,,1
ni_ca,si_v,ni_ca||si_v,True,4.0147577395170586e-08,0.0246206719008123,True,1.54797937938411e-06,0.0199537463465558,False,,,2
zn_y,si_nd,zn_y||si_nd,True,4.0216451494775154e-08,0.0545774019552015,False,,,False,,,1
co_ni,si_v,co_ni||si_v,True,4.0593012929028736e-08,0.02250413793313,True,6.597153306322448e-06,0.0151329215590298,False,,,2
nd_ca,na_v,nd_ca||na_v,True,4.0672109461951236e-08,0.0507798082057271,False,,,False,,,1
na_mn,nd_ni,na_mn||nd_ni,True,4.086033618895625e-08,0.0471765463665729,False,,,True,6.572405204986473e-39,0.0485446075896959,2
nd_ba,nd_na,nd_ba||nd_na,True,4.138427117403251e-08,0.0644274362700628,False,,,True,8.410015844437396e-39,0.0667410261938262,2
cr_y,co_v,cr_y||co_v,True,4.1570537345483216e-08,0.031548735195815,False,,,False,,,1
zn_mn,si_v,zn_mn||si_v,True,4.200850434795708e-08,0.0358559800338544,True,4.545409928898053e-05,0.0182649492157857,False,,,2
ba_ni,si_nd,ba_ni||si_nd,True,4.227550182861672e-08,0.0535866347792572,False,,,False,,,1
ni_y,si_ni,ni_y||si_ni,True,4.3328326165135155e-08,0.029340851279923,False,,,False,,,1
mn_cu,nd_ca,mn_cu||nd_ca,True,4.4185016145451055e-08,0.0498168496497387,False,,,False,,,1
si_cu,nd_ca,si_cu||nd_ca,True,4.467441235745367e-08,0.0497718799312689,True,0.0004440975694347,0.0171778374811453,False,,,2
cr_mn,si_v,cr_mn||si_v,True,4.4698434307164865e-08,0.0228683207375551,True,1.142268309546166e-05,0.0147457269767364,False,,,2
zn_ni,sc_nd,zn_ni||sc_nd,True,4.526997729093248e-08,0.0460255895385017,False,,,False,,,1
na_mn,cr_ti,na_mn||cr_ti,True,4.55245408674872e-08,0.0305939965381892,False,,,True,6.921992639441219e-41,0.0394005119575887,2
co_mn,cr_y,co_mn||cr_y,True,4.632397593571488e-08,0.032795038775284,False,,,True,7.44290971326319e-27,0.0239274450875863,2
nd_ca,cr_k,nd_ca||cr_k,True,4.6452339528702094e-08,0.0493917434544639,False,,,False,,,1
ni_ca,nd_na,ni_ca||nd_na,True,4.6779754407497764e-08,0.0561026896793745,False,,,True,2.386233358644497e-36,0.0548308210889008,2
y_ti,nd_ti,y_ti||nd_ti,True,4.6928304056169117e-08,0.0465307406199087,False,,,True,7.598400085214991e-26,0.0291449803690636,2
si_ni,cr_ni,si_ni||cr_ni,True,4.701129301092918e-08,0.0185217856935124,False,,,False,,,1
ba_v,si_nd,ba_v||si_nd,True,4.7056459911918456e-08,0.0548788250293888,False,,,False,,,1
na_y,sc_nd,na_y||sc_nd,True,4.708648715937809e-08,0.0468829529355165,False,,,False,,,1
mn_ca,si_ni,mn_ca||si_ni,True,4.709241048797106e-08,0.0245945012026321,True,0.0004020781479713,0.0095402001886221,False,,,2
sc_ca,nd_na,sc_ca||nd_na,True,4.734329646333063e-08,0.0564068069850729,False,,,True,5.076658745172391e-36,0.0544817108724611,2
ni_ti,nd_na,ni_ti||nd_na,True,4.865768241020021e-08,0.0570874651630899,False,,,True,1.8775951701705934e-36,0.056344268425046,2
v_y,cr_sc,v_y||cr_sc,True,4.8681094805866585e-08,0.0350155418426873,True,0.0004632869868994,0.013438605417883,False,,,2
mn_cu,y_mn,mn_cu||y_mn,True,4.8765979792707825e-08,0.0377302910497508,False,,,True,2.504131054853062e-27,0.0282525567483934,2
si_ba,si_nd,si_ba||si_nd,True,4.8934737063211256e-08,0.0557567701199602,False,,,False,,,1
nd_ca,sc_ni,nd_ca||sc_ni,True,4.894411527807642e-08,0.0489327381004578,True,0.0005863046988821,0.0160333395694034,False,,,2
nd_v,si_nd,nd_v||si_nd,True,4.9223584794812e-08,0.0693198643658079,False,,,True,3.9673406060616e-25,0.0426642420927157,2
zn_cu,si_nd,zn_cu||si_nd,True,4.9556850862805717e-08,0.0563361956550003,False,,,False,,,1
v_ni,nd_na,v_ni||nd_na,True,4.9697264135609144e-08,0.0566184315428998,False,,,True,1.817451155817729e-36,0.0558815410140436,2
cr_ca,ni_y,cr_ca||ni_y,True,5.077081280521772e-08,0.0294615205101487,False,,,False,,,1
sc_zn,sc_nd,sc_zn||sc_nd,True,5.1868826917994095e-08,0.0456855942531492,False,,,False,,,1
y_mn,na_ti,y_mn||na_ti,True,5.1990186723892823e-08,0.0373708481296951,False,,,True,3.760780520596965e-31,0.03361621198739,2
mn_ca,co_si,mn_ca||co_si,True,5.2127383937848737e-08,0.0247008448508704,True,8.128502651710614e-05,0.0124513517986847,False,,,2
si_ca,si_mn,si_ca||si_mn,True,5.2519982750159844e-08,0.0278585356266601,False,,,False,,,1
co_ca,si_v,co_ca||si_v,True,5.278119646740384e-08,0.0243920044527652,True,2.3191571647907466e-07,0.0238444772801254,False,,,2
y_mn,y_ti,y_mn||y_ti,True,5.3074755624928436e-08,0.0435199196807975,False,,,False,,,1
si_mn,nd_ba,si_mn||nd_ba,True,5.337755775581359e-08,0.0442415533544663,False,,,True,2.368755368584979e-31,0.0355481297869441,2
na_mn,co_y,na_mn||co_y,True,5.409372767291182e-08,0.0360975459497018,False,,,True,1.3053122191048502e-31,0.0333727574246663,2
co_ti,nd_na,co_ti||nd_na,True,5.44367260017739e-08,0.0563353261688017,False,,,True,1.7702771442408128e-36,0.055956831935994,2
ni_y,nd_ni,ni_y||nd_ni,True,5.4445424304178476e-08,0.0458676568715992,False,,,True,1.6471222921242549e-25,0.0297996224745945,2
v_y,nd_zn,v_y||nd_zn,True,5.5176327496979865e-08,0.0563656165153847,False,,,False,,,1
sc_ti,si_v,sc_ti||si_v,True,5.565301988481498e-08,0.0235601702980537,True,1.388692803884722e-06,0.0181912825853581,False,,,2
cr_ba,si_nd,cr_ba||si_nd,True,5.62789913518178e-08,0.0534258216224779,False,,,False,,,1
nd_ca,cr_zn,nd_ca||cr_zn,True,5.64052463807956e-08,0.0505894272647681,False,,,False,,,1
y_ti,nd_na,y_ti||nd_na,True,5.744926091418844e-08,0.0551175336280685,False,,,True,7.082181635954393e-40,0.0606491069697681,2
na_v,nd_na,na_v||nd_na,True,5.7775080252013536e-08,0.0568421861922079,False,,,True,3.6605907909239092e-37,0.058253699180553,2
si_mn,sc_v,si_mn||sc_v,True,5.7822470067996666e-08,0.0346898907825213,True,7.319199031369433e-06,0.0227575765088405,False,,,2
ba_y,nd_na,ba_y||nd_na,True,5.792203252008375e-08,0.0565373509012398,False,,,True,5.6686642784786425e-34,0.0518599110328418,2
nd_ca,cr_ni,nd_ca||cr_ni,True,5.824121359155983e-08,0.0490103469693486,False,,,False,,,1
si_mn,co_nd,si_mn||co_nd,True,5.8395347653352414e-08,0.0491342117812073,False,,,True,4.840146352609714e-28,0.0341489818525616,2
si_ca,cr_y,si_ca||cr_y,True,5.844589087449668e-08,0.0313777206758265,False,,,True,2.809302410089137e-25,0.0221079208903828,2
nd_ca,sc_v,nd_ca||sc_v,True,5.8761977330513305e-08,0.0499199151119691,True,5.589424715224293e-05,0.0238718352058589,False,,,2
co_ca,nd_na,co_ca||nd_na,True,5.987816008568339e-08,0.0551212572665194,False,,,True,9.823160057379082e-37,0.0552678171419996,2
ni_cu,nd_na,ni_cu||nd_na,True,5.990024229179743e-08,0.0557109041066382,False,,,True,9.20886212758628e-37,0.0565454142042889,2
cr_y,cr_zn,cr_y||cr_zn,True,6.052478094932442e-08,0.0373460446737234,False,,,False,,,1
co_ni,nd_na,co_ni||nd_na,True,6.081691878771477e-08,0.056132153100723,False,,,True,5.869838260299667e-37,0.0571101456331593,2
ti_cu,nd_na,ti_cu||nd_na,True,6.154348635368336e-08,0.0560546373799678,False,,,True,4.1422471159681843e-36,0.0566866070055186,2
y_ti,cr_si,y_ti||cr_si,True,6.243146747327664e-08,0.0307372014199383,False,,,False,,,1
co_na,cr_si,co_na||cr_si,True,6.283068728670876e-08,0.0296381118756505,False,,,True,2.5013860078315223e-27,0.0220634680941608,2
cr_ca,nd_ti,cr_ca||nd_ti,True,6.311662835656913e-08,0.0450842499158985,False,,,False,,,1
mn_cu,nd_na,mn_cu||nd_na,True,6.339998298527919e-08,0.0554282792915477,False,,,True,9.357782263250063e-40,0.0622616011411432,2
v_ca,nd_ca,v_ca||nd_ca,True,6.356493995597895e-08,0.0490262091625689,True,7.542507691908527e-05,0.0224998440105699,False,,,2
nd_ti,nd_na,nd_ti||nd_na,True,6.357401619493876e-08,0.0695796315160913,False,,,True,1.2315793855974184e-33,0.0606753235855288,2
ni_mn,si_ni,ni_mn||si_ni,True,6.368093609857079e-08,0.0192988844924691,False,,,False,,,1
cr_mn,nd_na,cr_mn||nd_na,True,6.42286282259611e-08,0.0555519247117891,False,,,True,1.1144265663268485e-36,0.0561869498430762,2
na_v,si_v,na_v||si_v,True,6.475736789312685e-08,0.0287648938942074,True,0.0001925562787823,0.0136508725538554,False,,,2
si_zn,sc_nd,si_zn||sc_nd,True,6.490435264941299e-08,0.0460778970128361,False,,,False,,,1
v_y,k_nd,v_y||k_nd,True,6.507213625379384e-08,0.0514174822417668,False,,,False,,,1
ba_mn,si_nd,ba_mn||si_nd,True,6.537552419463566e-08,0.0547112093881467,False,,,False,,,1
si_ni,cr_k,si_ni||cr_k,True,6.56353415543843e-08,0.0251353258622767,True,7.817143129655581e-05,0.0123884248977824,False,,,2
zn_ti,sc_nd,zn_ti||sc_nd,True,6.581889468895152e-08,0.0448231724480802,False,,,False,,,1
cr_cu,nd_na,cr_cu||nd_na,True,6.676305939343463e-08,0.0559095050235017,False,,,True,3.2044827888021753e-38,0.060436320003085,2
sc_ca,y_mn,sc_ca||y_mn,True,6.6816756091016e-08,0.036024036746222,False,,,False,,,1
ti_mn,nd_ti,ti_mn||nd_ti,True,6.720459299381768e-08,0.0444570481376352,False,,,False,,,1
nd_cu,cr_y,nd_cu||cr_y,True,6.787170027631686e-08,0.0581516868399661,False,,,True,7.415513994144125e-31,0.0474159315555689,2
co_cu,nd_na,co_cu||nd_na,True,6.840483912897513e-08,0.054652438665738,False,,,True,2.269604177785214e-36,0.0556677479040653,2
y_mn,cr_v,y_mn||cr_v,True,6.879210761770182e-08,0.0359882497990248,False,,,False,,,1
cr_na,cr_sc,cr_na||cr_sc,True,6.891389706809671e-08,0.0288482711323631,False,,,True,6.678829342411446e-41,0.0371634197605201,2
nd_ti,si_ti,nd_ti||si_ti,True,6.89666281106519e-08,0.0445546460082092,False,,,False,,,1
ti_mn,si_ni,ti_mn||si_ni,True,6.944702314536687e-08,0.0217192848672367,False,,,False,,,1
si_ca,nd_na,si_ca||nd_na,True,6.990625368058586e-08,0.0547658518103933,False,,,True,2.045640466705636e-38,0.0584753314566836,2
mn_ca,cr_na,mn_ca||cr_na,True,7.239064560802489e-08,0.02927358362824,False,,,True,2.44849070751358e-39,0.0358683580394615,2
co_zn,sc_nd,co_zn||sc_nd,True,7.24058571140716e-08,0.0453747925182864,False,,,False,,,1
mn_ca,co_y,mn_ca||co_y,True,7.254748213032991e-08,0.0327731647548966,False,,,False,,,1
nd_ca,k_mn,nd_ca||k_mn,True,7.259725707441542e-08,0.0486439355149008,False,,,False,,,1
si_y,sc_nd,si_y||sc_nd,True,7.28363766844448e-08,0.0437069331773783,False,,,False,,,1
y_cu,nd_na,y_cu||nd_na,True,7.386403586905183e-08,0.057072264349035,False,,,True,3.34151216763202e-33,0.051995518533717,2
na_ba,si_nd,na_ba||si_nd,True,7.406044110161313e-08,0.0558508755230666,False,,,False,,,1
nd_ca,v_ti,nd_ca||v_ti,True,7.406727506715665e-08,0.0478618088290376,True,0.0005481922440886,0.0163979582065189,False,,,2
cr_y,sc_v,cr_y||sc_v,True,7.460392462429106e-08,0.0371269083547598,True,8.265257909474492e-05,0.0193235471926014,False,,,2
cr_y,nd_ba,cr_y||nd_ba,True,7.499251610045177e-08,0.0442870072975476,False,,,True,5.849020663188051e-33,0.0392474445527282,2
cr_y,co_sc,cr_y||co_sc,True,7.656239155152652e-08,0.0328902598360009,False,,,False,,,1
ti_mn,v_y,ti_mn||v_y,True,7.752112835085338e-08,0.0337582382723481,False,,,False,,,1
na_ca,y_mn,na_ca||y_mn,True,7.93497507334515e-08,0.0367083891182804,False,,,True,1.3142104462877795e-32,0.0370773517732406,2
cr_zn,si_v,cr_zn||si_v,True,8.03086013028955e-08,0.0332680511565965,True,6.012965877353366e-05,0.016562750761669,False,,,2
y_mn,k_ti,y_mn||k_ti,True,8.078847411420607e-08,0.035524996820817,False,,,False,,,1
nd_ca,co_mn,nd_ca||co_mn,True,8.166566020496934e-08,0.0472580716833169,False,,,False,,,1
na_ni,si_v,na_ni||si_v,True,8.228182923422627e-08,0.0260960139046297,True,3.138807559847993e-05,0.0163424721112797,False,,,2
zn_mn,nd_ti,zn_mn||nd_ti,True,8.247488560607953e-08,0.0468280792916593,False,,,False,,,1
nd_zn,sc_nd,nd_zn||sc_nd,True,8.498640940232354e-08,0.0660845085000408,False,,,False,,,1
ni_y,cr_na,ni_y||cr_na,True,8.566434451694575e-08,0.0317465633806976,False,,,True,1.101350974750947e-37,0.0368565494782619,2
co_v,nd_na,co_v||nd_na,True,8.598027967480996e-08,0.0540580745444277,False,,,True,1.528475710922387e-36,0.0555436125010504,2
cr_y,cr_nd,cr_y||cr_nd,True,8.608444109775802e-08,0.0452616190250332,False,,,True,3.3626789629370285e-25,0.0286163547529852,2
y_mn,nd_v,y_mn||nd_v,True,8.755336809047376e-08,0.0486238819865909,False,,,True,6.655606295223989e-30,0.0394754631676644,2
nd_ca,si_ca,nd_ca||si_ca,True,8.783721513995612e-08,0.0472712669996057,False,,,False,,,1
cr_cu,nd_ca,cr_cu||nd_ca,True,8.84171275990727e-08,0.0479586529086093,False,,,False,,,1
sc_v,cr_si,sc_v||cr_si,True,8.856462869894063e-08,0.0339584423895169,True,4.75225074331852e-06,0.0236666087899773,False,,,2
ti_mn,na_mn,ti_mn||na_mn,True,9.065483541029565e-08,0.0312711993010113,False,,,True,8.704894455621019e-38,0.0372140341227186,2
na_mn,nd_zn,na_mn||nd_zn,True,9.08797107946255e-08,0.0542033116928934,False,,,True,7.16317963096385e-32,0.0436568780297122,2
v_ti,si_v,v_ti||si_v,True,9.17065095969832e-08,0.0261622655478889,True,9.771959511681311e-07,0.0231665830573115,False,,,2
k_nd,sc_nd,k_nd||sc_nd,True,9.244404295435521e-08,0.0646206586935377,False,,,False,,,1
mn_cu,si_mn,mn_cu||si_mn,True,9.32423820614931e-08,0.0293413019226313,False,,,True,2.1212983325716385e-27,0.023093590920904,2
cr_na,co_si,cr_na||co_si,True,9.362475191358287e-08,0.0271312537994367,False,,,True,2.9051378341358593e-40,0.0357893938617723,2
cr_y,co_y,cr_y||co_y,True,9.36321788348541e-08,0.0399557996925018,False,,,False,,,1
si_ca,cr_si,si_ca||cr_si,True,9.389011641704227e-08,0.0265259189040592,False,,,False,,,1
sc_ba,si_nd,sc_ba||si_nd,True,9.642790527179088e-08,0.0523408486316666,False,,,False,,,1
k_na,sc_nd,k_na||sc_nd,True,9.732602260726727e-08,0.0461185475042604,True,0.0005421852565324,0.0179995498515839,True,4.535495999825929e-28,0.0346958938039498,3
nd_zn,si_v,nd_zn||si_v,True,9.8613656364554e-08,0.0541046987919083,False,,,False,,,1
si_v,k_nd,si_v||k_nd,True,9.886404552997017e-08,0.0500346316445525,False,,,False,,,1
nd_na,co_na,nd_na||co_na,True,9.964691716875297e-08,0.0538662182905812,False,,,True,3.011755841175875e-38,0.0601650130873472,2
nd_ba,cr_si,nd_ba||cr_si,True,9.975456500069208e-08,0.04250536421334,False,,,True,7.261294754412277e-31,0.0349402444261712,2
nd_ti,cr_ti,nd_ti||cr_ti,True,9.977774228141809e-08,0.0439558923754552,False,,,False,,,1
sc_ni,si_v,sc_ni||si_v,True,9.981209101411249e-08,0.0252962738296984,True,2.3269150719947934e-07,0.0235909003464984,False,,,2
y_cu,nd_ca,y_cu||nd_ca,True,1.0022690215927282e-07,0.0512985103570387,False,,,False,,,1
na_cu,nd_na,na_cu||nd_na,True,1.0139850478131225e-07,0.0525289315480174,False,,,True,1.1267647878166712e-36,0.055198411341117,2
nd_ca,ni_ti,nd_ca||ni_ti,True,1.022660762549753e-07,0.0473994591222933,False,,,False,,,1
na_ni,nd_na,na_ni||nd_na,True,1.0279760127017165e-07,0.0546457124135803,False,,,True,2.1622667152976265e-39,0.0627183158408112,2
cr_cu,y_mn,cr_cu||y_mn,True,1.0330519305626634e-07,0.036153324209284,False,,,True,1.0347350721667143e-27,0.0288476384778272,2
nd_na,sc_k,nd_na||sc_k,True,1.03533794804111e-07,0.0530180934965034,False,,,True,7.499369605668184e-36,0.0538228602104288,2
cr_v,nd_na,cr_v||nd_na,True,1.037787733870805e-07,0.0531173635288753,False,,,True,2.2102629530421045e-37,0.0565618002926315,2
y_mn,v_mn,y_mn||v_mn,True,1.0471217870711687e-07,0.0365944719360961,False,,,False,,,1
v_y,co_si,v_y||co_si,True,1.0487331586836245e-07,0.031995296514722,False,,,False,,,1
si_mn,co_sc,si_mn||co_sc,True,1.0536163585149453e-07,0.0281100646887756,True,6.240876728861455e-05,0.0153581362836336,False,,,2
ti_cu,nd_ca,ti_cu||nd_ca,True,1.0595896405707315e-07,0.0470014839018621,False,,,False,,,1
k_v,sc_nd,k_v||sc_nd,True,1.0611078201330746e-07,0.0467574920301344,True,0.0006206666179809,0.016909494491452,False,,,2
nd_ni,nd_na,nd_ni||nd_na,True,1.0727891335047197e-07,0.0675485799924954,False,,,True,5.1743999394239713e-33,0.0614514325196378,2
cr_si,co_sc,cr_si||co_sc,True,1.0739014234007721e-07,0.0277777035379786,True,3.831372063879807e-05,0.015790793647416,False,,,2
v_ca,na_mn,v_ca||na_mn,True,1.0779903367584297e-07,0.0299445427430332,True,0.0001812357422806,0.0173801230197754,True,2.6174252381038416e-35,0.0351871348078824,3
si_mn,co_mn,si_mn||co_mn,True,1.082285004724023e-07,0.029309743705337,False,,,False,,,1
nd_ca,co_cr,nd_ca||co_cr,True,1.0860330033550113e-07,0.046727885469813,False,,,False,,,1
si_mn,k_mn,si_mn||k_mn,True,1.0909185806021721e-07,0.0318889979206955,False,,,False,,,1
v_mn,nd_na,v_mn||nd_na,True,1.0946640871383387e-07,0.0525302056699003,False,,,True,1.864151150475137e-38,0.0578907311516341,2
ni_mn,nd_ti,ni_mn||nd_ti,True,1.0971042404628194e-07,0.0432137099323122,False,,,False,,,1
nd_ca,co_sc,nd_ca||co_sc,True,1.0988320758461105e-07,0.0468393873189719,True,0.0003167439452721,0.0179050614809016,False,,,2
na_mn,k_nd,na_mn||k_nd,True,1.1036275788667785e-07,0.0495058074333172,False,,,True,1.8181266282102067e-30,0.0391206200598067,2
v_ni,si_v,v_ni||si_v,True,1.1107660158984933e-07,0.0239446666729285,True,8.509002975276068e-06,0.017210882598062,False,,,2
nd_cu,sc_nd,nd_cu||sc_nd,True,1.116916351396851e-07,0.066651013911892,False,,,False,,,1
y_mn,sc_si,y_mn||sc_si,True,1.1260907936214345e-07,0.0357364799816153,False,,,False,,,1
y_ca,nd_ca,y_ca||nd_ca,True,1.1264538575974614e-07,0.048752822446121,False,,,False,,,1
v_y,co_nd,v_y||co_nd,True,1.1274361168404661e-07,0.04859734089534,False,,,False,,,1
y_mn,zn_ni,y_mn||zn_ni,True,1.1352543332862823e-07,0.0373204491401903,False,,,False,,,1
nd_na,sc_si,nd_na||sc_si,True,1.1373795136894213e-07,0.0533935600282906,False,,,True,2.330700208472155e-36,0.0556283171598938,2
nd_ca,sc_ti,nd_ca||sc_ti,True,1.1427204974050407e-07,0.0465092584107978,False,,,False,,,1
co_nd,cr_si,co_nd||cr_si,True,1.1491337500558393e-07,0.0472761348542931,False,,,True,7.3631775701901e-27,0.0328426766147078,2
nd_ti,sc_ni,nd_ti||sc_ni,True,1.1609030655706661e-07,0.042845668461303,False,,,False,,,1
ti_mn,cr_na,ti_mn||cr_na,True,1.161193077040228e-07,0.0277756107712932,False,,,True,2.8126415773348905e-42,0.0386208238273165,2
nd_ti,na_v,nd_ti||na_v,True,1.1817949700433264e-07,0.0441668883371341,False,,,False,,,1
co_cu,nd_ca,co_cu||nd_ca,True,1.185027690712567e-07,0.0460238877268103,False,,,False,,,1
sc_mn,v_y,sc_mn||v_y,True,1.192332919072011e-07,0.0362418368085503,True,0.0004440000667251,0.0144388303270104,False,,,2
cr_ti,v_y,cr_ti||v_y,True,1.1944312166645882e-07,0.0319934096261529,False,,,False,,,1
k_cu,sc_nd,k_cu||sc_nd,True,1.209909546849471e-07,0.047347141169305,True,0.0004976123107936,0.0184799007574093,False,,,2
y_ti,si_v,y_ti||si_v,True,1.2177524758121308e-07,0.0288574426533573,False,,,False,,,1
mn_cu,si_v,mn_cu||si_v,True,1.221770113593927e-07,0.0263698117009245,True,0.0001079926883266,0.014377048023878,False,,,2
nd_cu,v_y,nd_cu||v_y,True,1.225055863326404e-07,0.0564366799967768,False,,,False,,,1
v_zn,sc_nd,v_zn||sc_nd,True,1.232081887469972e-07,0.0460912950902601,False,,,False,,,1
nd_zn,nd_na,nd_zn||nd_na,True,1.2361181224415374e-07,0.0698845612854889,False,,,True,6.154188846432011e-31,0.0568912187571922,2
na_y,nd_na,na_y||nd_na,True,1.2504302239654114e-07,0.0547377946973519,False,,,True,1.009858729308662e-32,0.0519453843331942,2
nd_ca,v_ni,nd_ca||v_ni,True,1.2519402404536392e-07,0.0463398336254159,False,,,False,,,1
nd_ca,co_ti,nd_ca||co_ti,True,1.2541545283188277e-07,0.046292416284875,False,,,False,,,1
na_mn,sc_mn,na_mn||sc_mn,True,1.2591376588368e-07,0.0336740628801671,False,,,True,2.05596630597847e-34,0.0347189746517424,2
nd_na,k_nd,nd_na||k_nd,True,1.2617005709177877e-07,0.0668105172771055,False,,,True,4.505309679334454e-31,0.0549986007269926,2
sc_mn,ni_y,sc_mn||ni_y,True,1.265462440150616e-07,0.0325503357608102,False,,,False,,,1
k_ca,y_mn,k_ca||y_mn,True,1.266563775356441e-07,0.0345843296416619,False,,,False,,,1
y_mn,sc_k,y_mn||sc_k,True,1.281075804074577e-07,0.034170121365042,False,,,False,,,1
ni_y,co_si,ni_y||co_si,True,1.282996513471721e-07,0.0273188477664978,False,,,False,,,1
na_ca,nd_na,na_ca||nd_na,True,1.288494820967581e-07,0.0532394281552043,False,,,True,9.57852678533487e-41,0.0670413609855518,2
v_cu,nd_ca,v_cu||nd_ca,True,1.2959715535344093e-07,0.0469236156069564,False,,,False,,,1
nd_ca,sc_y,nd_ca||sc_y,True,1.3034646211244746e-07,0.0463184485314272,False,,,False,,,1
si_v,nd_ba,si_v||nd_ba,True,1.3042825881996137e-07,0.0414871352896865,False,,,True,1.330545405812907e-26,0.0291599980380103,2
sc_mn,cr_na,sc_mn||cr_na,True,1.304631913025636e-07,0.0314715739295807,False,,,True,4.846075511620074e-37,0.0353288949739393,2
nd_ni,cr_na,nd_ni||cr_na,True,1.3070381833565992e-07,0.0434923096664256,False,,,True,7.798156982768223e-38,0.0470528867238751,2
nd_ti,nd_ba,nd_ti||nd_ba,True,1.308727071922347e-07,0.0523935199371427,False,,,True,5.984449075960481e-29,0.0395253494264346,2
ni_y,k_nd,ni_y||k_nd,True,1.3111029461290332e-07,0.0480837536556168,False,,,False,,,1
si_ca,si_v,si_ca||si_v,True,1.311816150095216e-07,0.0235678669600075,True,4.75886650983236e-05,0.0145396791351742,False,,,2
v_cu,y_mn,v_cu||y_mn,True,1.3130024167576576e-07,0.0367586619276422,False,,,False,,,1
ba_ti,si_nd,ba_ti||si_nd,True,1.3137530880397948e-07,0.050754187179932,False,,,False,,,1
nd_ca,na_ti,nd_ca||na_ti,True,1.3271336884139765e-07,0.0462645125417041,False,,,True,4.630388762015145e-25,0.0298086510176131,2
co_y,nd_ni,co_y||nd_ni,True,1.327544216190362e-07,0.0443087976874143,False,,,False,,,1
nd_ca,na_ni,nd_ca||na_ni,True,1.328552785121548e-07,0.0461091253733886,False,,,False,,,1
nd_ni,si_ni,nd_ni||si_ni,True,1.3309789583947806e-07,0.0424655716740411,False,,,False,,,1
nd_na,si_na,nd_na||si_na,True,1.3644788182872364e-07,0.0525918786527357,False,,,True,2.7844555147717008e-36,0.0570189789827837,2
na_cu,y_mn,na_cu||y_mn,True,1.385369875209657e-07,0.037623247744904,False,,,False,,,1
sc_cu,nd_na,sc_cu||nd_na,True,1.388795818238023e-07,0.0547358439147693,False,,,True,1.345269338747892e-34,0.0555718784459323,2
co_ba,si_nd,co_ba||si_nd,True,1.4019265816352005e-07,0.0514482918871263,False,,,False,,,1
cr_y,si_na,cr_y||si_na,True,1.4064841111483457e-07,0.0316369022689124,False,,,True,4.9424572562755644e-26,0.0247713778820589,2
nd_ca,ba_y,nd_ca||ba_y,True,1.4194283025633666e-07,0.0480152634070618,False,,,False,,,1
nd_ca,co_na,nd_ca||co_na,True,1.429659681871368e-07,0.0459442257934917,False,,,False,,,1
sc_nd,co_nd,sc_nd||co_nd,True,1.4347833086910166e-07,0.0599404985589872,False,,,False,,,1
v_ca,nd_ti,v_ca||nd_ti,True,1.437237320002814e-07,0.0427475814206955,True,0.0004152606929747,0.0165889057512894,False,,,2
v_ca,si_ni,v_ca||si_ni,True,1.460319581532864e-07,0.0228350798242269,True,3.4670258526263e-07,0.0237693731935125,False,,,2
si_mn,zn_ni,si_mn||zn_ni,True,1.4888799780078706e-07,0.0312283862044781,False,,,False,,,1
zn_ca,sc_nd,zn_ca||sc_nd,True,1.4916926814888454e-07,0.0432940634573463,False,,,False,,,1
mn_ca,nd_ni,mn_ca||nd_ni,True,1.4957328743929577e-07,0.0421215761844218,False,,,False,,,1
nd_ti,cr_k,nd_ti||cr_k,True,1.4998629646129228e-07,0.0422944738683986,False,,,False,,,1
ca_cu,nd_na,ca_cu||nd_na,True,1.5323540115008977e-07,0.0525101810433921,False,,,True,7.576459796087245e-36,0.0564143919652795,2
y_mn,k_ni,y_mn||k_ni,True,1.5428879385946768e-07,0.0352826277002887,False,,,False,,,1
sc_mn,nd_zn,sc_mn||nd_zn,True,1.5504478836254346e-07,0.05213005727905,False,,,False,,,1
y_mn,si_ba,y_mn||si_ba,True,1.571458412445437e-07,0.041426824180552,False,,,False,,,1
na_ca,cr_y,na_ca||cr_y,True,1.597670733059012e-07,0.0321057282673283,False,,,True,3.3235964062758835e-35,0.0381737225447477,2
sc_ca,si_mn,sc_ca||si_mn,True,1.6184656316569654e-07,0.0249880579464502,False,,,False,,,1
na_ti,nd_na,na_ti||nd_na,True,1.620178664939307e-07,0.0530160980941413,False,,,True,2.0449128519342185e-39,0.0644976606615634,2
nd_ca,co_ca,nd_ca||co_ca,True,1.6218880835800953e-07,0.045141314650315,True,0.0005014519530032,0.0166822846585297,False,,,2
nd_cu,si_mn,nd_cu||si_mn,True,1.6239944795232166e-07,0.0544866334511667,False,,,True,3.417876742056e-27,0.040673036403152,2
na_mn,cr_k,na_mn||cr_k,True,1.626175090118543e-07,0.0296245124891182,False,,,True,9.206928251706672e-36,0.0342019213658859,2
si_cu,cr_y,si_cu||cr_y,True,1.638750904355309e-07,0.0324562905689571,False,,,False,,,1
v_cu,si_mn,v_cu||si_mn,True,1.6545643764721705e-07,0.0298405406441071,False,,,False,,,1
si_mn,cr_v,si_mn||cr_v,True,1.6569351926989826e-07,0.0270246772477463,False,,,False,,,1
na_ti,cr_y,na_ti||cr_y,True,1.6616309020929757e-07,0.0313800350165884,False,,,True,2.2558547066309742e-34,0.0349133914313889,2
ba_ca,si_nd,ba_ca||si_nd,True,1.6726475049787369e-07,0.0514220224332893,False,,,False,,,1
nd_ca,co_ni,nd_ca||co_ni,True,1.6726874993971328e-07,0.0457150243843873,False,,,False,,,1
nd_ni,co_si,nd_ni||co_si,True,1.6971790879695278e-07,0.0414206781880641,False,,,False,,,1
ni_y,nd_zn,ni_y||nd_zn,True,1.708319038983187e-07,0.0513474676812193,False,,,False,,,1
ba_y,cr_y,ba_y||cr_y,True,1.7124085072592789e-07,0.0355958594203919,False,,,False,,,1
nd_cu,nd_na,nd_cu||nd_na,True,1.7167530283675668e-07,0.0726715710258876,False,,,True,2.648060851398094e-32,0.0669592530917171,2
k_nd,cr_sc,k_nd||cr_sc,True,1.720417192961074e-07,0.04774332996632,False,,,False,,,1
ti_mn,co_si,ti_mn||co_si,True,1.7540320112629654e-07,0.0209118516872716,True,0.0005618674446109,0.0084565759852314,False,,,2
co_y,k_nd,co_y||k_nd,True,1.757689874198217e-07,0.0479335007908129,False,,,False,,,1
zn_y,sc_nd,zn_y||sc_nd,True,1.764184145773243e-07,0.0449139130865618,False,,,False,,,1
mn_cu,cr_si,mn_cu||cr_si,True,1.7699547947852917e-07,0.0265075733403328,False,,,True,1.7335225934003518e-29,0.0236682561869843,2
ni_ca,nd_ca,ni_ca||nd_ca,True,1.7783276454167529e-07,0.0455602048960883,False,,,False,,,1
ni_cu,y_mn,ni_cu||y_mn,True,1.786933061643691e-07,0.0347108289626214,False,,,False,,,1
k_ca,nd_na,k_ca||nd_na,True,1.7890198733020365e-07,0.0511640158821802,False,,,True,2.9812622456640744e-35,0.0530488492789355,2
ti_ca,nd_ca,ti_ca||nd_ca,True,1.789244963054517e-07,0.0455751926491717,False,,,False,,,1
cr_ba,sc_nd,cr_ba||sc_nd,True,1.7923091349384697e-07,0.046838676830277,False,,,False,,,1
nd_mn,si_nd,nd_mn||si_nd,True,1.7927946426858466e-07,0.0636014543587103,False,,,False,,,1
nd_ca,cr_mn,nd_ca||cr_mn,True,1.792916949881707e-07,0.0449795430326188,False,,,False,,,1
zn_ni,cr_si,zn_ni||cr_si,True,1.799267245463122e-07,0.0304384982028698,False,,,False,,,1
nd_v,sc_nd,nd_v||sc_nd,True,1.8119771005014865e-07,0.0555923916335758,False,,,False,,,1
si_cu,nd_ti,si_cu||nd_ti,True,1.8126560818107556e-07,0.0422946390909058,False,,,False,,,1
k_zn,sc_nd,k_zn||sc_nd,True,1.819661505503821e-07,0.0442560474020956,False,,,False,,,1
y_mn,v_zn,y_mn||v_zn,True,1.8355135922125642e-07,0.040084373435306,False,,,False,,,1
ti_mn,ni_y,ti_mn||ni_y,True,1.8448845876901597e-07,0.0278109360618775,False,,,False,,,1
cr_cu,si_mn,cr_cu||si_mn,True,1.8536644930990948e-07,0.0274895548303656,False,,,True,3.5505328356821855e-27,0.0227989649031408,2
sc_zn,nd_na,sc_zn||nd_na,True,1.8777155366169165e-07,0.0518358126400886,False,,,True,4.955537943114834e-34,0.0513724824316302,2
sc_mn,k_nd,sc_mn||k_nd,True,1.895567875794301e-07,0.0473287288536679,False,,,False,,,1
ba_v,sc_nd,ba_v||sc_nd,True,1.909630118493688e-07,0.0459788129335548,False,,,False,,,1
mn_cu,cr_y,mn_cu||cr_y,True,1.9254044862523034e-07,0.0310130091247666,False,,,True,2.9550016146362753e-31,0.0299595169942146,2
si_ti,cr_sc,si_ti||cr_sc,True,1.9335967815284466e-07,0.0205370784423168,True,0.0006215474667843,0.0079969523231622,False,,,2
sc_mn,si_ni,sc_mn||si_ni,True,1.967891438377756e-07,0.026127572662671,True,0.0001191952998801,0.0123237752427,False,,,2
na_ca,nd_ca,na_ca||nd_ca,True,1.9746408458326878e-07,0.0453338642806944,True,0.000259393913546,0.0201092084156875,True,4.2599195265703635e-28,0.0346778978003919,3
si_cu,si_mn,si_cu||si_mn,True,1.980321923249381e-07,0.0294730052905361,True,0.000522787663924,0.0126022207120831,False,,,2
nd_ca,nd_ti,nd_ca||nd_ti,True,1.9919430396079912e-07,0.0620490699889718,False,,,False,,,1
nd_ba,k_nd,nd_ba||k_nd,True,1.99768210719965e-07,0.052727073141492,False,,,False,,,1
cr_ca,cr_na,cr_ca||cr_na,True,2.022496256050383e-07,0.026150132348566,False,,,True,3.1104630649888406e-41,0.0370941391072419,2
zn_mn,v_y,zn_mn||v_y,True,2.0227072566829045e-07,0.0367199785711165,False,,,False,,,1
nd_ti,cr_ni,nd_ti||cr_ni,True,2.0266861770357186e-07,0.041517006539892,False,,,False,,,1
nd_ti,sc_v,nd_ti||sc_v,True,2.02893268246155e-07,0.0429909972567336,True,0.0003209614299567,0.0179849601858662,False,,,2
ba_cu,si_nd,ba_cu||si_nd,True,2.0335915850168986e-07,0.054692316650346,False,,,False,,,1
k_nd,co_si,k_nd||co_si,True,2.036415091334441e-07,0.0471298360786856,False,,,False,,,1
nd_zn,cr_na,nd_zn||cr_na,True,2.051819008832524e-07,0.0515079798673108,False,,,True,4.8778681917907785e-31,0.0423934875268164,2
cr_ti,ni_y,cr_ti||ni_y,True,2.0521314893752638e-07,0.0261282796351379,False,,,False,,,1
ni_cu,nd_ca,ni_cu||nd_ca,True,2.0551122386330877e-07,0.0449040295508153,False,,,False,,,1
ca_cu,nd_ca,ca_cu||nd_ca,True,2.087163018649101e-07,0.0448148967149296,True,0.0003068545028558,0.0190318115637426,False,,,2
nd_ti,cr_zn,nd_ti||cr_zn,True,2.114877462181345e-07,0.043348600513064,False,,,False,,,1
nd_ba,cr_sc,nd_ba||cr_sc,True,2.1258804533306066e-07,0.0401425179671381,False,,,True,3.6097118082819348e-28,0.0309557489583287,2
k_ti,nd_na,k_ti||nd_na,True,2.1623591055747897e-07,0.0504251561973736,False,,,True,1.4109953441958537e-35,0.0536084568226494,2
cr_na,k_nd,cr_na||k_nd,True,2.166952025610005e-07,0.0472854199827632,False,,,True,2.2912077800956523e-30,0.0385723425071204,2
ba_ni,sc_nd,ba_ni||sc_nd,True,2.1710138553120287e-07,0.0444977336405847,False,,,False,,,1
nd_ca,sc_ca,nd_ca||sc_ca,True,2.182711887581063e-07,0.0451760830992473,False,,,False,,,1
ba_mn,sc_nd,ba_mn||sc_nd,True,2.183835646117584e-07,0.0478454052963057,False,,,False,,,1
si_mn,cr_nd,si_mn||cr_nd,True,2.184755443246545e-07,0.0412278312787082,False,,,False,,,1
co_y,nd_zn,co_y||nd_zn,True,2.201534806523145e-07,0.0508857767515086,False,,,False,,,1
mn_cu,nd_ti,mn_cu||nd_ti,True,2.2018421028157345e-07,0.0416085792765822,False,,,True,3.1174924028564747e-27,0.0307673882698218,2
cr_y,nd_v,cr_y||nd_v,True,2.202692028963115e-07,0.0439610513440653,False,,,True,1.2133696534044292e-30,0.0394046026786209,2
k_mn,nd_ti,k_mn||nd_ti,True,2.215493558651705e-07,0.0420663140746077,False,,,False,,,1
cr_ca,co_y,cr_ca||co_y,True,2.2259843500017969e-07,0.0290070928349511,False,,,False,,,1
si_mn,sc_k,si_mn||sc_k,True,2.291313725257023e-07,0.0250231473754924,False,,,False,,,1
y_ti,cr_y,y_ti||cr_y,True,2.296604144309348e-07,0.0372442796371374,False,,,False,,,1
nd_zn,cr_sc,nd_zn||cr_sc,True,2.3380757157631058e-07,0.0505357014813547,False,,,False,,,1
zn_ni,nd_na,zn_ni||nd_na,True,2.372701713247055e-07,0.050269475933115,False,,,True,1.1141614953250984e-33,0.0504289449191917,2
si_ni,k_nd,si_ni||k_nd,True,2.3783712884238337e-07,0.0471067858823256,False,,,False,,,1
zn_ti,nd_na,zn_ti||nd_na,True,2.3819715304739697e-07,0.0503142667984229,False,,,True,5.1380073737807715e-34,0.0509829563351308,2
na_mn,v_ti,na_mn||v_ti,True,2.445351767685083e-07,0.0275322625839891,False,,,True,2.515186287611356e-36,0.0352927782669758,2
si_mn,na_ti,si_mn||na_ti,True,2.454887413292037e-07,0.0271515838976672,False,,,True,3.5169059287366385e-33,0.0299643559922419,2
nd_ca,sc_si,nd_ca||sc_si,True,2.455945893141756e-07,0.0443467571399026,False,,,False,,,1
v_mn,cr_y,v_mn||cr_y,True,2.4559552653283465e-07,0.0302374009558173,False,,,False,,,1
sc_ca,cr_y,sc_ca||cr_y,True,2.482731033714754e-07,0.0287984092626438,False,,,False,,,1
ti_mn,nd_ni,ti_mn||nd_ni,True,2.501455493820002e-07,0.0404991874586504,False,,,False,,,1
v_ca,v_y,v_ca||v_y,True,2.509976447312952e-07,0.0317472332607136,True,1.6119762690699204e-05,0.0224867746998811,False,,,2
nd_na,sc_na,nd_na||sc_na,True,2.517848207642988e-07,0.0533183456357932,False,,,True,1.3800562246815982e-38,0.0657342759157009,2
na_mn,cr_ni,na_mn||cr_ni,True,2.51948900656548e-07,0.0268905185155221,False,,,True,5.052150519419664e-41,0.0399103138154606,2
sc_ca,cr_si,sc_ca||cr_si,True,2.520487956133136e-07,0.0235321563628194,False,,,False,,,1
nd_ca,sc_k,nd_ca||sc_k,True,2.5215166465738724e-07,0.044143918906951,False,,,False,,,1
co_y,cr_sc,co_y||cr_sc,True,2.535286334432237e-07,0.0294907056951257,False,,,False,,,1
k_ni,nd_na,k_ni||nd_na,True,2.564215077271574e-07,0.0501292327030605,False,,,True,1.715283641967165e-34,0.0522739008186894,2
y_mn,si_y,y_mn||si_y,True,2.587666581078071e-07,0.0383607660953897,False,,,False,,,1
v_ti,si_ni,v_ti||si_ni,True,2.6379205371258186e-07,0.0195039154158673,True,5.227489083077304e-06,0.0159485743768611,False,,,2
cr_ca,cr_sc,cr_ca||cr_sc,True,2.649195369326964e-07,0.0209719673692019,True,7.027157394812707e-05,0.0110889769205861,False,,,2
si_v,co_nd,si_v||co_nd,True,2.650611571627965e-07,0.0439609121661594,False,,,False,,,1
co_cu,y_mn,co_cu||y_mn,True,2.6560862763783455e-07,0.0333227323503386,False,,,False,,,1
y_ca,nd_na,y_ca||nd_na,True,2.6870465819778105e-07,0.0501719027622723,False,,,True,4.728616410653748e-40,0.061634347960902,2
nd_ca,cr_v,nd_ca||cr_v,True,2.695317108153685e-07,0.043861164439217,False,,,False,,,1
nd_na,co_nd,nd_na||co_nd,True,2.709992420234342e-07,0.0645476606957941,False,,,True,9.749788977587648e-34,0.0634539280112784,2
v_mn,si_mn,v_mn||si_mn,True,2.7128663596596306e-07,0.0282234191240333,False,,,False,,,1
nd_zn,co_si,nd_zn||co_si,True,2.721714003579869e-07,0.0501156233258211,False,,,False,,,1
co_y,si_ni,co_y||si_ni,True,2.7331531204490773e-07,0.0282383008711349,False,,,False,,,1
mn_ca,nd_zn,mn_ca||nd_zn,True,2.741210588889943e-07,0.0500108682748646,False,,,False,,,1
co_zn,nd_na,co_zn||nd_na,True,2.746302054217479e-07,0.0503371277051641,False,,,True,3.7562200674539216e-33,0.0498672267806811,2
ba_y,si_v,ba_y||si_v,True,2.748821614866072e-07,0.0315629842579486,True,9.895898854217844e-05,0.0168373875012798,False,,,2
v_y,nd_ba,v_y||nd_ba,True,2.754881001209132e-07,0.0412329681581934,False,,,True,1.3846294546723204e-25,0.0296787976437097,2
na_mn,cr_na,na_mn||cr_na,True,2.782352749888669e-07,0.0348977634085149,False,,,True,3.0212569723129845e-44,0.0583577105002374,2
si_ni,nd_zn,si_ni||nd_zn,True,2.793799714319812e-07,0.0506029884046346,False,,,False,,,1
v_zn,nd_na,v_zn||nd_na,True,2.8325750877743333e-07,0.0509901261705712,False,,,True,5.454235924079965e-32,0.0486771111924653,2
sc_y,nd_na,sc_y||nd_na,True,2.840073813164643e-07,0.0493915437916167,False,,,True,1.1692336605761292e-39,0.0610561224463982,2
y_mn,co_zn,y_mn||co_zn,True,2.8448707642074933e-07,0.0360512604578251,False,,,False,,,1
cr_ca,nd_ni,cr_ca||nd_ni,True,2.8691469885733685e-07,0.0401196491712746,False,,,False,,,1
nd_cu,cr_si,nd_cu||cr_si,True,2.869947172510292e-07,0.0525935910458383,False,,,True,4.1139311523049676e-26,0.0391766793814273,2
zn_mn,nd_ni,zn_mn||nd_ni,True,2.893214473875813e-07,0.0427453665023257,False,,,False,,,1
zn_mn,si_ni,zn_mn||si_ni,True,2.914136760243884e-07,0.0306065166011364,False,,,False,,,1
nd_ca,v_mn,nd_ca||v_mn,True,2.934102714093061e-07,0.0434220956888975,False,,,False,,,1
sc_mn,nd_ba,sc_mn||nd_ba,True,2.941322837361359e-07,0.0401587054847843,False,,,True,2.651617372880816e-27,0.0304726798930814,2
si_ca,nd_ti,si_ca||nd_ti,True,3.0331504478475375e-07,0.04006116602771,False,,,False,,,1
nd_na,co_k,nd_na||co_k,True,3.057732101953227e-07,0.0498052036660409,False,,,True,1.1400153843542102e-34,0.0527621191604108,2
cr_si,sc_k,cr_si||sc_k,True,3.0729784462776144e-07,0.0235376323989399,False,,,False,,,1
na_mn,si_ti,na_mn||si_ti,True,3.080260241996928e-07,0.0265514097133366,False,,,True,1.806150999196693e-39,0.0379303130139128,2
na_mn,nd_ba,na_mn||nd_ba,True,3.092779639373306e-07,0.0398672624483602,False,,,True,1.1859613529423656e-42,0.0534409703103995,2
v_ca,ni_y,v_ca||ni_y,True,3.127115055594116e-07,0.0273273381230002,True,3.818552198541363e-05,0.0184583274951632,False,,,2
co_y,cr_na,co_y||cr_na,True,3.139402559027066e-07,0.0305548563222784,False,,,True,1.8009903403899188e-33,0.0339949942805174,2
si_mn,k_ti,si_mn||k_ti,True,3.151650443732828e-07,0.0256376396391732,False,,,False,,,1
si_mn,si_na,si_mn||si_na,True,3.1695947448957133e-07,0.0272060572345063,True,0.0006159753372606,0.012547477706969,False,,,2
nd_ca,nd_zn,nd_ca||nd_zn,True,3.1729845497662784e-07,0.0619141426755087,False,,,False,,,1
co_si,cr_k,co_si||cr_k,True,3.22546518335147e-07,0.0227346888932805,True,5.063766613968115e-05,0.0134991575579519,False,,,2
na_mn,co_nd,na_mn||co_nd,True,3.237978304854704e-07,0.0437923875361377,False,,,True,3.4142045999145924e-39,0.051069496036893,2
y_ti,k_nd,y_ti||k_nd,True,3.2426024292726925e-07,0.0452352616222704,False,,,False,,,1
cr_y,cr_v,cr_y||cr_v,True,3.2493856343901185e-07,0.0292911563178557,False,,,False,,,1
y_mn,zn_ti,y_mn||zn_ti,True,3.275790989440689e-07,0.0344832988082956,False,,,False,,,1
si_cu,cr_si,si_cu||cr_si,True,3.289513921824321e-07,0.0272395150370739,True,0.0003441316177994,0.0126422509948189,False,,,2
nd_ca,nd_ni,nd_ca||nd_ni,True,3.2996652204951825e-07,0.0582554344452829,False,,,False,,,1
nd_ti,sc_ti,nd_ti||sc_ti,True,3.32733790027393e-07,0.0399745898285706,False,,,False,,,1
mn_ca,cr_sc,mn_ca||cr_sc,True,3.342102253767416e-07,0.0233328067685004,True,8.231194063942728e-05,0.0123842134103119,False,,,2
cr_ti,cr_sc,cr_ti||cr_sc,True,3.346862601829515e-07,0.0197573326514771,True,0.0003782490118271,0.0082576223785202,False,,,2
ni_cu,si_mn,ni_cu||si_mn,True,3.350178243043911e-07,0.0261028410704795,False,,,False,,,1
sc_nd,cr_nd,sc_nd||cr_nd,True,3.370105184428051e-07,0.0548959197747387,False,,,False,,,1
v_ca,co_si,v_ca||co_si,True,3.3822470431385534e-07,0.0217466706547281,True,2.412690460502323e-07,0.0248207232369767,False,,,2
ni_mn,v_y,ni_mn||v_y,True,3.4029743166433826e-07,0.0297499199935992,False,,,False,,,1
nd_ca,co_v,nd_ca||co_v,True,3.4139907626559285e-07,0.0427423239733759,False,,,False,,,1
zn_mn,na_mn,zn_mn||na_mn,True,3.4408436174738565e-07,0.033979931425667,False,,,True,4.455775944006933e-31,0.0332176024240345,2
cr_y,zn_ni,cr_y||zn_ni,True,3.449652329871151e-07,0.0317620927964659,False,,,False,,,1
na_mn,ni_ti,na_mn||ni_ti,True,3.464032493306887e-07,0.0260065838173035,False,,,True,7.185602030984407e-39,0.0372350188939929,2
nd_ca,k_ni,nd_ca||k_ni,True,3.467803341931159e-07,0.0437148096669799,False,,,False,,,1
nd_cu,sc_mn,nd_cu||sc_mn,True,3.485249893128031e-07,0.0520347701464174,False,,,False,,,1
y_ti,nd_ni,y_ti||nd_ni,True,3.543414600225639e-07,0.0398774882581974,False,,,True,4.6264229457833504e-26,0.0304160080548272,2
ni_mn,na_mn,ni_mn||na_mn,True,3.543560800066521e-07,0.0277455578593891,False,,,True,3.974339290348819e-38,0.0386860030417394,2
v_ti,nd_ti,v_ti||nd_ti,True,3.5775642695991e-07,0.039521725151821,False,,,False,,,1
cr_nd,cr_si,cr_nd||cr_si,True,3.606526301652437e-07,0.0395089198317392,False,,,False,,,1
si_ba,sc_nd,si_ba||sc_nd,True,3.613415692036197e-07,0.0439768152691471,False,,,False,,,1
y_mn,co_k,y_mn||co_k,True,3.615145070989082e-07,0.034040686050184,False,,,False,,,1
nd_cu,si_v,nd_cu||si_v,True,3.62409453786846e-07,0.0514359728020176,False,,,False,,,1
co_mn,nd_ti,co_mn||nd_ti,True,3.651875962181265e-07,0.039324499638559,False,,,False,,,1
cr_ti,nd_ni,cr_ti||nd_ni,True,3.666759535793758e-07,0.0396124921872996,False,,,False,,,1
sc_cu,nd_ca,sc_cu||nd_ca,True,3.728652688168413e-07,0.0451925968065066,True,0.0003646047587606,0.019079930265008,False,,,2
si_v,co_na,si_v||co_na,True,3.738864683887572e-07,0.0253072558625856,True,0.0003198157016296,0.012872441217586,False,,,2
co_cu,si_mn,co_cu||si_mn,True,3.745336036562693e-07,0.0253329646937021,False,,,False,,,1
ba_y,nd_ba,ba_y||nd_ba,True,3.747188504180861e-07,0.0411227463257676,False,,,True,5.001381513472113e-27,0.0317436391531094,2
na_mn,cr_zn,na_mn||cr_zn,True,3.777896299295295e-07,0.0322120408754386,False,,,True,1.4575337735505238e-32,0.0333736500351499,2
k_ca,si_mn,k_ca||si_mn,True,3.803324938893341e-07,0.0255773627860516,False,,,False,,,1
nd_zn,nd_ba,nd_zn||nd_ba,True,3.888493938321124e-07,0.0539653630436799,False,,,True,3.9168442379584208e-25,0.0370018544989855,2
cr_ti,cr_na,cr_ti||cr_na,True,3.904394881106105e-07,0.0244063761635242,False,,,True,6.877188804950076e-44,0.0400129147049016,2
nd_ca,co_k,nd_ca||co_k,True,3.9207856460042326e-07,0.0435803593501024,False,,,False,,,1
si_cu,si_v,si_cu||si_v,True,3.925809356538822e-07,0.026006169774696,True,2.131260262620376e-06,0.0229655093004261,False,,,2
y_ti,nd_zn,y_ti||nd_zn,True,3.929461886950012e-07,0.0482202266968603,False,,,False,,,1
y_mn,nd_mn,y_mn||nd_mn,True,3.9715654845753794e-07,0.0463438519944424,False,,,False,,,1
ni_ti,nd_ti,ni_ti||nd_ti,True,3.972202670371913e-07,0.0395786438953109,False,,,False,,,1
sc_mn,co_nd,sc_mn||co_nd,True,3.991655395459112e-07,0.0430602621589895,False,,,False,,,1
ti_mn,nd_zn,ti_mn||nd_zn,True,4.0108638779082323e-07,0.0486948064813084,False,,,False,,,1
nd_ca,na_y,nd_ca||na_y,True,4.026105151500506e-07,0.0444541885584045,False,,,False,,,1
si_ti,cr_ti,si_ti||cr_ti,True,4.0372049838391257e-07,0.0161350820429866,False,,,False,,,1
cr_cu,nd_ti,cr_cu||nd_ti,True,4.040811104133985e-07,0.0403494693887009,False,,,False,,,1
na_zn,sc_nd,na_zn||sc_nd,True,4.046671651466424e-07,0.0414187822758251,False,,,False,,,1
si_ni,cr_zn,si_ni||cr_zn,True,4.051645765447187e-07,0.0287367710320798,False,,,False,,,1
si_v,co_v,si_v||co_v,True,4.083387801368354e-07,0.0225897522490512,True,2.41744300490666e-05,0.0150954413225951,False,,,2
cr_cu,cr_y,cr_cu||cr_y,True,4.1385831819265353e-07,0.0299926959709169,False,,,True,2.4018719968766088e-29,0.0288875064499262,2
nd_ti,co_sc,nd_ti||co_sc,True,4.166309682890376e-07,0.0396855715188172,False,,,False,,,1
nd_ca,k_nd,nd_ca||k_nd,True,4.21133022910937e-07,0.0599867116275494,False,,,False,,,1
nd_ni,na_v,nd_ni||na_v,True,4.215544905162696e-07,0.0399601423836808,False,,,True,1.611927371865795e-25,0.029730004767366,2
si_mn,nd_v,si_mn||nd_v,True,4.241001246335231e-07,0.0411875797802745,False,,,True,3.03651227293173e-26,0.0323410667365868,2
nd_cu,cr_sc,nd_cu||cr_sc,True,4.2425197555378905e-07,0.0512798161621108,False,,,False,,,1
k_ti,cr_y,k_ti||cr_y,True,4.243645428282973e-07,0.0286367885816361,False,,,False,,,1
si_ni,na_v,si_ni||na_v,True,4.258766996094911e-07,0.0232698577239841,False,,,False,,,1
ni_mn,ni_y,ni_mn||ni_y,True,4.289437853708206e-07,0.0250211463107437,False,,,False,,,1
si_mn,si_y,si_mn||si_y,True,4.290140717698273e-07,0.028481461069338,False,,,False,,,1
ni_ca,nd_ti,ni_ca||nd_ti,True,4.297725731896597e-07,0.0390735206263386,False,,,False,,,1
v_ca,cr_sc,v_ca||cr_sc,False,,,True,1.534530459934532e-07,0.0257132120490297,False,,,1
si_v,co_sc,si_v||co_sc,False,,,True,1.8236612520382195e-07,0.0254393014649167,False,,,1
si_v,sc_v,si_v||sc_v,False,,,True,2.4878597239619653e-07,0.0314680926718829,False,,,1
v_ca,co_sc,v_ca||co_sc,False,,,True,4.254389153547125e-07,0.0274510829480089,False,,,1
si_cu,v_ca,si_cu||v_ca,False,,,True,4.7379243483214084e-07,0.0273519923636556,False,,,1
sc_v,si_na,sc_v||si_na,False,,,True,4.836299935518964e-07,0.0308178412291555,False,,,1
si_v,sc_na,si_v||sc_na,False,,,True,4.881371040538879e-07,0.0309434540847605,True,4.9766197846790797e-26,0.0247245943415321,2
v_ca,sc_na,v_ca||sc_na,False,,,True,4.953853468784644e-07,0.0334199026744607,True,8.693498258104306e-25,0.0251061631124492,2
v_ca,sc_v,v_ca||sc_v,False,,,True,5.511181874594833e-07,0.0333773568271247,False,,,1
sc_v,co_si,sc_v||co_si,False,,,True,5.906672973224342e-07,0.0266444854132638,False,,,1
si_ni,sc_v,si_ni||sc_v,False,,,True,6.527936844630018e-07,0.0264221815810767,False,,,1
co_ca,sc_v,co_ca||sc_v,False,,,True,7.376251687316935e-07,0.0278399729946182,False,,,1
v_ca,sc_ti,v_ca||sc_ti,False,,,True,7.50216229264073e-07,0.0227178685944739,False,,,1
v_ca,si_na,v_ca||si_na,False,,,True,9.339247114492976e-07,0.0271718470217767,False,,,1
v_ca,cr_ti,v_ca||cr_ti,False,,,True,9.93921787181551e-07,0.0215785371745566,False,,,1
v_ca,cr_ca,v_ca||cr_ca,False,,,True,1.0601703151697272e-06,0.0224831979805425,False,,,1
v_ca,co_ca,v_ca||co_ca,False,,,True,1.1082930735413837e-06,0.0260249802117295,False,,,1
v_ca,sc_ni,v_ca||sc_ni,False,,,True,1.1453111163577964e-06,0.0250645712503394,False,,,1
v_ca,co_ti,v_ca||co_ti,False,,,True,1.1467000525627542e-06,0.0223803658752024,False,,,1
v_ca,v_ti,v_ca||v_ti,False,,,True,1.2925632509506e-06,0.0267949186001563,False,,,1
v_ca,sc_mn,v_ca||sc_mn,False,,,True,1.29617050723623e-06,0.0241839741420266,False,,,1
cr_ca,sc_v,cr_ca||sc_v,False,,,True,1.3208398808355586e-06,0.0250335306337605,False,,,1
sc_v,cr_sc,sc_v||cr_sc,False,,,True,1.6871543239105957e-06,0.0257744556875435,False,,,1
si_na,co_sc,si_na||co_sc,False,,,True,1.6940939963109096e-06,0.0250286817748654,False,,,1
co_ca,cr_sc,co_ca||cr_sc,False,,,True,1.8329781446739172e-06,0.0187326673483815,False,,,1
si_cu,sc_v,si_cu||sc_v,False,,,True,1.864365534057028e-06,0.0267534324993944,False,,,1
v_ca,co_ni,v_ca||co_ni,False,,,True,1.8764710137785808e-06,0.0202917532713701,False,,,1
v_ca,v_ni,v_ca||v_ni,False,,,True,1.9556518489654668e-06,0.022030713010578,False,,,1
sc_v,sc_na,sc_v||sc_na,False,,,True,2.008832518558506e-06,0.0328637427665352,False,,,1
co_ca,v_ti,co_ca||v_ti,False,,,True,2.0394389836396644e-06,0.0204847457723902,False,,,1
na_ca,sc_v,na_ca||sc_v,False,,,True,2.11265673383552e-06,0.0305574781383514,False,,,1
co_ca,sc_na,co_ca||sc_na,False,,,True,2.337975062000339e-06,0.0275202395544686,True,1.176624899936469e-27,0.0267733548218688,2
ti_ca,v_ca,ti_ca||v_ca,False,,,True,2.3857818236234657e-06,0.0210898135687536,False,,,1
v_ca,ni_ti,v_ca||ni_ti,False,,,True,2.503963511882205e-06,0.0212568269329299,False,,,1
v_ti,co_si,v_ti||co_si,False,,,True,2.6459168621596737e-06,0.0175802203919456,False,,,1
v_ti,cr_sc,v_ti||cr_sc,False,,,True,2.6544292136187245e-06,0.0178470098588151,False,,,1
si_cu,sc_na,si_cu||sc_na,False,,,True,2.7258599987459446e-06,0.0284937361217365,False,,,1
si_ni,co_sc,si_ni||co_sc,False,,,True,2.8008064523511354e-06,0.0183889117275341,False,,,1
ti_ca,sc_v,ti_ca||sc_v,False,,,True,2.892962793686088e-06,0.0232590689164182,False,,,1
sc_v,co_sc,sc_v||co_sc,False,,,True,2.9305813119185183e-06,0.0285742384392016,False,,,1
sc_na,co_si,sc_na||co_si,False,,,True,2.948699766886414e-06,0.0259748471449466,True,1.852672730336377e-26,0.0247434779429666,2
ti_cu,v_ca,ti_cu||v_ca,False,,,True,3.399404678823439e-06,0.0243166407028858,False,,,1
sc_na,co_sc,sc_na||co_sc,False,,,True,3.4042240397840133e-06,0.0283606622550686,True,5.34694323434576e-25,0.0258957261762676,2
co_si,co_sc,co_si||co_sc,False,,,True,3.4389083003189543e-06,0.0188648969209178,False,,,1
mn_ca,v_ca,mn_ca||v_ca,False,,,True,3.5239712512024545e-06,0.0216163521305702,False,,,1
ni_cu,v_ca,ni_cu||v_ca,False,,,True,3.6074686341618e-06,0.0213874155313625,False,,,1
v_ca,ti_mn,v_ca||ti_mn,False,,,True,3.613809463627445e-06,0.0199642948214782,False,,,1
v_ti,co_sc,v_ti||co_sc,False,,,True,3.688647988464465e-06,0.0211499076569511,False,,,1
sc_ni,co_si,sc_ni||co_si,False,,,True,3.748978894296159e-06,0.0168241874184227,False,,,1
ni_ca,sc_v,ni_ca||sc_v,False,,,True,3.914002967729791e-06,0.0240120614575474,False,,,1
co_ca,co_sc,co_ca||co_sc,False,,,True,4.0246659402963644e-06,0.0212439472053128,False,,,1
mn_ca,sc_v,mn_ca||sc_v,False,,,True,4.0390242143787344e-06,0.0233301894810592,False,,,1
cr_sc,co_sc,cr_sc||co_sc,False,,,True,4.378429284270688e-06,0.0193081783615581,False,,,1
v_ca,si_ti,v_ca||si_ti,False,,,True,4.483573074780685e-06,0.0195879317031592,False,,,1
ca_cu,si_v,ca_cu||si_v,False,,,True,4.487649500153308e-06,0.0246249412603362,False,,,1
v_ca,cr_k,v_ca||cr_k,False,,,True,4.56273510419858e-06,0.0213094329528211,False,,,1
na_ca,si_v,na_ca||si_v,False,,,True,4.594238411457978e-06,0.0255717816647894,True,1.7220641414693935e-27,0.0255105876523115,2
v_ca,cr_mn,v_ca||cr_mn,False,,,True,4.601784997477099e-06,0.0188976296814954,False,,,1
cr_ti,sc_v,cr_ti||sc_v,False,,,True,4.677613695488017e-06,0.0223283312924435,False,,,1
co_ti,sc_v,co_ti||sc_v,False,,,True,4.759397669773169e-06,0.0229708005451649,False,,,1
cr_ca,co_sc,cr_ca||co_sc,False,,,True,4.770817434662902e-06,0.0177906622303189,False,,,1
v_ca,sc_ca,v_ca||sc_ca,False,,,True,4.8199935724305794e-06,0.0202687725350411,False,,,1
sc_mn,sc_v,sc_mn||sc_v,False,,,True,5.014488968152778e-06,0.024981761129871,False,,,1
v_ca,na_y,v_ca||na_y,False,,,True,5.236454678864549e-06,0.0253599024865464,False,,,1
v_ca,ni_mn,v_ca||ni_mn,False,,,True,5.255538056904276e-06,0.0199909504244966,False,,,1
ca_cu,v_ca,ca_cu||v_ca,False,,,True,5.365559898158432e-06,0.0270799674511762,False,,,1
cr_ca,v_ti,cr_ca||v_ti,False,,,True,5.565080009747019e-06,0.0162219627989117,False,,,1
si_cu,v_ti,si_cu||v_ti,False,,,True,5.669428536494358e-06,0.0202992231345399,False,,,1
v_ti,sc_v,v_ti||sc_v,False,,,True,5.871789322893469e-06,0.0267477026589669,False,,,1
v_ca,na_ca,v_ca||na_ca,False,,,True,6.227042574583715e-06,0.027569463210238,True,1.3933653005306839e-25,0.02600860428431,2
co_ni,sc_v,co_ni||sc_v,False,,,True,6.308378555306726e-06,0.0215845528393603,False,,,1
v_ti,sc_na,v_ti||sc_na,False,,,True,6.429338472029615e-06,0.0259576521522316,True,3.635571591442182e-25,0.0251098907940352,2
si_ni,sc_na,si_ni||sc_na,False,,,True,6.643176889982743e-06,0.0240544719114257,True,2.1194687074401253e-28,0.0267789187376127,2
sc_ti,sc_v,sc_ti||sc_v,False,,,True,6.655679834762442e-06,0.0234818295069777,False,,,1
sc_ni,si_na,sc_ni||si_na,False,,,True,6.821013868917276e-06,0.0212924804917698,False,,,1
v_ca,cr_ni,v_ca||cr_ni,False,,,True,6.8606040721771895e-06,0.0197939966633039,False,,,1
si_v,si_na,si_v||si_na,False,,,True,6.914048344515092e-06,0.0220417512542881,False,,,1
co_ca,co_si,co_ca||co_si,False,,,True,6.920600857721951e-06,0.0172575385767941,False,,,1
si_cu,co_ca,si_cu||co_ca,False,,,True,7.185453617265552e-06,0.0203541321430206,False,,,1
co_ca,v_ni,co_ca||v_ni,False,,,True,7.389772701868253e-06,0.0158377345238263,False,,,1
co_ca,si_na,co_ca||si_na,False,,,True,7.453868614356564e-06,0.0213250031768528,False,,,1
na_ca,co_sc,na_ca||co_sc,False,,,True,7.696852741581414e-06,0.0250342744445177,True,2.0780848566514175e-27,0.0264913200246492,2
na_y,sc_v,na_y||sc_v,False,,,True,7.79289475626978e-06,0.026005552718001,False,,,1
sc_na,cr_sc,sc_na||cr_sc,False,,,True,7.808031167499358e-06,0.0244855993475947,True,5.43976148838293e-29,0.0283736770022814,2
ca_cu,sc_v,ca_cu||sc_v,False,,,True,7.869964603602648e-06,0.0267114848375319,False,,,1
si_ni,sc_ni,si_ni||sc_ni,False,,,True,7.916202302990303e-06,0.0151248588521733,False,,,1
ni_ca,v_ca,ni_ca||v_ca,False,,,True,8.06920093011247e-06,0.021898671851812,False,,,1
ti_mn,sc_v,ti_mn||sc_v,False,,,True,8.203987902870817e-06,0.0212030673292056,False,,,1
si_cu,co_sc,si_cu||co_sc,False,,,True,8.28811492158929e-06,0.0204633534882848,False,,,1
co_ca,sc_ni,co_ca||sc_ni,False,,,True,8.435165697012253e-06,0.0179564717048067,False,,,1
si_ti,sc_v,si_ti||sc_v,False,,,True,8.817246412441598e-06,0.021596533498465,False,,,1
v_ni,co_sc,v_ni||co_sc,False,,,True,8.819852342731007e-06,0.0171195890396893,False,,,1
v_ca,co_v,v_ca||co_v,False,,,True,8.90416853275476e-06,0.0190861774366422,False,,,1
na_ni,sc_v,na_ni||sc_v,False,,,True,8.945213143719408e-06,0.0225904474069277,False,,,1
sc_cu,v_ca,sc_cu||v_ca,False,,,True,8.98147164364888e-06,0.0258728538663358,False,,,1
co_ca,si_ni,co_ca||si_ni,False,,,True,9.148264839484866e-06,0.0155255183348823,False,,,1
ni_ti,sc_v,ni_ti||sc_v,False,,,True,9.171211850367865e-06,0.0216374771315424,False,,,1
v_ca,na_ni,v_ca||na_ni,False,,,True,9.333632339731025e-06,0.0203556082122863,False,,,1
sc_ni,sc_v,sc_ni||sc_v,False,,,True,9.597873569417753e-06,0.0253565473253286,False,,,1
v_ni,sc_v,v_ni||sc_v,False,,,True,9.828945283985432e-06,0.0228342370794538,False,,,1
si_na,cr_sc,si_na||cr_sc,False,,,True,9.831960938940244e-06,0.0200098154510634,False,,,1
cr_ca,sc_na,cr_ca||sc_na,False,,,True,1.0212590361156e-05,0.0231772920255561,True,7.398778031120659e-28,0.0263909780527212,2
ca_cu,sc_na,ca_cu||sc_na,False,,,True,1.02339447660491e-05,0.0281824797660725,True,1.2675536404753397e-25,0.0289865253452746,2
v_ca,na_ti,v_ca||na_ti,False,,,True,1.0381735293025678e-05,0.0231095641773137,False,,,1
na_ti,sc_v,na_ti||sc_v,False,,,True,1.0553889604333175e-05,0.0245160457342842,False,,,1
co_cu,v_ca,co_cu||v_ca,False,,,True,1.0620331135568654e-05,0.0197548827608666,False,,,1
v_ca,co_mn,v_ca||co_mn,False,,,True,1.0667072418925618e-05,0.0190763879497197,False,,,1
sc_ca,sc_v,sc_ca||sc_v,False,,,True,1.0778172750350489e-05,0.0220794351786295,False,,,1
v_ti,si_na,v_ti||si_na,False,,,True,1.096637241542222e-05,0.020424968376775,False,,,1
ti_cu,si_v,ti_cu||si_v,False,,,True,1.0992046198785024e-05,0.0195699986780893,False,,,1
ti_ca,co_sc,ti_ca||co_sc,False,,,True,1.1271989278368184e-05,0.0157987335045437,False,,,1
co_ca,sc_ti,co_ca||sc_ti,False,,,True,1.179254414010748e-05,0.0151416746631831,False,,,1
v_cu,v_ca,v_cu||v_ca,False,,,True,1.1978307115027395e-05,0.0207155447480287,False,,,1
si_cu,na_ca,si_cu||na_ca,False,,,True,1.246198354298046e-05,0.0244759875191368,False,,,1
ni_ca,sc_na,ni_ca||sc_na,False,,,True,1.2893312577466042e-05,0.0234161765495522,True,1.853162434856669e-26,0.0255820043229844,2
sc_cu,si_v,sc_cu||si_v,False,,,True,1.3270647994141675e-05,0.0229072813893111,False,,,1
v_ca,co_cr,v_ca||co_cr,False,,,True,1.3490964676465472e-05,0.0184365936108829,False,,,1
sc_mn,sc_na,sc_mn||sc_na,False,,,True,1.3651183211149036e-05,0.0241419920877607,True,1.0430009601165376e-26,0.0272194553200454,2
v_ca,co_k,v_ca||co_k,False,,,True,1.3944697995511986e-05,0.0234270928273945,False,,,1
cr_mn,sc_v,cr_mn||sc_v,False,,,True,1.3993250565194391e-05,0.0200074810364319,False,,,1
sc_ni,sc_na,sc_ni||sc_na,False,,,True,1.417768059378632e-05,0.0246469241139942,False,,,1
ca_cu,si_na,ca_cu||si_na,False,,,True,1.4517072266492673e-05,0.0238251361284692,False,,,1
v_ni,sc_na,v_ni||sc_na,False,,,True,1.542927631332896e-05,0.0225162903145073,True,2.2895614884192703e-26,0.0252438405118134,2
sc_cu,si_na,sc_cu||si_na,False,,,True,1.5445138613992882e-05,0.0243732097529116,False,,,1
ti_ca,sc_na,ti_ca||sc_na,False,,,True,1.5727400869222376e-05,0.0220819224593822,True,2.140381924241137e-28,0.0268800822165781,2
mn_ca,sc_na,mn_ca||sc_na,False,,,True,1.611060848696824e-05,0.0225344131559155,True,7.16388421795752e-27,0.0258239128757482,2
sc_na,cr_si,sc_na||cr_si,False,,,True,1.627495270242033e-05,0.0227733256761694,True,1.2235756394650796e-32,0.0323501033688406,2
co_ca,sc_mn,co_ca||sc_mn,False,,,True,1.6524662130066074e-05,0.0174089173653534,False,,,1
ti_cu,sc_v,ti_cu||sc_v,False,,,True,1.6978484591757474e-05,0.0228654759024712,False,,,1
si_cu,si_na,si_cu||si_na,False,,,True,1.7068913320633782e-05,0.0214975383408166,False,,,1
sc_v,cr_k,sc_v||cr_k,False,,,True,1.714425894218744e-05,0.0213163166634222,False,,,1
mn_cu,v_ca,mn_cu||v_ca,False,,,True,1.7525112225132906e-05,0.0198988598610946,False,,,1
ni_ca,co_sc,ni_ca||co_sc,False,,,True,1.772902500274619e-05,0.01692989901612,False,,,1
si_v,co_k,si_v||co_k,False,,,True,1.776881549237077e-05,0.0203225927578854,False,,,1
sc_v,co_v,sc_v||co_v,False,,,True,1.804309830783237e-05,0.020765118376146,False,,,1
sc_mn,co_sc,sc_mn||co_sc,False,,,True,1.811679249882437e-05,0.0189214737553674,False,,,1
sc_mn,v_ti,sc_mn||v_ti,False,,,True,1.8119458487966364e-05,0.0172339974538428,False,,,1
v_ti,sc_ni,v_ti||sc_ni,False,,,True,1.828072349899593e-05,0.017463557884538,False,,,1
mn_ca,co_sc,mn_ca||co_sc,False,,,True,1.828553377641055e-05,0.016859260743889,False,,,1
ni_mn,sc_v,ni_mn||sc_v,False,,,True,1.8629233612016092e-05,0.0198148037617934,False,,,1
v_ti,sc_ti,v_ti||sc_ti,False,,,True,1.888852380809176e-05,0.0144487730322772,False,,,1
cr_ni,sc_v,cr_ni||sc_v,False,,,True,1.8922987176836745e-05,0.0202974352240154,False,,,1
co_ti,sc_na,co_ti||sc_na,False,,,True,1.899298137927861e-05,0.022099073916906,True,2.67236683357696e-27,0.0262966061705224,2
cr_ti,co_sc,cr_ti||co_sc,False,,,True,1.919517686590337e-05,0.0149044363413867,False,,,1
co_ti,cr_sc,co_ti||cr_sc,False,,,True,1.930365264465506e-05,0.0124134920492165,False,,,1
sc_ni,cr_sc,sc_ni||cr_sc,False,,,True,1.954268479008826e-05,0.0154804906634702,False,,,1
v_ca,ba_y,v_ca||ba_y,False,,,True,1.960523094173957e-05,0.0212948224544325,False,,,1
na_ti,si_v,na_ti||si_v,False,,,True,1.9945313840247345e-05,0.0198000766747833,True,1.524374007968378e-25,0.0215168184226296,2
sc_ti,sc_na,sc_ti||sc_na,False,,,True,2.027035107543919e-05,0.0221708844143844,True,8.291165054031936e-27,0.0261947596494551,2
cr_cu,v_ca,cr_cu||v_ca,False,,,True,2.068409429121084e-05,0.0205906928606418,False,,,1
v_ca,zn_mn,v_ca||zn_mn,False,,,True,2.09773164244275e-05,0.0207323482592392,False,,,1
ti_ca,v_ti,ti_ca||v_ti,False,,,True,2.103393637401467e-05,0.0136266027017684,False,,,1
v_ca,k_mn,v_ca||k_mn,False,,,True,2.108432091154018e-05,0.0203252677174327,False,,,1
sc_mn,si_na,sc_mn||si_na,False,,,True,2.14066307815878e-05,0.0196785412214367,False,,,1
ni_cu,si_v,ni_cu||si_v,False,,,True,2.18859110820872e-05,0.0161251137890688,False,,,1
ni_cu,sc_v,ni_cu||sc_v,False,,,True,2.197914845083325e-05,0.0199920088595729,False,,,1
sc_ni,co_sc,sc_ni||co_sc,False,,,True,2.2087738816577277e-05,0.0192110195433495,False,,,1
co_v,co_sc,co_v||co_sc,False,,,True,2.221896904443239e-05,0.0154771560790708,False,,,1
na_y,si_v,na_y||si_v,False,,,True,2.2305829489706283e-05,0.0211369635053866,False,,,1
si_na,sc_na,si_na||sc_na,False,,,True,2.2403469808989555e-05,0.0256220873593156,True,2.1214997155903985e-25,0.0284299427268214,2
v_y,sc_na,v_y||sc_na,False,,,True,2.3140550783149607e-05,0.0239129537698594,False,,,1
si_mn,sc_na,si_mn||sc_na,False,,,True,2.329239393676012e-05,0.022080546763255,True,1.2271153374855123e-32,0.0324461519021862,2
v_ca,cr_v,v_ca||cr_v,False,,,True,2.3863497589046408e-05,0.021095832383239,False,,,1
ca_cu,v_ti,ca_cu||v_ti,False,,,True,2.4161175179647784e-05,0.0211697739647428,False,,,1
v_ca,k_ti,v_ca||k_ti,False,,,True,2.433077966803701e-05,0.0182807957610007,False,,,1
si_ca,sc_v,si_ca||sc_v,False,,,True,2.4830439692110677e-05,0.0198194069423864,False,,,1
co_ca,cr_k,co_ca||cr_k,False,,,True,2.5291357704945067e-05,0.0161169989384975,False,,,1
si_cu,sc_ni,si_cu||sc_ni,False,,,True,2.531958025427444e-05,0.0174589962605687,False,,,1
v_ca,cr_zn,v_ca||cr_zn,False,,,True,2.5574229410255264e-05,0.0192250407181347,False,,,1
v_ca,sc_k,v_ca||sc_k,False,,,True,2.579383729620511e-05,0.0171542242859589,False,,,1
mn_ca,v_ti,mn_ca||v_ti,False,,,True,2.6112752690300563e-05,0.0152612822832019,False,,,1
v_ca,sc_si,v_ca||sc_si,False,,,True,2.66925169068935e-05,0.0187302684805167,False,,,1
na_ca,v_ti,na_ca||v_ti,False,,,True,2.6845972452935263e-05,0.021955552866188,True,4.4311639242627724e-27,0.0258707654278053,2
sc_na,cr_k,sc_na||cr_k,False,,,True,2.8235751068203077e-05,0.021562272314613,True,1.6652190845231859e-25,0.0248031130766826,2
v_ni,cr_sc,v_ni||cr_sc,False,,,True,2.8260936274176448e-05,0.0118889641628684,False,,,1
cr_ca,sc_ni,cr_ca||sc_ni,False,,,True,2.861320344901315e-05,0.013548819714879,False,,,1
zn_mn,sc_v,zn_mn||sc_v,False,,,True,2.8699062245860827e-05,0.0219186653826213,False,,,1
v_y,sc_v,v_y||sc_v,False,,,True,2.885847566178463e-05,0.0230165957092245,False,,,1
co_mn,sc_v,co_mn||sc_v,False,,,True,2.913400615356306e-05,0.0190955802366111,False,,,1
ti_cu,sc_na,ti_cu||sc_na,False,,,True,2.9201253014647117e-05,0.0239081364062737,True,7.691315559405e-26,0.0280430229935912,2
v_ca,si_ca,v_ca||si_ca,False,,,True,2.949613641980875e-05,0.01806210998955,False,,,1
na_ca,co_si,na_ca||co_si,False,,,True,2.981914722671499e-05,0.0207709597079997,True,3.0369195795950863e-28,0.0259642825515685,2
co_ni,co_sc,co_ni||co_sc,False,,,True,2.9873033161669262e-05,0.0146015079105921,False,,,1
ni_ca,v_ti,ni_ca||v_ti,False,,,True,3.049203177513176e-05,0.0154870861886375,False,,,1
ni_ti,sc_na,ni_ti||sc_na,False,,,True,3.061717194634367e-05,0.0211505671481345,True,4.83124997570693e-27,0.0262359660572101,2
sc_na,co_k,sc_na||co_k,False,,,True,3.063242542428354e-05,0.023598876474185,False,,,1
si_ti,sc_na,si_ti||sc_na,False,,,True,3.091598337131285e-05,0.0210216756699293,True,4.023219889620805e-28,0.0273023641096919,2
sc_v,co_cr,sc_v||co_cr,False,,,True,3.116044658054685e-05,0.0191877304759429,False,,,1
v_cu,sc_v,v_cu||sc_v,False,,,True,3.123771412572748e-05,0.0200784616431565,False,,,1
cr_k,co_sc,cr_k||co_sc,False,,,True,3.142720401765209e-05,0.016712953988967,False,,,1
v_ca,k_ni,v_ca||k_ni,False,,,True,3.168913361779829e-05,0.0211347674112391,False,,,1
co_ti,co_sc,co_ti||co_sc,False,,,True,3.1738621320068054e-05,0.016035724488009,False,,,1
na_ca,co_ca,na_ca||co_ca,False,,,True,3.180242431079179e-05,0.0219831609296223,True,1.243767553009135e-27,0.0270177195180331,2
sc_ti,co_sc,sc_ti||co_sc,False,,,True,3.208834552636755e-05,0.0158907919445275,False,,,1
ti_mn,co_sc,ti_mn||co_sc,False,,,True,3.247537912974199e-05,0.014760117838958,False,,,1
na_ca,cr_sc,na_ca||cr_sc,False,,,True,3.309682731306992e-05,0.0207192757916448,True,3.9058726089418084e-29,0.0272795583836858,2
sc_ca,si_v,sc_ca||si_v,False,,,True,3.335413900082881e-05,0.0143734198386704,False,,,1
si_cu,cr_sc,si_cu||cr_sc,False,,,True,3.335630516155557e-05,0.0161912378259176,False,,,1
cr_ti,sc_na,cr_ti||sc_na,False,,,True,3.361174858514886e-05,0.0203826690650362,True,1.47104584658964e-30,0.0292721282349913,2
si_v,cr_v,si_v||cr_v,False,,,True,3.36371269272245e-05,0.0173044588954318,False,,,1
k_mn,si_v,k_mn||si_v,False,,,True,3.3769514273486245e-05,0.0173943612172943,False,,,1
si_cu,v_ni,si_cu||v_ni,False,,,True,3.436835099693834e-05,0.0159529491901458,False,,,1
na_ti,co_sc,na_ti||co_sc,False,,,True,3.439494047479855e-05,0.0194343066804883,True,1.2693656643122234e-25,0.0228162794968772,2
ni_ca,cr_sc,ni_ca||cr_sc,False,,,True,3.4587151308791566e-05,0.0133068154204855,False,,,1
sc_v,co_k,sc_v||co_k,False,,,True,3.491037575773792e-05,0.0232259342423552,False,,,1
co_ni,sc_na,co_ni||sc_na,False,,,True,3.523413731530877e-05,0.0202221341175051,True,9.287675902504798e-28,0.0263259571751985,2
v_ca,co_zn,v_ca||co_zn,False,,,True,3.543347971623604e-05,0.0200728732051616,False,,,1
ba_y,sc_v,ba_y||sc_v,False,,,True,3.587821371817449e-05,0.0211527113052108,False,,,1
ni_ca,co_si,ni_ca||co_si,False,,,True,3.619861832469436e-05,0.0132725598180845,False,,,1
sc_cu,sc_v,sc_cu||sc_v,False,,,True,3.620277057662124e-05,0.0249408116157367,False,,,1
cr_ca,co_ca,cr_ca||co_ca,False,,,True,3.680360253477081e-05,0.0143715622002784,False,,,1
k_ni,si_v,k_ni||si_v,False,,,True,3.6957603585758325e-05,0.017863860438069,False,,,1
na_v,sc_v,na_v||sc_v,False,,,True,3.7202204348508696e-05,0.0200767121244601,False,,,1
v_ca,k_na,v_ca||k_na,False,,,True,3.7687102417241145e-05,0.0250743904476202,False,,,1
cr_zn,sc_v,cr_zn||sc_v,False,,,True,3.794025783119496e-05,0.0202681753618948,False,,,1
co_ca,cr_ti,co_ca||cr_ti,False,,,True,3.816060527204346e-05,0.0129326490706917,False,,,1
co_ca,co_v,co_ca||co_v,False,,,True,3.839895403592018e-05,0.0137741512524955,False,,,1
sc_cu,sc_na,sc_cu||sc_na,False,,,True,3.859290662409989e-05,0.0258443950096204,False,,,1
v_ni,sc_ni,v_ni||sc_ni,False,,,True,3.894853630776572e-05,0.0132897901418851,False,,,1
na_ni,co_sc,na_ni||co_sc,False,,,True,3.922884991690681e-05,0.0167344278315225,True,3.219433179653658e-25,0.0197990060703363,2
ni_ti,co_sc,ni_ti||co_sc,False,,,True,4.005094885903416e-05,0.0142489773092876,False,,,1
na_ca,sc_ni,na_ca||sc_ni,False,,,True,4.021259096095897e-05,0.0208803723028448,True,8.753264995027524e-27,0.0257004990368224,2
v_ti,co_ti,v_ti||co_ti,False,,,True,4.1699374470213256e-05,0.0136541478818651,False,,,1
sc_cu,na_ca,sc_cu||na_ca,False,,,True,4.26684682063315e-05,0.0242280750012362,True,2.107851530482095e-25,0.0288120128463259,2
v_ca,co_y,v_ca||co_y,False,,,True,4.30263660976355e-05,0.019744733363647,False,,,1
k_mn,sc_v,k_mn||sc_v,False,,,True,4.311342954540266e-05,0.0208301343095627,False,,,1
ba_y,sc_na,ba_y||sc_na,False,,,True,4.381551940287995e-05,0.0220918174756782,False,,,1
ni_cu,sc_na,ni_cu||sc_na,False,,,True,4.507865858329285e-05,0.020867275065056,True,1.793153886058493e-26,0.0266732033620544,2
sc_v,cr_v,sc_v||cr_v,False,,,True,4.538543963886502e-05,0.0219787628538488,False,,,1
ca_cu,co_sc,ca_cu||co_sc,False,,,True,4.549815864891937e-05,0.0204244758352161,False,,,1
co_ca,co_ti,co_ca||co_ti,False,,,True,4.619951202259416e-05,0.0146199029241555,False,,,1
co_cu,sc_v,co_cu||sc_v,False,,,True,4.627592114212224e-05,0.0185091887172785,False,,,1
v_ca,v_mn,v_ca||v_mn,False,,,True,4.661324250537669e-05,0.0191603869318443,False,,,1
na_y,sc_na,na_y||sc_na,False,,,True,4.7369847939261456e-05,0.0238661173402082,False,,,1
si_cu,co_ti,si_cu||co_ti,False,,,True,4.7509298202509705e-05,0.0153278875396808,False,,,1
sc_v,k_na,sc_v||k_na,False,,,True,4.7565941408981846e-05,0.0254921978820897,False,,,1
v_ca,na_v,v_ca||na_v,False,,,True,4.823804526638678e-05,0.0175732928206507,False,,,1
k_ti,sc_v,k_ti||sc_v,False,,,True,4.830729658829495e-05,0.0192925247920072,False,,,1
co_zn,sc_v,co_zn||sc_v,False,,,True,4.9062033082188e-05,0.02136562585373,False,,,1
co_y,sc_v,co_y||sc_v,False,,,True,4.971363583438266e-05,0.0206747629846824,False,,,1
k_v,sc_na,k_v||sc_na,False,,,True,5.016268749173634e-05,0.0247274439464095,False,,,1
ti_mn,sc_na,ti_mn||sc_na,False,,,True,5.02272327223602e-05,0.0195249389016726,True,6.0458299112280615e-30,0.0287918842223167,2
na_ca,sc_na,na_ca||sc_na,False,,,True,5.135730399025655e-05,0.0266405380186502,True,6.59795144098752e-32,0.0412828313572811,2
co_ca,co_ni,co_ca||co_ni,False,,,True,5.151191754106538e-05,0.0126934871477014,False,,,1
sc_v,sc_k,sc_v||sc_k,False,,,True,5.159943522773032e-05,0.0175974139301467,False,,,1
sc_v,sc_si,sc_v||sc_si,False,,,True,5.17724861529454e-05,0.0208143721598329,False,,,1
v_ti,cr_ti,v_ti||cr_ti,False,,,True,5.198584080903151e-05,0.01208968158785,False,,,1
v_ca,k_v,v_ca||k_v,False,,,True,5.2953087083776855e-05,0.0242471617244899,False,,,1
ca_cu,co_si,ca_cu||co_si,False,,,True,5.295369273358978e-05,0.0185035709768408,False,,,1
ni_y,sc_v,ni_y||sc_v,False,,,True,5.304121371125672e-05,0.0192557519658603,False,,,1
si_cu,ni_ca,si_cu||ni_ca,False,,,True,5.326782959630193e-05,0.0159220187117052,False,,,1
sc_mn,co_si,sc_mn||co_si,False,,,True,5.390612163836938e-05,0.0140829677825133,False,,,1
ti_cu,si_na,ti_cu||si_na,False,,,True,5.400113181003944e-05,0.0188542939646239,False,,,1
sc_ti,si_na,sc_ti||si_na,False,,,True,5.42598472949174e-05,0.0163307198783156,False,,,1
ni_mn,sc_na,ni_mn||sc_na,False,,,True,5.452163263632366e-05,0.0193930634971834,True,1.0560315404679961e-30,0.0295465258483909,2
sc_ca,sc_na,sc_ca||sc_na,False,,,True,5.46560763362886e-05,0.0197475440520767,True,2.949275646161918e-26,0.0256124608171307,2
v_zn,sc_na,v_zn||sc_na,False,,,True,5.472567772096882e-05,0.0234291271582985,False,,,1
zn_mn,sc_na,zn_mn||sc_na,False,,,True,5.6914660429871e-05,0.0212532021767954,False,,,1
co_ca,ni_ti,co_ca||ni_ti,False,,,True,5.7084834200528354e-05,0.0129902548589542,False,,,1
si_v,k_v,si_v||k_v,False,,,True,5.716737067229181e-05,0.0216092846639183,False,,,1
cr_v,sc_na,cr_v||sc_na,False,,,True,5.732296507848518e-05,0.0206230510922832,True,1.024931596565301e-26,0.0271843147998588,2
na_zn,sc_v,na_zn||sc_v,False,,,True,5.78054187721415e-05,0.023232309199572,False,,,1
k_ni,sc_na,k_ni||sc_na,False,,,True,5.867612995363943e-05,0.0215532375051057,False,,,1
ca_cu,na_ca,ca_cu||na_ca,False,,,True,5.876376942009589e-05,0.0234075711834661,True,1.0715142380405557e-25,0.028860873501839,2
na_ca,sc_mn,na_ca||sc_mn,False,,,True,5.937236162499736e-05,0.020019191130915,True,1.2870723289478023e-26,0.0258915181178855,2
si_cu,co_si,si_cu||co_si,False,,,True,5.939670180885681e-05,0.0157417161646814,False,,,1
si_cu,na_ti,si_cu||na_ti,False,,,True,5.99260756526875e-05,0.0187791171979322,False,,,1
v_ca,v_zn,v_ca||v_zn,False,,,True,5.995908376160516e-05,0.0221013982620199,False,,,1
ca_cu,co_ca,ca_cu||co_ca,False,,,True,6.00726268505725e-05,0.0201753959356115,False,,,1
co_v,sc_na,co_v||sc_na,False,,,True,6.013319660442149e-05,0.0191132593119177,True,3.0836863116841107e-26,0.0249726879796533,2
si_v,k_na,si_v||k_na,False,,,True,6.0155806982676215e-05,0.0221208087629899,False,,,1
v_ca,na_zn,v_ca||na_zn,False,,,True,6.029900771527546e-05,0.0217716738632617,False,,,1
cr_zn,sc_na,cr_zn||sc_na,False,,,True,6.135005741697212e-05,0.0203923385459629,False,,,1
nd_ca,sc_na,nd_ca||sc_na,False,,,True,6.148508351771055e-05,0.024584741096425,True,1.4995458610567834e-25,0.0318434280265153,2
na_ca,v_y,na_ca||v_y,False,,,True,6.1511939792273e-05,0.02144684150377,False,,,1
v_cu,sc_na,v_cu||sc_na,False,,,True,6.152208464576553e-05,0.0203418659345334,True,4.678765339971205e-25,0.0254538997176783,2
mn_ca,co_ca,mn_ca||co_ca,False,,,True,6.158555360811706e-05,0.0148264351441667,False,,,1
k_ni,sc_v,k_ni||sc_v,False,,,True,6.293499692670973e-05,0.0212539202239792,False,,,1
cr_mn,co_sc,cr_mn||co_sc,False,,,True,6.295730811653741e-05,0.013250767841936,False,,,1
k_cu,v_ca,k_cu||v_ca,False,,,True,6.31666352950006e-05,0.0238615303013244,False,,,1
si_na,cr_k,si_na||cr_k,False,,,True,6.337654366933131e-05,0.0168427558313715,False,,,1
cr_ni,sc_na,cr_ni||sc_na,False,,,True,6.382999559627311e-05,0.0191322866263311,True,7.258240999071336e-30,0.028907509100468,2
sc_ti,co_si,sc_ti||co_si,False,,,True,6.394317862476402e-05,0.0106794372612033,False,,,1
v_ca,sc_ba,v_ca||sc_ba,False,,,True,6.437419424340694e-05,0.0222224665900889,False,,,1
co_zn,sc_na,co_zn||sc_na,False,,,True,6.480513199020644e-05,0.0210257730860643,False,,,1
v_ca,k_ca,v_ca||k_ca,False,,,True,6.530946658217884e-05,0.0157811218532979,False,,,1
mn_cu,sc_v,mn_cu||sc_v,False,,,True,6.535636547473883e-05,0.0189285352251258,False,,,1
si_na,co_k,si_na||co_k,False,,,True,6.57887461914439e-05,0.0189502565940036,False,,,1
co_zn,si_v,co_zn||si_v,False,,,True,6.590036715749704e-05,0.0177773146284525,False,,,1
ti_cu,co_ca,ti_cu||co_ca,False,,,True,6.761680278873762e-05,0.016632283888976,False,,,1
sc_v,cr_na,sc_v||cr_na,False,,,True,6.790607057704816e-05,0.0203149082291314,True,2.731223833508617e-32,0.0333689286078019,2
k_mn,sc_na,k_mn||sc_na,False,,,True,6.954361615284756e-05,0.0204880074852069,False,,,1
na_ca,co_k,na_ca||co_k,False,,,True,7.088726867649402e-05,0.0210030835948427,False,,,1
ti_ca,cr_sc,ti_ca||cr_sc,False,,,True,7.104033512716748e-05,0.0100541081298298,False,,,1
si_na,co_si,si_na||co_si,False,,,True,7.204629266505095e-05,0.0161638832564782,False,,,1
sc_v,co_na,sc_v||co_na,False,,,True,7.232195202037703e-05,0.0185082383874923,False,,,1
si_v,sc_si,si_v||sc_si,False,,,True,7.332766933368423e-05,0.0151754455552468,False,,,1
sc_cu,co_ca,sc_cu||co_ca,False,,,True,7.34267597369399e-05,0.0193385426960704,False,,,1
k_ti,sc_na,k_ti||sc_na,False,,,True,7.363819279647945e-05,0.0191923427450581,True,5.799067142204318e-25,0.0243221432408654,2
mn_ca,si_na,mn_ca||si_na,False,,,True,7.39873322379924e-05,0.0163092794695014,False,,,1
na_y,co_sc,na_y||co_sc,False,,,True,7.404010127094057e-05,0.0187697687686934,False,,,1
cr_cu,si_v,cr_cu||si_v,False,,,True,7.421523719852193e-05,0.015731528716458,False,,,1
cr_cu,sc_v,cr_cu||sc_v,False,,,True,7.4472735582812e-05,0.0195858370849881,False,,,1
co_ca,na_ti,co_ca||na_ti,False,,,True,7.488249500732973e-05,0.0173402455224053,True,5.054522687455983e-27,0.023373158939808,2
v_ti,co_ni,v_ti||co_ni,False,,,True,7.516375767199348e-05,0.0114123498588091,False,,,1
sc_na,co_cr,sc_na||co_cr,False,,,True,7.553497352833748e-05,0.0186457570369308,True,6.429627655879888e-31,0.0299456427920863,2
cr_mn,sc_na,cr_mn||sc_na,False,,,True,7.554461362927387e-05,0.0183553027800327,True,3.3023549884689674e-27,0.0257596905537236,2
ba_ca,sc_v,ba_ca||sc_v,False,,,True,7.565089663373001e-05,0.022675614119008,False,,,1
k_ti,si_v,k_ti||si_v,False,,,True,7.641975339885903e-05,0.0137814518653952,False,,,1
co_ca,ti_mn,co_ca||ti_mn,False,,,True,7.664596592537657e-05,0.0127630273813373,False,,,1
v_mn,sc_v,v_mn||sc_v,False,,,True,7.71469342838942e-05,0.0196649623396079,False,,,1
si_cu,cr_ca,si_cu||cr_ca,False,,,True,7.74917307190594e-05,0.0148251885627357,False,,,1
co_ti,si_na,co_ti||si_na,False,,,True,7.759844262912725e-05,0.0156301331964094,False,,,1
si_cu,si_ni,si_cu||si_ni,False,,,True,7.793319982874603e-05,0.0148381420458145,False,,,1
k_na,co_sc,k_na||co_sc,False,,,True,7.801291049918048e-05,0.0222891524641214,False,,,1
co_cu,si_v,co_cu||si_v,False,,,True,7.83596968738945e-05,0.0142554156879802,False,,,1
v_ca,zn_ni,v_ca||zn_ni,False,,,True,7.855577417129376e-05,0.0174757091782156,False,,,1
co_ca,na_y,co_ca||na_y,False,,,True,7.980951939744878e-05,0.0181111565238109,False,,,1
ni_ca,si_na,ni_ca||si_na,False,,,True,8.007148581212503e-05,0.0160747058115942,False,,,1
si_cu,sc_ti,si_cu||sc_ti,False,,,True,8.031075698969376e-05,0.0141603900083319,False,,,1
ti_cu,v_ti,ti_cu||v_ti,False,,,True,8.054347020313515e-05,0.016164075190589,False,,,1
v_ca,co_na,v_ca||co_na,False,,,True,8.084270433290638e-05,0.0168249568844296,False,,,1
cr_ca,si_na,cr_ca||si_na,False,,,True,8.175018145065926e-05,0.0156652320736682,False,,,1
v_ca,si_ba,v_ca||si_ba,False,,,True,8.214566053566664e-05,0.0186656913391622,False,,,1
si_ti,co_sc,si_ti||co_sc,False,,,True,8.244671755291328e-05,0.0134732541915417,False,,,1
ni_ti,cr_sc,ni_ti||cr_sc,False,,,True,8.26348605671047e-05,0.0099779609086523,False,,,1
co_ca,k_na,co_ca||k_na,False,,,True,8.296118489147055e-05,0.0215727051435976,False,,,1
k_v,si_na,k_v||si_na,False,,,True,8.348433902702115e-05,0.0205823244890733,False,,,1
v_zn,si_v,v_zn||si_v,False,,,True,8.379163801137566e-05,0.0204856696889769,False,,,1
v_mn,sc_na,v_mn||sc_na,False,,,True,8.434817951665768e-05,0.0195359507434826,True,1.9595687259840128e-27,0.0277462689544098,2
cr_cu,sc_na,cr_cu||sc_na,False,,,True,8.510593152204634e-05,0.0208916244195583,True,1.5480376902450664e-30,0.0335548135607284,2
v_ni,si_na,v_ni||si_na,False,,,True,8.554956620694066e-05,0.0154263426098877,False,,,1
si_cu,sc_mn,si_cu||sc_mn,False,,,True,8.564589440892767e-05,0.0158014717129764,False,,,1
ti_ca,co_ca,ti_ca||co_ca,False,,,True,8.596534082981558e-05,0.0128724640061136,False,,,1
ni_mn,co_sc,ni_mn||co_sc,False,,,True,8.745203396104181e-05,0.0131239887727158,False,,,1
ti_ca,sc_ni,ti_ca||sc_ni,False,,,True,8.765038135112208e-05,0.0112574833419626,False,,,1
si_cu,na_y,si_cu||na_y,False,,,True,8.857354998383425e-05,0.0189434848409786,False,,,1
co_mn,sc_na,co_mn||sc_na,False,,,True,8.921047362543753e-05,0.0183643713611395,True,5.416745395873589e-31,0.0301332069636101,2
v_zn,sc_v,v_zn||sc_v,False,,,True,8.929949817066933e-05,0.0231419076448701,False,,,1
co_ca,k_v,co_ca||k_v,False,,,True,8.95069073583002e-05,0.0201024237332065,False,,,1
na_ca,sc_ti,na_ca||sc_ti,False,,,True,8.961829269955626e-05,0.0182600890595925,True,5.932155816109136e-29,0.0269499712150628,2
v_ni,co_si,v_ni||co_si,False,,,True,8.983545399729746e-05,0.0103843404894615,False,,,1
v_ca,cr_na,v_ca||cr_na,False,,,True,9.097823215845316e-05,0.0185268590368868,True,1.774147659310952e-36,0.0353101262796153,2
v_ti,v_ni,v_ti||v_ni,False,,,True,9.113668981840856e-05,0.0132666909072933,False,,,1
sc_na,sc_k,sc_na||sc_k,False,,,True,9.132338718981636e-05,0.0181067563392936,True,1.9613926872435823e-25,0.0240645067187897,2
cr_ni,co_sc,cr_ni||co_sc,False,,,True,9.255387125203508e-05,0.0131487060838885,False,,,1
na_zn,si_v,na_zn||si_v,False,,,True,9.318141354938144e-05,0.0198573132140234,False,,,1
k_ca,sc_v,k_ca||sc_v,False,,,True,9.42732629391111e-05,0.0177250858218131,False,,,1
si_ca,sc_na,si_ca||sc_na,False,,,True,9.530229391874732e-05,0.0185636679443289,True,7.924030679811742e-30,0.0293461421422626,2
co_cu,sc_na,co_cu||sc_na,False,,,True,9.549914288278724e-05,0.0191094836794989,True,2.387898333111789e-25,0.0254979183991901,2
ni_ca,co_ca,ni_ca||co_ca,False,,,True,9.558633217574611e-05,0.0150275232934375,False,,,1
v_cu,si_v,v_cu||si_v,False,,,True,9.573412942928076e-05,0.0154937425431781,False,,,1
co_ti,sc_ni,co_ti||sc_ni,False,,,True,9.77181315598878e-05,0.0120231567753128,False,,,1
na_ca,v_ni,na_ca||v_ni,False,,,True,9.931653259235591e-05,0.0179370790113079,True,3.1973461103254463e-28,0.0260330450099847,2
si_cu,ti_ca,si_cu||ti_ca,False,,,True,9.957073978833512e-05,0.013817772696973,False,,,1
sc_ti,si_ni,sc_ti||si_ni,False,,,True,9.971072298521374e-05,0.0092612442923078,False,,,1
sc_v,sc_ba,sc_v||sc_ba,False,,,True,9.972188734354143e-05,0.0222306364156412,False,,,1
v_ca,y_ti,v_ca||y_ti,False,,,True,9.978401497921328e-05,0.0169227511645055,False,,,1
sc_cu,v_ti,sc_cu||v_ti,False,,,True,0.0001003424263683,0.0188444399627687,False,,,1
mn_cu,sc_na,mn_cu||sc_na,False,,,True,0.000101861303992,0.0196998977505637,True,1.0695994422778106e-32,0.0347983745514916,2
co_ti,co_si,co_ti||co_si,False,,,True,0.0001022002212522,0.0106862073841069,False,,,1
sc_v,si_ba,sc_v||si_ba,False,,,True,0.0001026699588424,0.0190200742089911,False,,,1
cr_v,co_sc,cr_v||co_sc,False,,,True,0.0001029136306498,0.0155367134163997,False,,,1
v_ca,zn_ti,v_ca||zn_ti,False,,,True,0.0001046941541334,0.0157760916225502,False,,,1
ti_cu,na_ca,ti_cu||na_ca,False,,,True,0.0001047641351366,0.020027261801133,True,2.7161891530883347e-27,0.0285282439571254,2
na_ca,k_v,na_ca||k_v,False,,,True,0.0001047862598996,0.0218663400923426,False,,,1
co_y,sc_na,co_y||sc_na,False,,,True,0.0001060481222281,0.0198264959517343,False,,,1
si_cu,k_na,si_cu||k_na,False,,,True,0.0001067914995656,0.0212771850706718,False,,,1
y_cu,v_ca,y_cu||v_ca,False,,,True,0.0001079254560024,0.0196375008151363,False,,,1
y_ti,sc_v,y_ti||sc_v,False,,,True,0.0001079375000009,0.0178956641717293,False,,,1
na_ca,co_ti,na_ca||co_ti,False,,,True,0.0001097136852573,0.0179816822561674,True,1.0087475044499036e-28,0.0269432584055218,2
zn_ni,sc_v,zn_ni||sc_v,False,,,True,0.0001098298973082,0.0185971519022205,False,,,1
na_ca,cr_k,na_ca||cr_k,False,,,True,0.0001107004140106,0.0181360703081272,True,8.68340987199302e-27,0.0253188766307948,2
k_cu,sc_na,k_cu||sc_na,False,,,True,0.0001108832243325,0.0239652265467237,False,,,1
sc_ca,co_sc,sc_ca||co_sc,False,,,True,0.0001116374702224,0.0136867639610814,False,,,1
zn_mn,co_sc,zn_mn||co_sc,False,,,True,0.0001121852940764,0.0167598900196524,False,,,1
v_ti,cr_k,v_ti||cr_k,False,,,True,0.0001126617045176,0.0134255102003023,False,,,1
co_ca,co_k,co_ca||co_k,False,,,True,0.0001147545200575,0.0173470895704818,False,,,1
v_y,si_na,v_y||si_na,False,,,True,0.000114845392348,0.0181304529924116,False,,,1
sc_zn,sc_v,sc_zn||sc_v,False,,,True,0.000115124855243,0.0171191149891915,False,,,1
na_ca,si_ni,na_ca||si_ni,False,,,True,0.0001155024794381,0.0174970934791628,True,1.2069246590232458e-30,0.0282798821510158,2
co_ca,na_ni,co_ca||na_ni,False,,,True,0.0001159378962232,0.0141139301503415,True,2.3205721552086385e-27,0.0206287302011392,2
ca_cu,si_ni,ca_cu||si_ni,False,,,True,0.0001160080748212,0.0166550530090956,False,,,1
sc_ni,co_ni,sc_ni||co_ni,False,,,True,0.0001163361571102,0.0106926662151472,False,,,1
ni_ca,sc_ni,ni_ca||sc_ni,False,,,True,0.0001174475801812,0.0131388856577769,False,,,1
zn_ni,si_v,zn_ni||si_v,False,,,True,0.0001176077252444,0.0155002192642451,False,,,1
v_ti,na_y,v_ti||na_y,False,,,True,0.0001178970350676,0.017196206237961,False,,,1
co_ca,ni_mn,co_ca||ni_mn,False,,,True,0.0001183969545295,0.0121940694676663,False,,,1
cr_ti,sc_ni,cr_ti||sc_ni,False,,,True,0.0001190354951588,0.0107156486033935,False,,,1
k_v,sc_v,k_v||sc_v,False,,,True,0.0001192445757775,0.023781023800363,False,,,1
zn_ti,sc_v,zn_ti||sc_v,False,,,True,0.0001192799063918,0.0172680557175889,False,,,1
mn_ca,sc_ni,mn_ca||sc_ni,False,,,True,0.0001197830530485,0.0127219703463096,False,,,1
ni_y,sc_na,ni_y||sc_na,False,,,True,0.0001199348310346,0.0186369262709945,True,2.1215478183919028e-27,0.0275626826318893,2
cr_ca,co_ti,cr_ca||co_ti,False,,,True,0.0001199806895431,0.0096622501245026,False,,,1
v_mn,si_v,v_mn||si_v,False,,,True,0.0001203126102265,0.0151297092999355,False,,,1
sc_mn,sc_ni,sc_mn||sc_ni,False,,,True,0.000120421703412,0.0146664601828488,False,,,1
k_cu,si_v,k_cu||si_v,False,,,True,0.0001206535516615,0.0203338939915886,False,,,1
co_ni,cr_sc,co_ni||cr_sc,False,,,True,0.0001212133217328,0.0091598597010644,False,,,1
v_ca,ba_ca,v_ca||ba_ca,False,,,True,0.0001215942962875,0.0212683592696779,False,,,1
ca_cu,v_ni,ca_cu||v_ni,False,,,True,0.0001218093778012,0.0166570151263988,False,,,1
ca_cu,na_y,ca_cu||na_y,False,,,True,0.0001220532989629,0.0194839227777527,False,,,1
zn_ni,sc_na,zn_ni||sc_na,False,,,True,0.0001223122247287,0.0188119660133574,False,,,1
ca_cu,cr_sc,ca_cu||cr_sc,False,,,True,0.0001224941237517,0.016733413481474,False,,,1
co_ca,cr_mn,co_ca||cr_mn,False,,,True,0.0001228514865421,0.0113570555707481,False,,,1
ni_ca,v_ni,ni_ca||v_ni,False,,,True,0.0001233463814353,0.0109782174473166,False,,,1
ti_cu,co_sc,ti_cu||co_sc,False,,,True,0.0001239392003995,0.0159907311914081,False,,,1
cr_ca,v_ni,cr_ca||v_ni,False,,,True,0.0001242091560043,0.0096309012280324,False,,,1
ca_cu,k_na,ca_cu||k_na,False,,,True,0.0001260095659139,0.022710221104982,False,,,1
ca_cu,sc_ni,ca_cu||sc_ni,False,,,True,0.0001264876155363,0.0177625669206915,False,,,1
na_zn,co_sc,na_zn||co_sc,False,,,True,0.0001266447606423,0.0195005445334144,False,,,1
v_ca,sc_y,v_ca||sc_y,False,,,True,0.000127311364134,0.017537910035484,False,,,1
ti_ca,co_si,ti_ca||co_si,False,,,True,0.0001276223316955,0.0095842419940814,False,,,1
si_cu,ni_ti,si_cu||ni_ti,False,,,True,0.0001276719833482,0.0133535471139613,False,,,1
sc_ni,cr_k,sc_ni||cr_k,False,,,True,0.0001278515352899,0.01335049413978,False,,,1
si_cu,na_ni,si_cu||na_ni,False,,,True,0.0001282991347091,0.0153517032550244,False,,,1
k_cu,sc_v,k_cu||sc_v,False,,,True,0.0001292152069247,0.0231156280562424,False,,,1
sc_ba,sc_na,sc_ba||sc_na,False,,,True,0.0001296954366814,0.0219571358735633,False,,,1
sc_mn,cr_sc,sc_mn||cr_sc,False,,,True,0.0001316758344525,0.0139919742713481,False,,,1
sc_cu,co_si,sc_cu||co_si,False,,,True,0.000131776865533,0.016930164923486,False,,,1
k_v,co_sc,k_v||co_sc,False,,,True,0.0001318893719345,0.0201997451862307,False,,,1
k_v,co_si,k_v||co_si,False,,,True,0.0001320894376113,0.0181528988743163,False,,,1
na_mn,sc_v,na_mn||sc_v,False,,,True,0.0001323567014835,0.0188723360789445,True,1.0339870910519267e-31,0.033072318198742,2
k_mn,co_sc,k_mn||co_sc,False,,,True,0.000132973679852,0.0157519170216879,False,,,1
v_ca,sc_zn,v_ca||sc_zn,False,,,True,0.0001331633756924,0.0152313983140544,False,,,1
ca_cu,na_ti,ca_cu||na_ti,False,,,True,0.0001343951345006,0.0191943288779512,True,2.2357631979313275e-25,0.0262708019991818,2
ti_mn,v_ti,ti_mn||v_ti,False,,,True,0.0001347546182255,0.0116024796254283,False,,,1
sc_ti,cr_sc,sc_ti||cr_sc,False,,,True,0.0001353901672001,0.0105375239357831,False,,,1
co_ca,cr_v,co_ca||cr_v,False,,,True,0.0001360659752833,0.0139463464006695,False,,,1
co_ti,si_ni,co_ti||si_ni,False,,,True,0.0001370214792388,0.0090118781620038,False,,,1
si_cu,mn_ca,si_cu||mn_ca,False,,,True,0.0001371295973056,0.0146888537455608,False,,,1
co_ca,si_ti,co_ca||si_ti,False,,,True,0.0001378839336283,0.0117011301932166,False,,,1
co_ca,k_ni,co_ca||k_ni,False,,,True,0.0001380475394298,0.0157538474420443,False,,,1
si_cu,co_k,si_cu||co_k,False,,,True,0.0001381570162668,0.0167116061458601,False,,,1
y_ca,sc_v,y_ca||sc_v,False,,,True,0.0001385981541787,0.0184457662357728,False,,,1
sc_cu,co_sc,sc_cu||co_sc,False,,,True,0.0001409411781338,0.0192812091378048,False,,,1
ba_ca,sc_na,ba_ca||sc_na,False,,,True,0.0001418742684624,0.0217404943380732,False,,,1
co_ca,v_y,co_ca||v_y,False,,,True,0.0001424830862545,0.0163261635923019,False,,,1
k_cu,si_na,k_cu||si_na,False,,,True,0.000142531609938,0.0206252833062258,False,,,1
ca_cu,si_cu,ca_cu||si_cu,False,,,True,0.0001427338847948,0.0196288919944641,False,,,1
na_cu,sc_v,na_cu||sc_v,False,,,True,0.0001430310144857,0.0173311360812678,False,,,1
v_ni,si_ni,v_ni||si_ni,False,,,True,0.0001439553588508,0.0088894809547129,False,,,1
ni_cu,co_ca,ni_cu||co_ca,False,,,True,0.0001444417354447,0.0130404312935905,False,,,1
sc_na,sc_si,sc_na||sc_si,False,,,True,0.0001456828147362,0.0187518479866595,True,3.194053126422808e-25,0.0265127455050301,2
zn_cu,v_ca,zn_cu||v_ca,False,,,True,0.0001461039379324,0.0197844697656457,False,,,1
cr_zn,co_sc,cr_zn||co_sc,False,,,True,0.0001468747887053,0.0152562572729089,False,,,1
si_cu,cr_v,si_cu||cr_v,False,,,True,0.000148448414653,0.0145774228213409,False,,,1
v_zn,co_sc,v_zn||co_sc,False,,,True,0.0001502960187284,0.0190131880577649,False,,,1
sc_mn,v_ni,sc_mn||v_ni,False,,,True,0.0001520791878285,0.0120608930843582,False,,,1
sc_ti,sc_ni,sc_ti||sc_ni,False,,,True,0.0001538221568324,0.0119298802025846,False,,,1
ni_ti,v_ti,ni_ti||v_ti,False,,,True,0.0001544121168015,0.0116303284722569,False,,,1
co_k,co_sc,co_k||co_sc,False,,,True,0.0001546751288054,0.0175891273205604,False,,,1
k_na,co_si,k_na||co_si,False,,,True,0.0001547180070037,0.0192102269338911,False,,,1
y_cu,sc_na,y_cu||sc_na,False,,,True,0.0001550377032736,0.0205288257204516,False,,,1
k_ni,co_sc,k_ni||co_sc,False,,,True,0.0001566764401386,0.0162442909929121,False,,,1
mn_ca,v_ni,mn_ca||v_ni,False,,,True,0.0001568847133906,0.0109040787609049,False,,,1
v_zn,si_na,v_zn||si_na,False,,,True,0.0001570300284153,0.0186854115617234,False,,,1
sc_mn,co_ti,sc_mn||co_ti,False,,,True,0.0001587035291847,0.0119983032109653,False,,,1
k_ti,co_sc,k_ti||co_sc,False,,,True,0.0001587399120569,0.0137088335184523,False,,,1
ni_ti,co_si,ni_ti||co_si,False,,,True,0.0001590637040001,0.0091532193885234,False,,,1
si_cu,k_v,si_cu||k_v,False,,,True,0.0001598672326665,0.0186699076625832,False,,,1
k_mn,si_na,k_mn||si_na,False,,,True,0.0001611151311469,0.0160000060226573,False,,,1
k_cu,na_ca,k_cu||na_ca,False,,,True,0.0001614534503395,0.022074288028573,False,,,1
v_ca,k_si,v_ca||k_si,False,,,True,0.0001625935563892,0.017356389168527,False,,,1
si_cu,co_ni,si_cu||co_ni,False,,,True,0.0001646315463684,0.0128322249090859,False,,,1
v_y,co_sc,v_y||co_sc,False,,,True,0.0001653655715445,0.0166321306155383,False,,,1
cr_k,cr_sc,cr_k||cr_sc,False,,,True,0.0001656048585219,0.0121139629108353,False,,,1
na_cu,v_ca,na_cu||v_ca,False,,,True,0.0001659072636517,0.0159898201806698,False,,,1
v_ti,si_ti,v_ti||si_ti,False,,,True,0.0001661543721821,0.0113789199938802,False,,,1
co_mn,co_sc,co_mn||co_sc,False,,,True,0.0001680006178056,0.0130474367353612,False,,,1
co_sc,co_cr,co_sc||co_cr,False,,,True,0.0001684469125758,0.0133335001439032,False,,,1
si_ni,co_k,si_ni||co_k,False,,,True,0.0001690972409388,0.0146870330663747,False,,,1
co_k,cr_sc,co_k||cr_sc,False,,,True,0.0001696683459658,0.0150081258278238,False,,,1
na_ca,cr_ca,na_ca||cr_ca,False,,,True,0.0001697516523285,0.0170605537639054,True,3.5341653944170064e-30,0.0286275785761864,2
na_ca,na_y,na_ca||na_y,False,,,True,0.0001698311742998,0.0201047384023718,False,,,1
co_ca,v_zn,co_ca||v_zn,False,,,True,0.0001707003688697,0.0176656662803943,False,,,1
cr_v,cr_sc,cr_v||cr_sc,False,,,True,0.0001711120621978,0.0125510522944295,False,,,1
ni_cu,si_na,ni_cu||si_na,False,,,True,0.0001717723197598,0.0150376782032083,False,,,1
y_cu,sc_v,y_cu||sc_v,False,,,True,0.0001720509444622,0.0193979555186788,False,,,1
zn_ti,sc_na,zn_ti||sc_na,False,,,True,0.0001722852692914,0.0174620546446784,False,,,1
ca_cu,k_v,ca_cu||k_v,False,,,True,0.0001735702424567,0.020394604579651,False,,,1
sc_y,sc_v,sc_y||sc_v,False,,,True,0.0001745038777812,0.0182646845405934,False,,,1
si_cu,cr_k,si_cu||cr_k,False,,,True,0.0001746512109438,0.0139649668149873,False,,,1
sc_zn,sc_na,sc_zn||sc_na,False,,,True,0.0001757569976995,0.0176733082326134,False,,,1
ni_cu,na_ca,ni_cu||na_ca,False,,,True,0.000178144031445,0.0173122312559468,True,6.337463023687143e-28,0.0274036234696035,2
k_ni,si_na,k_ni||si_na,False,,,True,0.0001808231086047,0.0159817278465908,False,,,1
si_cu,co_v,si_cu||co_v,False,,,True,0.0001816832651516,0.0130051090842778,False,,,1
ni_cu,v_ti,ni_cu||v_ti,False,,,True,0.000181859475489,0.0122685444879592,False,,,1
mn_ca,na_ca,mn_ca||na_ca,False,,,True,0.0001820010915712,0.0170744675670533,True,6.296150011287152e-29,0.027715050399892,2
co_ca,cr_ni,co_ca||cr_ni,False,,,True,0.0001826725215346,0.0114779997735041,False,,,1
co_si,co_k,co_si||co_k,False,,,True,0.0001830529250746,0.0147152356099716,False,,,1
co_ca,k_mn,co_ca||k_mn,False,,,True,0.0001841288246828,0.01435309510875,False,,,1
sc_ti,co_ti,sc_ti||co_ti,False,,,True,0.0001857483614087,0.0086109655989488,False,,,1
sc_k,co_sc,sc_k||co_sc,False,,,True,0.0001865861739505,0.012419324021184,False,,,1
na_ca,v_zn,na_ca||v_zn,False,,,True,0.0001868252843324,0.0194841388312378,False,,,1
si_ni,si_na,si_ni||si_na,False,,,True,0.0001871022838954,0.0141849109267051,False,,,1
sc_ca,v_ti,sc_ca||v_ti,False,,,True,0.000187737023567,0.0115952369023502,False,,,1
ca_cu,co_ti,ca_cu||co_ti,False,,,True,0.0001892087530023,0.0159784576533643,False,,,1
na_ti,sc_na,na_ti||sc_na,False,,,True,0.0001892723925591,0.0217726407728886,True,4.5399296916162165e-30,0.0381058368625447,2
sc_cu,na_ti,sc_cu||na_ti,False,,,True,0.0001903037976751,0.0188084277774641,False,,,1
k_ni,co_si,k_ni||co_si,False,,,True,0.0001903586712959,0.0136366004400664,False,,,1
si_ba,sc_na,si_ba||sc_na,False,,,True,0.0001904896391318,0.0184560793546177,False,,,1
co_ca,v_mn,co_ca||v_mn,False,,,True,0.0001926343452885,0.0135386897168045,False,,,1
si_cu,v_zn,si_cu||v_zn,False,,,True,0.000193806215666,0.0180288183504359,False,,,1
v_ti,na_ti,v_ti||na_ti,False,,,True,0.0001942965445951,0.0155646127271297,True,7.209740820174161e-25,0.0218966716081355,2
co_ca,k_ti,co_ca||k_ti,False,,,True,0.0001946011641133,0.0124632627951716,False,,,1
si_v,sc_k,si_v||sc_k,False,,,True,0.0001960606563565,0.0116383593323802,False,,,1
si_y,sc_v,si_y||sc_v,False,,,True,0.0001961431914843,0.0162185013848741,False,,,1
na_y,sc_ni,na_y||sc_ni,False,,,True,0.0001967187505852,0.0160781646064529,False,,,1
cr_ca,sc_mn,cr_ca||sc_mn,False,,,True,0.0001975873437898,0.0117193501957161,False,,,1
na_v,sc_na,na_v||sc_na,False,,,True,0.0001980530637436,0.0184100356230546,True,9.920677678969783e-29,0.0309956554562171,2
na_ca,si_na,na_ca||si_na,False,,,True,0.0001981517167788,0.0200831944682211,True,1.151419981550214e-25,0.0290968609494726,2
co_ca,sc_k,co_ca||sc_k,False,,,True,0.0001987771697123,0.0118877024367233,False,,,1
na_ca,cr_si,na_ca||cr_si,False,,,True,0.0001988535478577,0.0167390486468613,True,4.49503991484314e-35,0.0340571407040026,2
k_na,sc_na,k_na||sc_na,False,,,True,0.0001996297213741,0.0241336929214511,True,8.625471417923045e-28,0.038994105580818,2
na_ni,sc_na,na_ni||sc_na,False,,,True,0.000200317583751,0.0191650573540914,True,3.070174532071056e-31,0.0355741935004631,2
ca_cu,co_k,ca_cu||co_k,False,,,True,0.0002029761163864,0.0182442801165543,False,,,1
ca_cu,na_ni,ca_cu||na_ni,False,,,True,0.0002041133299852,0.0165759068275284,False,,,1
k_ca,sc_na,k_ca||sc_na,False,,,True,0.0002043357642817,0.0167899495496393,True,7.860215383663311e-25,0.0243488852878852,2
si_cu,na_zn,si_cu||na_zn,False,,,True,0.0002047426429135,0.0185164973477905,False,,,1
sc_v,k_si,sc_v||k_si,False,,,True,0.0002059308287773,0.0185496925750425,False,,,1
v_mn,co_sc,v_mn||co_sc,False,,,True,0.0002094655694385,0.0139747394540557,False,,,1
co_ca,zn_mn,co_ca||zn_mn,False,,,True,0.0002105888438995,0.0148148566703933,False,,,1
co_ca,na_zn,co_ca||na_zn,False,,,True,0.000210796823414,0.0176323916629017,False,,,1
na_ca,k_mn,na_ca||k_mn,False,,,True,0.0002110551773644,0.0173882792200158,False,,,1
ti_ca,si_na,ti_ca||si_na,False,,,True,0.0002113695501291,0.0135264920602253,False,,,1
ni_cu,co_sc,ni_cu||co_sc,False,,,True,0.0002135051296288,0.0127193677980898,False,,,1
na_zn,sc_na,na_zn||sc_na,False,,,True,0.000216187415384,0.0218694659845924,False,,,1
co_zn,si_na,co_zn||si_na,False,,,True,0.0002162686321471,0.0162374406444544,False,,,1
v_ca,si_y,v_ca||si_y,False,,,True,0.0002170798308842,0.0147981219326952,False,,,1
ni_ca,cr_k,ni_ca||cr_k,False,,,True,0.0002174492153317,0.0119237211249185,False,,,1
zn_ca,sc_v,zn_ca||sc_v,False,,,True,0.000217481898538,0.0167938307435106,False,,,1
v_cu,co_ca,v_cu||co_ca,False,,,True,0.0002187036483316,0.0134859557511791,False,,,1
sc_cu,si_ni,sc_cu||si_ni,False,,,True,0.0002219812033558,0.0157250630403667,False,,,1
sc_ca,co_ca,sc_ca||co_ca,False,,,True,0.0002227647482736,0.0117739207360935,False,,,1
v_ti,co_k,v_ti||co_k,False,,,True,0.0002237641370506,0.0156332180963435,False,,,1
na_ti,sc_ni,na_ti||sc_ni,False,,,True,0.0002265816732561,0.0149554462475979,True,6.662160935368287e-25,0.0217439374400486,2
ni_ca,sc_mn,ni_ca||sc_mn,False,,,True,0.0002268460685857,0.012151999502763,False,,,1
si_cu,cr_ti,si_cu||cr_ti,False,,,True,0.0002274084327673,0.0123277413426653,False,,,1
ni_ca,na_ca,ni_ca||na_ca,False,,,True,0.000230850408278,0.0172027191154227,True,7.697378521348729e-27,0.026467262902962,2
co_ti,v_ni,co_ti||v_ni,False,,,True,0.0002363104890933,0.0084152290598687,False,,,1
si_ti,sc_ni,si_ti||sc_ni,False,,,True,0.0002377481227434,0.01083049416755,False,,,1
si_v,sc_ba,si_v||sc_ba,False,,,True,0.0002381805810738,0.0177838543458387,False,,,1
na_ti,cr_sc,na_ti||cr_sc,False,,,True,0.0002393130738608,0.0142039683149062,True,9.062359718671024e-28,0.0234472786296084,2
na_ca,co_ni,na_ca||co_ni,False,,,True,0.0002393955852441,0.0159197328030723,True,2.0261042895432489e-29,0.0273444215038634,2
cr_na,co_sc,cr_na||co_sc,False,,,True,0.0002397936117266,0.0154627127967689,True,6.327340852876722e-38,0.0359480810453674,2
na_ti,co_si,na_ti||co_si,False,,,True,0.000240942674234,0.0140187207290781,True,2.486090388516656e-26,0.0217070857445556,2
cr_y,sc_na,cr_y||sc_na,False,,,True,0.0002420016020443,0.0178942993871714,True,2.763683685016458e-34,0.0371325311312839,2
na_ca,k_ni,na_ca||k_ni,False,,,True,0.0002426514649729,0.0175337644383391,False,,,1
si_ni,k_v,si_ni||k_v,False,,,True,0.0002430277564442,0.0167885533007895,False,,,1
si_cu,v_y,si_cu||v_y,False,,,True,0.0002475004886864,0.0158697300103616,False,,,1
ca_cu,v_y,ca_cu||v_y,False,,,True,0.0002482397802399,0.0172574237806777,False,,,1
y_ca,v_ca,y_ca||v_ca,False,,,True,0.000250633756589,0.0166921695800267,False,,,1
na_ca,ba_y,na_ca||ba_y,False,,,True,0.0002522137456024,0.0175653657591188,False,,,1
y_cu,na_ca,y_cu||na_ca,False,,,True,0.0002527701977576,0.0189760207182806,False,,,1
co_na,co_sc,co_na||co_sc,False,,,True,0.0002531401075735,0.0140170431080202,False,,,1
y_mn,sc_na,y_mn||sc_na,False,,,True,0.0002535417250956,0.0187287986956346,True,5.381229167746619e-32,0.0362009179149741,2
na_ca,si_mn,na_ca||si_mn,False,,,True,0.0002536997990792,0.0164062396225232,True,1.6812125174400574e-34,0.0339719158340295,2
cr_mn,v_ti,cr_mn||v_ti,False,,,True,0.0002540799192963,0.0099570536615454,False,,,1
co_ca,cr_zn,co_ca||cr_zn,False,,,True,0.0002555203404891,0.0135369571783697,False,,,1
ti_cu,co_si,ti_cu||co_si,False,,,True,0.0002568474175,0.0127195711189999,False,,,1
ba_ca,si_v,ba_ca||si_v,False,,,True,0.0002586349718653,0.0180636549209291,False,,,1
na_y,k_v,na_y||k_v,False,,,True,0.0002608548024121,0.018328992131731,False,,,1
co_zn,co_sc,co_zn||co_sc,False,,,True,0.0002616278826767,0.0157259247418461,False,,,1
zn_mn,si_na,zn_mn||si_na,False,,,True,0.0002624185339344,0.0157142202790901,False,,,1
ni_ti,si_na,ni_ti||si_na,False,,,True,0.0002632570750725,0.0131118016406581,False,,,1
sc_cu,na_y,sc_cu||na_y,False,,,True,0.0002655367089229,0.0181150166499041,False,,,1
sc_na,k_nd,sc_na||k_nd,False,,,True,0.0002657254546482,0.0208568171464007,False,,,1
cr_ca,sc_ti,cr_ca||sc_ti,False,,,True,0.0002659320511121,0.0084607578797319,False,,,1
na_ca,co_zn,na_ca||co_zn,False,,,True,0.0002684323904392,0.017161654828882,False,,,1
cr_v,si_na,cr_v||si_na,False,,,True,0.0002691724743384,0.0141460105174852,False,,,1
zn_cu,sc_na,zn_cu||sc_na,False,,,True,0.0002713553922086,0.0198816765671194,False,,,1
co_ca,ba_y,co_ca||ba_y,False,,,True,0.0002720690939098,0.0145989403211309,False,,,1
si_cu,k_ni,si_cu||k_ni,False,,,True,0.0002739402115393,0.0146002414805584,False,,,1
co_v,co_si,co_v||co_si,False,,,True,0.0002750978068355,0.0092460660929172,False,,,1
ni_ca,si_ni,ni_ca||si_ni,False,,,True,0.000275596067867,0.0098531854323313,False,,,1
ba_y,co_sc,ba_y||co_sc,False,,,True,0.0002766163383072,0.0147542527414403,False,,,1
ca_cu,sc_ti,ca_cu||sc_ti,False,,,True,0.0002767507401313,0.0147600075976242,False,,,1
ca_cu,sc_mn,ca_cu||sc_mn,False,,,True,0.0002794683168361,0.0155945774423392,False,,,1
ca_cu,cr_v,ca_cu||cr_v,False,,,True,0.0002799192093775,0.0157041261803951,False,,,1
na_y,si_na,na_y||si_na,False,,,True,0.0002825868346043,0.0175176610936895,False,,,1
y_ti,sc_na,y_ti||sc_na,False,,,True,0.0002826164053629,0.0169456913290157,True,5.261248916430875e-28,0.0290371326624119,2
cr_ca,co_k,cr_ca||co_k,False,,,True,0.0002899247147182,0.0136397924472496,False,,,1
na_ca,co_y,na_ca||co_y,False,,,True,0.0002920564194642,0.017400794984571,True,6.132339334891375e-25,0.0256910120284073,2
v_ca,k_zn,v_ca||k_zn,False,,,True,0.0002927567332076,0.0154338476990366,False,,,1
v_cu,co_sc,v_cu||co_sc,False,,,True,0.0002946278301901,0.0129712053515558,False,,,1
cr_zn,si_na,cr_zn||si_na,False,,,True,0.0002960760073522,0.014771924339164,False,,,1
na_ca,cr_v,na_ca||cr_v,False,,,True,0.000298543858425,0.0161919014623626,True,6.324669025734759e-29,0.0283812341634664,2
k_ca,co_sc,k_ca||co_sc,False,,,True,0.0002994683368375,0.0125569633115481,False,,,1
cr_cu,si_na,cr_cu||si_na,False,,,True,0.0002995440939001,0.0147235489224615,False,,,1
na_v,co_sc,na_v||co_sc,False,,,True,0.0002995563392716,0.0132618184658388,False,,,1
ca_cu,cr_ca,ca_cu||cr_ca,False,,,True,0.0003001594289984,0.0152358923237654,False,,,1
sc_cu,k_na,sc_cu||k_na,False,,,True,0.0003012145880303,0.0206208253800493,False,,,1
ca_cu,ba_y,ca_cu||ba_y,False,,,True,0.0003021032322311,0.0164936717618399,False,,,1
zn_ti,si_v,zn_ti||si_v,False,,,True,0.0003022517931741,0.0128352427048051,False,,,1
k_v,cr_sc,k_v||cr_sc,False,,,True,0.0003033240028815,0.0164997934035502,False,,,1
ti_ca,na_ca,ti_ca||na_ca,False,,,True,0.0003034005615874,0.0155678997533662,True,5.760344848816939e-29,0.0272511223695104,2
zn_cu,si_v,zn_cu||si_v,False,,,True,0.0003046822684952,0.0171493864495263,False,,,1
si_cu,co_cr,si_cu||co_cr,False,,,True,0.0003051306351497,0.0121442798965582,False,,,1
ca_cu,v_zn,ca_cu||v_zn,False,,,True,0.0003071987392574,0.0179469672412805,False,,,1
ni_mn,v_ti,ni_mn||v_ti,False,,,True,0.00030853700084,0.0106217728317164,False,,,1
si_cu,sc_cu,si_cu||sc_cu,False,,,True,0.0003093752088763,0.0175376890896684,False,,,1
ca_cu,cr_k,ca_cu||cr_k,False,,,True,0.0003106074461987,0.0153357777768055,False,,,1
sc_ni,k_na,sc_ni||k_na,False,,,True,0.000313286084888,0.0183745169003368,False,,,1
si_cu,cr_ni,si_cu||cr_ni,False,,,True,0.0003141792137563,0.0117208561112393,False,,,1
co_ni,si_na,co_ni||si_na,False,,,True,0.0003146119089308,0.0126745586144541,False,,,1
sc_zn,si_v,sc_zn||si_v,False,,,True,0.0003148332466129,0.0126657355471864,False,,,1
sc_mn,na_zn,sc_mn||na_zn,False,,,True,0.0003157548177433,0.0170989910437648,False,,,1
ca_cu,na_zn,ca_cu||na_zn,False,,,True,0.0003160151506779,0.0185221290251694,False,,,1
v_ca,ba_ni,v_ca||ba_ni,False,,,True,0.000316180047674,0.0157451733201365,False,,,1
na_ni,sc_ni,na_ni||sc_ni,False,,,True,0.0003162464922572,0.012053364234797,True,2.3028094425126392e-25,0.0190257622576042,2
cr_cu,na_ca,cr_cu||na_ca,False,,,True,0.0003174511056277,0.0169142465998182,True,9.671242569269371e-33,0.0344768551333862,2
ni_ti,sc_ni,ni_ti||sc_ni,False,,,True,0.000318490561161,0.0102959681409462,False,,,1
k_ca,si_v,k_ca||si_v,False,,,True,0.0003186485659363,0.0115526799588492,False,,,1
ba_y,si_na,ba_y||si_na,False,,,True,0.0003211311806283,0.0155744002767394,False,,,1
sc_mn,v_zn,sc_mn||v_zn,False,,,True,0.0003219002397363,0.0166207319510709,False,,,1
co_ca,co_mn,co_ca||co_mn,False,,,True,0.0003238504145015,0.0116927911711271,False,,,1
k_na,cr_sc,k_na||cr_sc,False,,,True,0.0003249443057495,0.0176304069835453,False,,,1
k_zn,sc_v,k_zn||sc_v,False,,,True,0.0003252736280781,0.0161199953429583,False,,,1
co_ca,co_zn,co_ca||co_zn,False,,,True,0.0003255445271693,0.014258080135743,False,,,1
na_ca,zn_mn,na_ca||zn_mn,False,,,True,0.0003259396349965,0.0167457539402941,False,,,1
cr_ti,si_na,cr_ti||si_na,False,,,True,0.0003289326466008,0.0126605835627823,False,,,1
zn_cu,sc_v,zn_cu||sc_v,False,,,True,0.0003292303406467,0.0189694103975932,False,,,1
k_mn,co_si,k_mn||co_si,False,,,True,0.0003294375740718,0.0122300224907084,False,,,1
sc_mn,na_ti,sc_mn||na_ti,False,,,True,0.0003326253784619,0.0143092440232565,True,3.2810193578318355e-25,0.0225494850690322,2
si_cu,ba_y,si_cu||ba_y,False,,,True,0.0003333220861362,0.0149903917586725,False,,,1
ca_cu,cr_si,ca_cu||cr_si,False,,,True,0.0003333697805165,0.0147809624526608,False,,,1
sc_ni,co_v,sc_ni||co_v,False,,,True,0.0003335293248557,0.010053860019218,False,,,1
v_ti,v_y,v_ti||v_y,False,,,True,0.000334036865079,0.0147018933883744,False,,,1
v_ti,k_na,v_ti||k_na,False,,,True,0.0003341441688762,0.0182722501416837,False,,,1
sc_ni,co_k,sc_ni||co_k,False,,,True,0.0003342366973915,0.0148120346927165,False,,,1
ca_cu,sc_ba,ca_cu||sc_ba,False,,,True,0.0003343164481396,0.018694541911891,False,,,1
nd_ti,sc_na,nd_ti||sc_na,False,,,True,0.0003349454884379,0.0187594249997054,True,5.208350182941076e-30,0.0366327753509904,2
na_ca,ni_ti,na_ca||ni_ti,False,,,True,0.0003363234222645,0.0155232952893225,True,1.1253929108406719e-28,0.027254906681169,2
k_cu,co_ca,k_cu||co_ca,False,,,True,0.0003385155281722,0.0180783088443021,False,,,1
sc_na,k_si,sc_na||k_si,False,,,True,0.000338705068439,0.0174815711941487,False,,,1
si_cu,v_mn,si_cu||v_mn,False,,,True,0.0003389153477878,0.0132093764652737,False,,,1
sc_cu,cr_sc,sc_cu||cr_sc,False,,,True,0.0003394862991405,0.0155613274107463,False,,,1
ni_ca,sc_ti,ni_ca||sc_ti,False,,,True,0.0003398142917475,0.0093837030460037,False,,,1
v_ca,k_ba,v_ca||k_ba,False,,,True,0.0003412140248668,0.0206470723058026,False,,,1
v_zn,co_si,v_zn||co_si,False,,,True,0.0003425799777766,0.0157428036062846,False,,,1
mn_cu,co_ca,mn_cu||co_ca,False,,,True,0.0003440775816036,0.012641797774181,False,,,1
k_zn,sc_na,k_zn||sc_na,False,,,True,0.0003443528410547,0.0169652525047638,False,,,1
na_ca,cr_ti,na_ca||cr_ti,False,,,True,0.0003449620685959,0.0150833607358075,True,3.1120546501977623e-32,0.0302673805627936,2
si_cu,co_zn,si_cu||co_zn,False,,,True,0.0003462969284664,0.014810643706853,False,,,1
v_cu,v_ti,v_cu||v_ti,False,,,True,0.0003473617055979,0.0126290115018581,False,,,1
cr_ca,k_v,cr_ca||k_v,False,,,True,0.0003482173015164,0.0158999819308478,False,,,1
v_ti,na_ni,v_ti||na_ni,False,,,True,0.0003491417851871,0.0118905518494327,False,,,1
na_y,cr_sc,na_y||cr_sc,False,,,True,0.000349360072113,0.0146025093944883,False,,,1
ti_cu,sc_ni,ti_cu||sc_ni,False,,,True,0.0003500811615777,0.0134213152535492,False,,,1
ca_cu,ni_ca,ca_cu||ni_ca,False,,,True,0.0003526077378476,0.0157368032379659,False,,,1
y_cu,si_na,y_cu||si_na,False,,,True,0.0003531321240634,0.0170237362527315,False,,,1
si_ca,co_sc,si_ca||co_sc,False,,,True,0.0003561742868901,0.0116606090490602,False,,,1
ba_ti,sc_v,ba_ti||sc_v,False,,,True,0.0003578224731809,0.0173619754902479,False,,,1
y_ca,sc_na,y_ca||sc_na,False,,,True,0.0003596853969221,0.0171850443474163,True,2.419574943971094e-28,0.0308530949259138,2
sc_cu,ni_ca,sc_cu||ni_ca,False,,,True,0.0003601350131315,0.0153041429227376,False,,,1
sc_v,k_nd,sc_v||k_nd,False,,,True,0.0003608429128719,0.0194237688381879,False,,,1
k_ba,sc_na,k_ba||sc_na,False,,,True,0.0003617556652066,0.0210270615108233,False,,,1
v_ca,si_zn,v_ca||si_zn,False,,,True,0.0003631773430297,0.0145118700910988,False,,,1
cr_v,co_si,cr_v||co_si,False,,,True,0.0003644960200687,0.0108747131102784,False,,,1
zn_ca,sc_na,zn_ca||sc_na,False,,,True,0.0003662122359591,0.016320784795478,False,,,1
na_ca,sc_ba,na_ca||sc_ba,False,,,True,0.000368059853623,0.0186790428975503,False,,,1
y_cu,si_v,y_cu||si_v,False,,,True,0.0003708531092044,0.0160668409190317,False,,,1
zn_ni,co_sc,zn_ni||co_sc,False,,,True,0.0003713009306293,0.0137081668422971,False,,,1
si_cu,ni_mn,si_cu||ni_mn,False,,,True,0.0003713049087844,0.0116176415545748,False,,,1
si_cu,ti_mn,si_cu||ti_mn,False,,,True,0.0003714384989953,0.0118892913747633,False,,,1
na_zn,co_si,na_zn||co_si,False,,,True,0.0003727790560966,0.0159265564937833,False,,,1
ti_mn,si_na,ti_mn||si_na,False,,,True,0.0003742771645238,0.0126255906495998,False,,,1
sc_cu,na_ni,sc_cu||na_ni,False,,,True,0.0003751343230216,0.0156732793713674,False,,,1
zn_ca,v_ca,zn_ca||v_ca,False,,,True,0.0003751564164444,0.0142842705452074,False,,,1
si_na,k_na,si_na||k_na,False,,,True,0.0003753056646624,0.0190224365807523,False,,,1
zn_mn,v_ti,zn_mn||v_ti,False,,,True,0.0003783977377855,0.0135372090175953,False,,,1
ni_y,co_sc,ni_y||co_sc,False,,,True,0.0003800446283899,0.013292925648653,False,,,1
sc_mn,k_na,sc_mn||k_na,False,,,True,0.0003803783997563,0.0175633029784119,False,,,1
k_ni,cr_sc,k_ni||cr_sc,False,,,True,0.0003816655067525,0.0125960563066985,False,,,1
ni_ca,co_k,ni_ca||co_k,False,,,True,0.000382644477417,0.0139023401340843,False,,,1
sc_mn,co_k,sc_mn||co_k,False,,,True,0.0003851479570888,0.0140875521780286,False,,,1
na_ca,sc_ca,na_ca||sc_ca,False,,,True,0.0003861840890593,0.0150289208309669,True,2.3653511860048842e-27,0.0258196801820135,2
na_zn,cr_sc,na_zn||cr_sc,False,,,True,0.0003881259091156,0.0161481040365492,False,,,1
v_zn,cr_sc,v_zn||cr_sc,False,,,True,0.0003903890646947,0.0157556961642087,False,,,1
v_ca,ba_ti,v_ca||ba_ti,False,,,True,0.000390596871619,0.0165553132647688,False,,,1
co_ca,co_cr,co_ca||co_cr,False,,,True,0.0003921206908488,0.0112847386582379,False,,,1
si_cu,zn_mn,si_cu||zn_mn,False,,,True,0.0003926652227834,0.014431544928223,False,,,1
ni_ca,co_ti,ni_ca||co_ti,False,,,True,0.0003928706257621,0.0096366398964647,False,,,1
sc_v,k_ba,sc_v||k_ba,False,,,True,0.0003934018442022,0.0206176085446904,False,,,1
ti_ca,co_ti,ti_ca||co_ti,False,,,True,0.000396665065443,0.0073545720339925,False,,,1
cr_ca,cr_k,cr_ca||cr_k,False,,,True,0.0003972042208486,0.0102403664525086,False,,,1
si_cu,cr_mn,si_cu||cr_mn,False,,,True,0.0003976871974866,0.0113506114730647,False,,,1
co_ti,cr_k,co_ti||cr_k,False,,,True,0.0003996133267686,0.0099787026472907,False,,,1
si_ni,k_na,si_ni||k_na,False,,,True,0.0004012332084276,0.0167869100848808,False,,,1
sc_mn,na_y,sc_mn||na_y,False,,,True,0.0004021046250437,0.0150073694771846,False,,,1
sc_mn,k_v,sc_mn||k_v,False,,,True,0.0004043587530384,0.0162767029150275,False,,,1
v_ti,cr_ni,v_ti||cr_ni,False,,,True,0.0004054411216179,0.0101830620068971,False,,,1
sc_na,cr_nd,sc_na||cr_nd,False,,,True,0.0004071300389435,0.0179266749737273,False,,,1
sc_cu,sc_ni,sc_cu||sc_ni,False,,,True,0.0004075720020526,0.0162903206210022,False,,,1
mn_ca,k_v,mn_ca||k_v,False,,,True,0.000408759959647,0.0156842440961875,False,,,1
ti_mn,sc_ni,ti_mn||sc_ni,False,,,True,0.0004109797748407,0.0097474017978431,False,,,1
ba_ni,sc_v,ba_ni||sc_v,False,,,True,0.0004117254472586,0.0159387837012611,False,,,1
na_ca,cr_zn,na_ca||cr_zn,False,,,True,0.0004119647218915,0.0156689277628153,False,,,1
na_ca,si_ti,na_ca||si_ti,False,,,True,0.0004130975022783,0.0147889200476486,True,2.1833710314226433e-30,0.0286679482525609,2
sc_y,sc_na,sc_y||sc_na,False,,,True,0.0004140209521316,0.0171122344301252,True,1.4252228138604275e-26,0.0296632566857175,2
si_cu,cr_zn,si_cu||cr_zn,False,,,True,0.0004158296743565,0.013640630596327,False,,,1
co_cu,co_ca,co_cu||co_ca,False,,,True,0.0004164742700152,0.0114196775448764,False,,,1
mn_ca,co_ti,mn_ca||co_ti,False,,,True,0.0004224923990868,0.0095213505806217,False,,,1
ni_ca,na_y,ni_ca||na_y,False,,,True,0.0004240117446938,0.0141060196211468,False,,,1
v_cu,na_ca,v_cu||na_ca,False,,,True,0.0004260006350896,0.0155097157255569,True,1.3907202238712625e-25,0.0256164477931295,2
v_ti,co_v,v_ti||co_v,False,,,True,0.0004272265282322,0.0104906798463642,False,,,1
ca_cu,k_ni,ca_cu||k_ni,False,,,True,0.0004283550760457,0.016036791637601,False,,,1
si_zn,sc_v,si_zn||sc_v,False,,,True,0.0004309752805604,0.0157124458172583,False,,,1
sc_mn,cr_k,sc_mn||cr_k,False,,,True,0.0004311392822544,0.0116400711456457,False,,,1
v_y,sc_ni,v_y||sc_ni,False,,,True,0.0004323991276702,0.0139057846712593,False,,,1
k_y,sc_v,k_y||sc_v,False,,,True,0.0004331784380751,0.0176052151439698,False,,,1
sc_ba,co_sc,sc_ba||co_sc,False,,,True,0.0004342503803306,0.0166737502661933,False,,,1
na_y,co_si,na_y||co_si,False,,,True,0.0004343642219282,0.013875461251647,False,,,1
v_ca,k_y,v_ca||k_y,False,,,True,0.0004354112250877,0.0169849338955222,False,,,1
sc_mn,cr_v,sc_mn||cr_v,False,,,True,0.0004360988545247,0.0120629639995942,False,,,1
ca_cu,mn_ca,ca_cu||mn_ca,False,,,True,0.0004394351925119,0.0150361151203605,False,,,1
ca_cu,co_ni,ca_cu||co_ni,False,,,True,0.0004473178650728,0.013714932865477,False,,,1
na_ca,k_ti,na_ca||k_ti,False,,,True,0.0004491053784895,0.0147021833153218,True,4.91600543280957e-26,0.0245664431283492,2
co_ni,co_si,co_ni||co_si,False,,,True,0.0004497338088058,0.0080791384608869,False,,,1
na_ca,co_v,na_ca||co_v,False,,,True,0.0004497873490854,0.0143934843832466,True,1.2660470375620944e-27,0.0255946494842626,2
ni_ca,k_v,ni_ca||k_v,False,,,True,0.0004508806706686,0.0159532680441036,False,,,1
sc_cu,cr_ca,sc_cu||cr_ca,False,,,True,0.0004511207703898,0.0142735032853328,False,,,1
na_y,sc_ba,na_y||sc_ba,False,,,True,0.0004522137124089,0.0176092129510699,False,,,1
ca_cu,v_mn,ca_cu||v_mn,False,,,True,0.0004534393219568,0.014451257906718,False,,,1
ca_cu,co_v,ca_cu||co_v,False,,,True,0.0004541050488566,0.0138038074184205,False,,,1
na_y,co_k,na_y||co_k,False,,,True,0.0004548273548464,0.0153076564655776,False,,,1
na_ca,ni_y,na_ca||ni_y,False,,,True,0.000455291404081,0.0154637216598853,True,1.0217392494880409e-28,0.0286518518739744,2
co_v,cr_sc,co_v||cr_sc,False,,,True,0.0004556878671912,0.0083136247733693,False,,,1
sc_na,co_na,sc_na||co_na,False,,,True,0.0004564296162663,0.0170267536943144,True,7.189072853489113e-28,0.0315547434978627,2
co_cu,v_ti,co_cu||v_ti,False,,,True,0.0004569564413689,0.0110187301114154,False,,,1
cr_sc,co_cr,cr_sc||co_cr,False,,,True,0.0004575790519507,0.0090602564897484,False,,,1
k_mn,v_ti,k_mn||v_ti,False,,,True,0.0004583942228181,0.0125416548997585,False,,,1
na_y,v_zn,na_y||v_zn,False,,,True,0.0004586481105164,0.0166981291348571,False,,,1
nd_ni,sc_na,nd_ni||sc_na,False,,,True,0.0004605278317031,0.0186863731385882,True,1.1674603497827798e-29,0.0379748261603851,2
ti_cu,cr_sc,ti_cu||cr_sc,False,,,True,0.0004614096487462,0.0117947887211895,False,,,1
co_cu,na_ca,co_cu||na_ca,False,,,True,0.0004641931969209,0.0151078994435244,True,8.507709913354724e-27,0.0263643024070492,2
mn_ca,k_na,mn_ca||k_na,False,,,True,0.0004676888325631,0.0165075738234942,False,,,1
sc_ni,k_v,sc_ni||k_v,False,,,True,0.000468436324091,0.0167062801690258,False,,,1
ti_cu,si_cu,ti_cu||si_cu,False,,,True,0.0004695382039046,0.0149888670534056,False,,,1
na_ca,ti_mn,na_ca||ti_mn,False,,,True,0.0004700389845514,0.014348476961451,True,5.101810390437122e-31,0.0291707373331924,2
v_ti,k_ni,v_ti||k_ni,False,,,True,0.0004725227972017,0.0135502867315484,False,,,1
v_ca,k_nd,v_ca||k_nd,False,,,True,0.0004728742433655,0.0183590444584133,False,,,1
si_cu,si_ti,si_cu||si_ti,False,,,True,0.0004748728186384,0.0113608877520823,False,,,1
si_zn,sc_na,si_zn||sc_na,False,,,True,0.0004749644664117,0.0158094359862271,False,,,1
si_na,co_cr,si_na||co_cr,False,,,True,0.0004749884568045,0.0121556721901436,False,,,1
sc_si,co_sc,sc_si||co_sc,False,,,True,0.0004785614059898,0.0131579078186688,False,,,1
co_ca,sc_ba,co_ca||sc_ba,False,,,True,0.0004793225001848,0.0159453710228528,False,,,1
v_ti,k_v,v_ti||k_v,False,,,True,0.0004802558971147,0.0173279698938219,False,,,1
sc_cu,ba_y,sc_cu||ba_y,False,,,True,0.0004813310853598,0.0157327283034201,False,,,1
co_cu,co_sc,co_cu||co_sc,False,,,True,0.0004813736138525,0.0112419715633646,False,,,1
ca_cu,ti_ca,ca_cu||ti_ca,False,,,True,0.0004822592334108,0.0139217467651105,False,,,1
co_v,si_na,co_v||si_na,False,,,True,0.0004827881099578,0.0120061471007971,False,,,1
si_v,si_ba,si_v||si_ba,False,,,True,0.0004841317889578,0.0137978953346201,False,,,1
v_y,k_na,v_y||k_na,False,,,True,0.0004848817300293,0.017287544190078,False,,,1
mn_ca,co_k,mn_ca||co_k,False,,,True,0.0004850733106751,0.0130263224591021,False,,,1
mn_ca,cr_k,mn_ca||cr_k,False,,,True,0.0004865377709967,0.0106579423722452,False,,,1
cr_cu,co_ca,cr_cu||co_ca,False,,,True,0.0004880912925056,0.0126019232022114,False,,,1
ca_cu,co_y,ca_cu||co_y,False,,,True,0.000488758124834,0.0156752673529088,False,,,1
si_cu,co_mn,si_cu||co_mn,False,,,True,0.0004905537118646,0.0115682797080114,False,,,1
k_v,cr_si,k_v||cr_si,False,,,True,0.000491542555343,0.0155707550078415,False,,,1
k_cu,co_sc,k_cu||co_sc,False,,,True,0.0004921150289992,0.0176331070432878,False,,,1
ba_ca,co_sc,ba_ca||co_sc,False,,,True,0.0004926075805479,0.0163118810873577,False,,,1
ca_cu,si_mn,ca_cu||si_mn,False,,,True,0.0004939579632972,0.0140779479394125,False,,,1
sc_cu,sc_mn,sc_cu||sc_mn,False,,,True,0.0004948189593077,0.0154427995331007,False,,,1
si_ni,k_ni,si_ni||k_ni,False,,,True,0.0004969182349841,0.0117449381434282,False,,,1
ca_cu,si_ti,ca_cu||si_ti,False,,,True,0.0004977046714277,0.0136486380094595,False,,,1
sc_na,cr_na,sc_na||cr_na,False,,,True,0.0004982280972662,0.0187559642318173,True,1.4620375333221436e-38,0.0499284202055021,2
v_ca,cr_nd,v_ca||cr_nd,False,,,True,0.0004992547194805,0.0157810365666192,False,,,1
na_ca,ni_mn,na_ca||ni_mn,False,,,True,0.0004993658313517,0.0143732684145214,True,7.546803344506935e-32,0.0302554405335234,2
cr_ca,cr_v,cr_ca||cr_v,False,,,True,0.0005011951540097,0.0105015420104483,False,,,1
si_y,sc_na,si_y||sc_na,False,,,True,0.0005039700259621,0.0149406796237424,False,,,1
cr_ca,k_na,cr_ca||k_na,False,,,True,0.0005043403599217,0.0161999263916413,False,,,1
si_ba,co_sc,si_ba||co_sc,False,,,True,0.0005054228956853,0.0139255930838034,False,,,1
k_ti,si_na,k_ti||si_na,False,,,True,0.0005061957436374,0.0124454199497327,False,,,1
si_cu,k_mn,si_cu||k_mn,False,,,True,0.000506597515627,0.0130075692408967,False,,,1
si_na,cr_si,si_na||cr_si,False,,,True,0.0005074470216413,0.0126092628347191,True,2.531914256293016e-25,0.0210653854024539,2
sc_ni,cr_v,sc_ni||cr_v,False,,,True,0.0005080045598526,0.0119662919580317,False,,,1
ca_cu,si_ba,ca_cu||si_ba,False,,,True,0.00051520989484,0.0155391940770117,False,,,1
si_ca,v_ti,si_ca||v_ti,False,,,True,0.0005170353441373,0.0103481453766873,False,,,1
ti_mn,cr_sc,ti_mn||cr_sc,False,,,True,0.0005171525275012,0.0087428178859546,False,,,1
sc_mn,na_ni,sc_mn||na_ni,False,,,True,0.0005200398457663,0.0117523135914793,False,,,1
ca_cu,ni_ti,ca_cu||ni_ti,False,,,True,0.0005225712071594,0.013751511384271,False,,,1
v_mn,si_na,v_mn||si_na,False,,,True,0.0005230460956479,0.0130573489993291,False,,,1
zn_cu,si_na,zn_cu||si_na,False,,,True,0.000524891029607,0.0163451623057251,False,,,1
v_ti,co_zn,v_ti||co_zn,False,,,True,0.0005258538494392,0.0132739812646822,False,,,1
na_y,k_na,na_y||k_na,False,,,True,0.0005267479576765,0.0180484390720432,False,,,1
sc_ti,v_ni,sc_ti||v_ni,False,,,True,0.0005276374707577,0.0075101139917588,False,,,1
na_ca,co_cr,na_ca||co_cr,False,,,True,0.0005277348597976,0.0141466517988883,True,1.1570992117774459e-32,0.0309950041774359,2
co_cu,si_na,co_cu||si_na,False,,,True,0.0005279922190068,0.0127484245037554,False,,,1
na_mn,co_sc,na_mn||co_sc,False,,,True,0.0005290021365547,0.0141589671598269,True,1.9847023191986525e-36,0.0355444955665321,2
ca_cu,ba_ca,ca_cu||ba_ca,False,,,True,0.0005292400026847,0.0176586763113608,False,,,1
ti_cu,k_na,ti_cu||k_na,False,,,True,0.0005296735202139,0.0176138298345575,False,,,1
cr_cu,v_ti,cr_cu||v_ti,False,,,True,0.0005347902164433,0.0122748159069396,False,,,1
v_cu,si_na,v_cu||si_na,False,,,True,0.0005387013544255,0.0131543900509667,False,,,1
k_cu,v_ti,k_cu||v_ti,False,,,True,0.0005421806316979,0.0169674787583467,False,,,1
ba_ti,sc_na,ba_ti||sc_na,False,,,True,0.0005421877956713,0.0169692581971628,False,,,1
ti_ca,sc_mn,ti_ca||sc_mn,False,,,True,0.0005428000286774,0.0096227797613647,False,,,1
ti_cu,si_ni,ti_cu||si_ni,False,,,True,0.0005432996032958,0.0111030218576185,False,,,1
zn_cu,na_ca,zn_cu||na_ca,False,,,True,0.0005440924379914,0.0173107664268686,False,,,1
si_cu,cr_na,si_cu||cr_na,False,,,True,0.0005441218002649,0.0138272448339286,True,1.3463615244122846e-35,0.0341344025645894,2
nd_ni,sc_v,nd_ni||sc_v,False,,,True,0.0005446679647073,0.0174116425394732,False,,,1
k_cu,co_si,k_cu||co_si,False,,,True,0.000545879658554,0.0159353593886628,False,,,1
mn_cu,co_sc,mn_cu||co_sc,False,,,True,0.0005467600575616,0.0122009248724852,False,,,1
mn_ca,sc_ti,mn_ca||sc_ti,False,,,True,0.0005468188692082,0.0088312313676556,False,,,1
cr_mn,cr_sc,cr_mn||cr_sc,False,,,True,0.0005475489555293,0.007628081719717,False,,,1
co_y,co_sc,co_y||co_sc,False,,,True,0.0005498973612799,0.0139302165727802,False,,,1
ni_mn,si_na,ni_mn||si_na,False,,,True,0.0005513414517783,0.0117974334112341,False,,,1
sc_v,cr_nd,sc_v||cr_nd,False,,,True,0.0005523684598421,0.0161357399847172,False,,,1
si_cu,ba_ca,si_cu||ba_ca,False,,,True,0.0005528829044941,0.0163198048587389,False,,,1
mn_ca,v_zn,mn_ca||v_zn,False,,,True,0.0005531917606146,0.014624933900935,False,,,1
ca_cu,sc_cu,ca_cu||sc_cu,False,,,True,0.0005547568073939,0.0183635934737496,False,,,1
si_cu,k_ti,si_cu||k_ti,False,,,True,0.0005554824409381,0.0114989667405368,False,,,1
si_cu,sc_ca,si_cu||sc_ca,False,,,True,0.0005568836139073,0.0109802120685294,False,,,1
sc_cu,v_ni,sc_cu||v_ni,False,,,True,0.0005572760839663,0.0138874138734947,False,,,1
si_cu,sc_ba,si_cu||sc_ba,False,,,True,0.0005585393707483,0.0161769723248334,False,,,1
co_ca,zn_ni,co_ca||zn_ni,False,,,True,0.0005589893422653,0.012100828643324,False,,,1
k_y,sc_na,k_y||sc_na,False,,,True,0.0005595241384127,0.0174020755797881,False,,,1
mn_cu,na_ca,mn_cu||na_ca,False,,,True,0.0005631637945811,0.0150623983404874,True,8.199963957889003e-35,0.0359042459378345,2
sc_ni,na_zn,sc_ni||na_zn,False,,,True,0.0005666789342713,0.0153975818597448,False,,,1
na_ca,v_mn,na_ca||v_mn,False,,,True,0.0005671547058801,0.0146912628665849,True,2.6528296038652525e-29,0.0290049758045658,2
sc_mn,sc_ti,sc_mn||sc_ti,False,,,True,0.0005671876971605,0.0104744290005634,False,,,1
sc_cu,k_v,sc_cu||k_v,False,,,True,0.0005696132391885,0.0177653049211594,False,,,1
sc_cu,co_ti,sc_cu||co_ti,False,,,True,0.0005704864406779,0.013916126862751,False,,,1
na_ti,k_v,na_ti||k_v,False,,,True,0.0005712300169339,0.0160877884677686,False,,,1
zn_ti,co_sc,zn_ti||co_sc,False,,,True,0.0005712771572827,0.0120220767516652,False,,,1
na_ca,cr_ni,na_ca||cr_ni,False,,,True,0.0005717272179205,0.0140438235401014,True,2.434671020779963e-31,0.0297187311869974,2
co_ca,ni_y,co_ca||ni_y,False,,,True,0.0005757291609414,0.0120778875566338,False,,,1
sc_zn,co_sc,sc_zn||co_sc,False,,,True,0.0005792336601732,0.0120067258738696,False,,,1
ni_ca,k_na,ni_ca||k_na,False,,,True,0.0005798926470985,0.016251156808335,False,,,1
co_zn,cr_sc,co_zn||cr_sc,False,,,True,0.0005821329748613,0.0127077602540652,False,,,1
k_na,cr_si,k_na||cr_si,False,,,True,0.0005832060523509,0.0161330119168166,True,9.505463459881794e-28,0.0307580672482393,2
zn_ni,si_na,zn_ni||si_na,False,,,True,0.0005856399701778,0.0132517624875209,False,,,1
si_mn,k_v,si_mn||k_v,False,,,True,0.000586204023702,0.0150508209631627,False,,,1
sc_mn,co_zn,sc_mn||co_zn,False,,,True,0.0005888416607716,0.0132728105664083,False,,,1
sc_cu,na_zn,sc_cu||na_zn,False,,,True,0.0005913546363359,0.0173797036694864,False,,,1
na_ca,k_na,na_ca||k_na,False,,,True,0.0005913986753782,0.0200876844225148,True,3.3836509758949466e-29,0.0398993935176589,2
na_ni,cr_sc,na_ni||cr_sc,False,,,True,0.0005943001720752,0.010338998393024,True,2.2134379257262854e-26,0.0189528664014874,2
ba_ni,sc_na,ba_ni||sc_na,False,,,True,0.0005951484444504,0.0157719186636641,False,,,1
cr_ni,si_na,cr_ni||si_na,False,,,True,0.0005956559887807,0.0114587611608337,False,,,1
v_ti,na_zn,v_ti||na_zn,False,,,True,0.0005961016542045,0.0153529429655673,False,,,1
sc_cu,ba_ca,sc_cu||ba_ca,False,,,True,0.0005961726355124,0.0173258718179116,False,,,1
sc_ba,si_na,sc_ba||si_na,False,,,True,0.0005987487237748,0.0159808902196465,False,,,1
co_ca,co_y,co_ca||co_y,False,,,True,0.000599120092993,0.0133744148797182,False,,,1
zn_mn,sc_ni,zn_mn||sc_ni,False,,,True,0.0006000656490082,0.0126707471272025,False,,,1
sc_ti,cr_k,sc_ti||cr_k,False,,,True,0.0006006309856368,0.0092979514153382,False,,,1
v_ti,co_cr,v_ti||co_cr,False,,,True,0.0006019047392289,0.0097192105619899,False,,,1
v_ti,cr_v,v_ti||cr_v,False,,,True,0.0006046259651865,0.0127689962999253,False,,,1
sc_ni,v_zn,sc_ni||v_zn,False,,,True,0.0006074553490835,0.01512488312396,False,,,1
na_ti,co_k,na_ti||co_k,False,,,True,0.000608175597528,0.0142191114428107,False,,,1
v_cu,si_cu,v_cu||si_cu,False,,,True,0.000610427615959,0.0133625148391116,False,,,1
cr_ni,cr_sc,cr_ni||cr_sc,False,,,True,0.0006117695678115,0.0079945309042058,False,,,1
y_cu,co_ca,y_cu||co_ca,False,,,True,0.0006125233681192,0.0149490444003598,False,,,1
ba_y,k_na,ba_y||k_na,False,,,True,0.0006128057206899,0.0166953839708463,False,,,1
mn_ca,sc_mn,mn_ca||sc_mn,False,,,True,0.0006144371880299,0.0113973585119611,False,,,1
v_ti,v_zn,v_ti||v_zn,False,,,True,0.0006146911011412,0.0156718362421021,False,,,1
sc_cu,mn_ca,sc_cu||mn_ca,False,,,True,0.0006167123787549,0.014023873890935,False,,,1
si_mn,k_na,si_mn||k_na,False,,,True,0.0006199090214957,0.0159795340898778,True,7.526592320104878e-28,0.0308168677113011,2
mn_ca,na_y,mn_ca||na_y,False,,,True,0.0006200912208927,0.0133903679379603,False,,,1
sc_v,na_ba,sc_v||na_ba,False,,,True,0.0006202627602392,0.0169570713711625,False,,,1
si_ni,v_zn,si_ni||v_zn,False,,,True,0.0006206687614972,0.0142976476152177,False,,,1
ca_cu,k_ba,ca_cu||k_ba,False,,,True,0.0006211608756056,0.0191011031918583,False,,,1
mn_ca,na_zn,mn_ca||na_zn,False,,,True,0.0006217351752566,0.0148191796160529,False,,,1
k_cu,na_y,k_cu||na_y,False,,,True,0.0006224125226556,0.01700730438255,False,,,1
cr_si,co_k,cr_si||co_k,False,,,True,0.0006241687496666,0.0127965750603905,False,,,1
ba_v,sc_v,ba_v||sc_v,False,,,True,0.0006250202460055,0.0162444754259567,False,,,1
cr_ca,v_zn,cr_ca||v_zn,False,,,True,0.0006302098244469,0.0142432253470844,False,,,1
si_na,sc_si,si_na||sc_si,False,,,True,0.0006317506531713,0.0127184357377558,False,,,1
v_ca,nd_ni,v_ca||nd_ni,False,,,True,0.0006320788910875,0.0160956132503507,False,,,1
ca_cu,cr_ti,ca_cu||cr_ti,False,,,True,0.0006383099963703,0.0129720566332898,False,,,1
nd_ca,k_na,nd_ca||k_na,False,,,True,0.0006389909175726,0.0185271629938486,False,,,1
v_y,na_zn,v_y||na_zn,False,,,True,0.0006423995165223,0.0159118781804536,False,,,1
mn_cu,cr_na,mn_cu||cr_na,False,,,False,,,True,1.0223455695554797e-44,0.0452425868389053,1
cr_na,co_cr,cr_na||co_cr,False,,,False,,,True,3.5959618994115555e-43,0.0404549169413282,1
ni_mn,cr_na,ni_mn||cr_na,False,,,False,,,True,6.762630326340148e-43,0.0400589714891603,1
nd_ba,cr_na,nd_ba||cr_na,False,,,False,,,True,8.848274615128573e-43,0.0532951996271595,1
cr_ni,cr_na,cr_ni||cr_na,False,,,False,,,True,1.2122298888586299e-42,0.0401006533394131,1
co_mn,cr_na,co_mn||cr_na,False,,,False,,,True,1.644092138068574e-42,0.0400991184005158,1
ti_ca,cr_na,ti_ca||cr_na,False,,,False,,,True,1.8137748039360258e-42,0.0380668090987087,1
co_ni,cr_na,co_ni||cr_na,False,,,False,,,True,1.9328258732463678e-42,0.0380053667370336,1
cr_cu,na_mn,cr_cu||na_mn,False,,,False,,,True,2.211752466545588e-42,0.044208330964935,1
si_ca,cr_na,si_ca||cr_na,False,,,False,,,True,2.4469131971585402e-42,0.0398776516449474,1
si_ti,cr_na,si_ti||cr_na,False,,,False,,,True,4.7064834330733175e-42,0.0385843696500274,1
cr_mn,cr_na,cr_mn||cr_na,False,,,False,,,True,6.47281333409138e-42,0.0375012035396783,1
cr_cu,cr_na,cr_cu||cr_na,False,,,False,,,True,6.610417593377867e-42,0.0437515379182807,1
mn_cu,na_mn,mn_cu||na_mn,False,,,False,,,True,1.2145973446008e-41,0.0437691336126157,1
sc_ti,cr_na,sc_ti||cr_na,False,,,False,,,True,1.5196047493733108e-41,0.0375220388478291,1
ni_ti,cr_na,ni_ti||cr_na,False,,,False,,,True,1.6113084617173803e-41,0.0378541299284609,1
co_ti,cr_na,co_ti||cr_na,False,,,False,,,True,2.323911742341721e-41,0.0374863687365359,1
na_mn,co_cr,na_mn||co_cr,False,,,False,,,True,4.825708778133818e-41,0.0399752285089147,1
na_ni,cr_na,na_ni||cr_na,False,,,False,,,True,6.991484033026224e-41,0.0459174760300415,1
v_ni,cr_na,v_ni||cr_na,False,,,False,,,True,8.343890905055168e-41,0.0367626511135048,1
si_ca,na_mn,si_ca||na_mn,False,,,False,,,True,3.2060658106485033e-40,0.0395103456334166,1
co_v,cr_na,co_v||cr_na,False,,,False,,,True,5.244953451764145e-40,0.0360562072428272,1
co_ca,cr_na,co_ca||cr_na,False,,,False,,,True,5.6777117806915005e-40,0.0370105895914807,1
na_ca,cr_na,na_ca||cr_na,False,,,False,,,True,1.6111159825753083e-39,0.0509433945796514,1
ti_ca,na_mn,ti_ca||na_mn,False,,,False,,,True,3.441525756121844e-39,0.0371820053986992,1
ni_ca,cr_na,ni_ca||cr_na,False,,,False,,,True,3.5094315151550714e-39,0.0360864043489032,1
na_mn,co_ni,na_mn||co_ni,False,,,False,,,True,3.725766607269371e-39,0.0372384669534908,1
ni_cu,cr_na,ni_cu||cr_na,False,,,False,,,True,4.546745142423109e-39,0.0372310896299099,1
na_ca,na_mn,na_ca||na_mn,False,,,False,,,True,5.0129525405444105e-39,0.0502538572664302,1
sc_ca,cr_na,sc_ca||cr_na,False,,,False,,,True,5.0288610515122336e-39,0.0356347177062404,1
na_mn,sc_na,na_mn||sc_na,False,,,False,,,True,5.4491105918202704e-39,0.049346761673884,1
na_mn,cr_mn,na_mn||cr_mn,False,,,False,,,True,6.566166964089149e-39,0.0372746291128636,1
na_mn,sc_ti,na_mn||sc_ti,False,,,False,,,True,7.988111352633385e-39,0.0368438170162643,1
na_ti,cr_na,na_ti||cr_na,False,,,False,,,True,8.398264134576716e-39,0.0483146260028258,1
na_mn,na_ni,na_mn||na_ni,False,,,False,,,True,9.839219747700513e-39,0.044981109118014,1
v_ti,cr_na,v_ti||cr_na,False,,,False,,,True,1.887419340523981e-38,0.036034095876839,1
na_mn,co_ti,na_mn||co_ti,False,,,False,,,True,2.4348315758305166e-38,0.0365167204033105,1
cr_na,sc_si,cr_na||sc_si,False,,,False,,,True,2.775267028676749e-38,0.0372667480928049,1
na_v,cr_na,na_v||cr_na,False,,,False,,,True,2.879131990248685e-38,0.0407986800295695,1
na_mn,na_ti,na_mn||na_ti,False,,,False,,,True,3.1694758573432e-38,0.0474206065347915,1
na_mn,co_mn,na_mn||co_mn,False,,,False,,,True,3.2522801731703277e-38,0.0388429508852816,1
y_ti,cr_na,y_ti||cr_na,False,,,False,,,True,3.2843226570429693e-38,0.0387346280606281,1
co_ca,na_mn,co_ca||na_mn,False,,,False,,,True,3.414260335690925e-38,0.0369190408621674,1
cr_na,co_nd,cr_na||co_nd,False,,,False,,,True,3.53548810308607e-38,0.0496702843053497,1
cr_na,cr_k,cr_na||cr_k,False,,,False,,,True,4.1521797185896125e-38,0.0349365754484317,1
sc_ni,cr_na,sc_ni||cr_na,False,,,False,,,True,4.243946622354455e-38,0.035580297648866,1
co_cu,cr_na,co_cu||cr_na,False,,,False,,,True,4.7939974743054e-38,0.0362600470222247,1
nd_na,k_na,nd_na||k_na,False,,,False,,,True,4.916044328366816e-38,0.0646692664871212,1
v_mn,cr_na,v_mn||cr_na,False,,,False,,,True,5.419332115472671e-38,0.0377132501991997,1
na_mn,nd_v,na_mn||nd_v,False,,,False,,,True,8.014388896498594e-38,0.0500277047052068,1
ti_cu,cr_na,ti_cu||cr_na,False,,,False,,,True,8.887238194691057e-38,0.0382627415117907,1
na_mn,v_ni,na_mn||v_ni,False,,,False,,,True,9.916146948053282e-38,0.0359936686604517,1
cr_v,cr_na,cr_v||cr_na,False,,,False,,,True,1.1177324084346766e-37,0.037404826070488,1
k_y,nd_na,k_y||nd_na,False,,,False,,,True,1.1537054885587258e-37,0.0591765765543608,1
na_mn,co_v,na_mn||co_v,False,,,False,,,True,1.4657813559208297e-37,0.035739938838663,1
sc_y,cr_na,sc_y||cr_na,False,,,False,,,True,1.4853998489987717e-37,0.0398685446561248,1
ni_cu,na_mn,ni_cu||na_mn,False,,,False,,,True,1.549879233490786e-37,0.0368446858106872,1
cr_na,sc_k,cr_na||sc_k,False,,,False,,,True,1.8144228360731816e-37,0.0340642961036537,1
ni_ca,na_mn,ni_ca||na_mn,False,,,False,,,True,1.8437729141777515e-37,0.0359792529168549,1
cr_na,co_na,cr_na||co_na,False,,,False,,,True,2.29395576514208e-37,0.0420114144208115,1
k_ti,cr_na,k_ti||cr_na,False,,,False,,,True,2.428273511429096e-37,0.0345643552704964,1
y_ca,cr_na,y_ca||cr_na,False,,,False,,,True,3.839860524234741e-37,0.039992406795618,1
na_mn,sc_si,na_mn||sc_si,False,,,False,,,True,4.209164602644903e-37,0.0369330903508274,1
k_ca,cr_na,k_ca||cr_na,False,,,False,,,True,4.678111738894238e-37,0.034499809587692,1
ti_cu,na_mn,ti_cu||na_mn,False,,,False,,,True,5.807593547281289e-37,0.0378691123219068,1
na_mn,sc_ni,na_mn||sc_ni,False,,,False,,,True,8.669314046304588e-37,0.0353326506254368,1
na_mn,cr_v,na_mn||cr_v,False,,,False,,,True,1.0141274845146348e-36,0.0372516502962724,1
co_cu,na_mn,co_cu||na_mn,False,,,False,,,True,1.447679667572214e-36,0.0358421775721149,1
si_y,nd_na,si_y||nd_na,False,,,False,,,True,1.5213172624046087e-36,0.0550470799376544,1
na_mn,sc_y,na_mn||sc_y,False,,,False,,,True,1.6493743018188657e-36,0.0394080967742898,1
nd_v,cr_na,nd_v||cr_na,False,,,False,,,True,1.911597238447969e-36,0.048422173679169,1
na_ca,nd_ba,na_ca||nd_ba,False,,,False,,,True,2.228872232794525e-36,0.0456803583816073,1
na_mn,na_v,na_mn||na_v,False,,,False,,,True,2.3029079801337466e-36,0.0401387333150148,1
sc_ca,na_mn,sc_ca||na_mn,False,,,False,,,True,2.4353708346861152e-36,0.0346529972501896,1
nd_cu,na_mn,nd_cu||na_mn,False,,,False,,,True,2.526735705961092e-36,0.0566318788820515,1
na_mn,y_ti,na_mn||y_ti,False,,,False,,,True,2.853287949891652e-36,0.0381366025033533,1
v_cu,cr_na,v_cu||cr_na,False,,,False,,,True,4.198545926088127e-36,0.0354273209522842,1
ca_cu,cr_na,ca_cu||cr_na,False,,,False,,,True,6.577873887897093e-36,0.038458177728129,1
ca_cu,na_mn,ca_cu||na_mn,False,,,False,,,True,7.549876713754674e-36,0.0387235751051788,1
na_ni,nd_ba,na_ni||nd_ba,False,,,False,,,True,8.934281632683814e-36,0.041222351667478,1
na_mn,co_na,na_mn||co_na,False,,,False,,,True,1.0868051648517178e-35,0.0411608443295023,1
na_mn,k_ti,na_mn||k_ti,False,,,False,,,True,1.3789782085066108e-35,0.0342142096778117,1
y_ca,na_mn,y_ca||na_mn,False,,,False,,,True,1.380462253712902e-35,0.039463874841494,1
cr_ba,nd_na,cr_ba||nd_na,False,,,False,,,True,1.7020620677560442e-35,0.0553107448915009,1
na_zn,nd_na,na_zn||nd_na,False,,,False,,,True,2.468608079576445e-35,0.0573942624585731,1
nd_na,k_si,nd_na||k_si,False,,,False,,,True,2.523488767008977e-35,0.0543705005843604,1
nd_cu,cr_na,nd_cu||cr_na,False,,,False,,,True,2.878116531323397e-35,0.0552494906179379,1
na_mn,k_na,na_mn||k_na,False,,,False,,,True,3.0131838658657926e-35,0.0475501889029548,1
zn_y,nd_na,zn_y||nd_na,False,,,False,,,True,3.2500539033470605e-35,0.0541993820986647,1
k_ca,na_mn,k_ca||na_mn,False,,,False,,,True,4.356234752102931e-35,0.0338839656233433,1
k_na,cr_na,k_na||cr_na,False,,,False,,,True,4.918115426968648e-35,0.0478961484795285,1
na_mn,sc_k,na_mn||sc_k,False,,,False,,,True,5.277638626390152e-35,0.0334705264252216,1
si_na,cr_na,si_na||cr_na,False,,,False,,,True,5.453218935685046e-35,0.0387502205217774,1
na_ti,nd_ba,na_ti||nd_ba,False,,,False,,,True,7.570645645547203e-35,0.0423121913389335,1
ba_mn,nd_na,ba_mn||nd_na,False,,,False,,,True,9.473339973173825e-35,0.0554300766377477,1
k_mn,cr_na,k_mn||cr_na,False,,,False,,,True,1.0105076773372843e-34,0.0338000728121466,1
v_cu,na_mn,v_cu||na_mn,False,,,False,,,True,1.1216399457974092e-34,0.0351143513467432,1
mn_cu,na_ni,mn_cu||na_ni,False,,,False,,,True,1.943819177034802e-34,0.029893446968036,1
v_mn,na_mn,v_mn||na_mn,False,,,False,,,True,2.040050119016501e-34,0.0367240044128586,1
si_y,cr_na,si_y||cr_na,False,,,False,,,True,2.8536384108746222e-34,0.0334802473155719,1
mn_cu,na_ti,mn_cu||na_ti,False,,,False,,,True,3.082701017574172e-34,0.032807918134831,1
nd_ba,sc_na,nd_ba||sc_na,False,,,False,,,True,3.1057196060396473e-34,0.0437253552343033,1
si_cu,na_mn,si_cu||na_mn,False,,,False,,,True,4.307042141174032e-34,0.0337619103459978,1
cr_zn,cr_na,cr_zn||cr_na,False,,,False,,,True,4.8175953585383205e-34,0.0339153631161875,1
na_ti,cr_si,na_ti||cr_si,False,,,False,,,True,5.152781223541203e-34,0.0300823956958392,1
na_ni,cr_ni,na_ni||cr_ni,False,,,False,,,True,7.0494168906251034e-34,0.0243092974010006,1
zn_ca,nd_na,zn_ca||nd_na,False,,,False,,,True,8.425159154575569e-34,0.0509667838309218,1
sc_cu,na_mn,sc_cu||na_mn,False,,,False,,,True,1.0516426038007136e-33,0.0377254021252235,1
si_zn,nd_na,si_zn||nd_na,False,,,False,,,True,1.1436702683373321e-33,0.0507096956433324,1
cr_na,k_si,cr_na||k_si,False,,,False,,,True,1.188031440735527e-33,0.0355106908464325,1
na_mn,si_na,na_mn||si_na,False,,,False,,,True,1.221688468855128e-33,0.0381538929351475,1
sc_cu,cr_na,sc_cu||cr_na,False,,,False,,,True,1.4348294258423241e-33,0.0375500136087536,1
k_ni,cr_na,k_ni||cr_na,False,,,False,,,True,1.4508653165085209e-33,0.033581956404761,1
ba_ni,nd_na,ba_ni||nd_na,False,,,False,,,True,1.7061976126146126e-33,0.0514598918024833,1
zn_mn,cr_na,zn_mn||cr_na,False,,,False,,,True,1.8305444215402425e-33,0.034320137912302,1
na_ni,co_cr,na_ni||co_cr,False,,,False,,,True,2.616414442141804e-33,0.0247052849381109,1
ba_ca,nd_na,ba_ca||nd_na,False,,,False,,,True,2.939668618591542e-33,0.0521697175465371,1
k_cu,nd_na,k_cu||nd_na,False,,,False,,,True,3.243644099160229e-33,0.054152079278322,1
ba_ti,nd_na,ba_ti||nd_na,False,,,False,,,True,4.6174748179108356e-33,0.0511071493999924,1
cr_na,co_k,cr_na||co_k,False,,,False,,,True,4.694113487080805e-33,0.0337421446864319,1
na_ca,co_nd,na_ca||co_nd,False,,,False,,,True,5.324490776143649e-33,0.0427016121071845,1
na_mn,k_si,na_mn||k_si,False,,,False,,,True,5.50709168041417e-33,0.0352608767124962,1
na_mn,cr_nd,na_mn||cr_nd,False,,,False,,,True,6.314976384626299e-33,0.0389046530237134,1
na_mn,k_ni,na_mn||k_ni,False,,,False,,,True,6.374575262241226e-33,0.0334729661529119,1
sc_zn,cr_na,sc_zn||cr_na,False,,,False,,,True,6.572605854271382e-33,0.0320195354298947,1
na_cu,cr_na,na_cu||cr_na,False,,,False,,,True,6.988673700888734e-33,0.0357451014002518,1
k_v,nd_na,k_v||nd_na,False,,,False,,,True,8.077678687929404e-33,0.0507572138858228,1
si_ba,nd_na,si_ba||nd_na,False,,,False,,,True,8.671842935743209e-33,0.0503302968835336,1
cr_na,cr_nd,cr_na||cr_nd,False,,,False,,,True,8.853820595389079e-33,0.0380849622556673,1
sc_ba,nd_na,sc_ba||nd_na,False,,,False,,,True,9.119842280089391e-33,0.050743822186439,1
nd_v,nd_na,nd_v||nd_na,False,,,False,,,True,9.532486695952952e-33,0.0622766500923981,1
na_mn,k_mn,na_mn||k_mn,False,,,False,,,True,1.1492256731055443e-32,0.0329087052444259,1
cr_cu,na_ni,cr_cu||na_ni,False,,,False,,,True,1.2163944776980432e-32,0.0291297996081285,1
zn_ti,cr_na,zn_ti||cr_na,False,,,False,,,True,1.2254418822291887e-32,0.0314156718913016,1
na_mn,si_y,na_mn||si_y,False,,,False,,,True,1.343848420991611e-32,0.0332005863457442,1
mn_cu,nd_ba,mn_cu||nd_ba,False,,,False,,,True,1.3807545827365098e-32,0.0386851947119249,1
na_ca,co_mn,na_ca||co_mn,False,,,False,,,True,1.467178042858167e-32,0.03125935591926,1
k_zn,nd_na,k_zn||nd_na,False,,,False,,,True,1.579515291217863e-32,0.0496045995744799,1
k_y,cr_na,k_y||cr_na,False,,,False,,,True,1.987562925037957e-32,0.0377204089049036,1
na_ca,na_ni,na_ca||na_ni,False,,,False,,,True,2.0265596743336948e-32,0.0363810532836419,1
cr_cu,na_ti,cr_cu||na_ti,False,,,False,,,True,2.1971917686251128e-32,0.0318923244538945,1
na_zn,cr_na,na_zn||cr_na,False,,,False,,,True,2.727688444701526e-32,0.0397775044619553,1
ba_v,nd_na,ba_v||nd_na,False,,,False,,,True,2.813263948802536e-32,0.0503484593776483,1
na_mn,co_k,na_mn||co_k,False,,,False,,,True,2.953039685828928e-32,0.0335544048050635,1
ba_y,cr_na,ba_y||cr_na,False,,,False,,,True,3.0134120156607794e-32,0.033032802088842,1
na_ca,nd_ti,na_ca||nd_ti,False,,,False,,,True,3.1287420935527257e-32,0.0385874213841234,1
ni_mn,na_ni,ni_mn||na_ni,False,,,False,,,True,3.53135277048368e-32,0.0236707552364627,1
zn_ni,cr_na,zn_ni||cr_na,False,,,False,,,True,5.183832111498976e-32,0.0311086932979489,1
nd_ba,co_na,nd_ba||co_na,False,,,False,,,True,5.449316486297167e-32,0.0370731958957337,1
nd_ba,k_na,nd_ba||k_na,False,,,False,,,True,5.863021054816551e-32,0.0427662295805983,1
na_ti,co_cr,na_ti||co_cr,False,,,False,,,True,6.000981694926818e-32,0.0274058443562333,1
na_ca,nd_ni,na_ca||nd_ni,False,,,False,,,True,6.461933383811632e-32,0.0395473127707553,1
na_v,nd_ba,na_v||nd_ba,False,,,False,,,True,7.049249381936287e-32,0.0368220784811145,1
co_ba,nd_na,co_ba||nd_na,False,,,False,,,True,7.814250686663321e-32,0.04964002652956,1
na_mn,k_y,na_mn||k_y,False,,,False,,,True,8.03535021986027e-32,0.0375665375744483,1
na_ti,cr_ti,na_ti||cr_ti,False,,,False,,,True,8.34953611149253e-32,0.0267707715465222,1
nd_na,cr_nd,nd_na||cr_nd,False,,,False,,,True,8.765432560984722e-32,0.056399038971203,1
na_mn,ba_y,na_mn||ba_y,False,,,False,,,True,1.037330605275332e-31,0.0332448394671621,1
na_ca,nd_v,na_ca||nd_v,False,,,False,,,True,1.169382893505407e-31,0.0416136403385824,1
zn_cu,nd_na,zn_cu||nd_na,False,,,False,,,True,1.6161185204963302e-31,0.0498422510989904,1
na_mn,sc_zn,na_mn||sc_zn,False,,,False,,,True,1.6829333293223492e-31,0.0314709682232034,1
co_mn,na_ni,co_mn||na_ni,False,,,False,,,True,1.8120683420704456e-31,0.0242971853613165,1
na_ti,co_nd,na_ti||co_nd,False,,,False,,,True,2.439786100470334e-31,0.0396690692194207,1
si_ca,na_ni,si_ca||na_ni,False,,,False,,,True,2.450304979684246e-31,0.0238314920054358,1
na_cu,na_mn,na_cu||na_mn,False,,,False,,,True,3.555887288552152e-31,0.0354377721724773,1
co_mn,na_ti,co_mn||na_ti,False,,,False,,,True,3.783016139324792e-31,0.0272783895707615,1
cr_ti,na_ni,cr_ti||na_ni,False,,,False,,,True,3.955963556507342e-31,0.0217794097266696,1
nd_cu,na_ca,nd_cu||na_ca,False,,,False,,,True,4.043527642581972e-31,0.0484647669703462,1
na_mn,zn_ti,na_mn||zn_ti,False,,,False,,,True,5.041989027943265e-31,0.0308659209232001,1
zn_ca,cr_na,zn_ca||cr_na,False,,,False,,,True,5.4907474516941215e-31,0.0314031183116706,1
co_mn,nd_ba,co_mn||nd_ba,False,,,False,,,True,5.946984365732233e-31,0.0342836073607667,1
si_zn,cr_na,si_zn||cr_na,False,,,False,,,True,6.071803189724469e-31,0.0311611077531123,1
na_mn,na_zn,na_mn||na_zn,False,,,False,,,True,6.160176995260639e-31,0.0386980044575863,1
sc_na,co_nd,sc_na||co_nd,False,,,False,,,True,6.51567748428175e-31,0.0412298173899865,1
na_ca,na_ti,na_ca||na_ti,False,,,False,,,True,7.306167553424569e-31,0.038899898209636,1
ni_mn,na_ti,ni_mn||na_ti,False,,,False,,,True,7.539240539130285e-31,0.0264440400494762,1
cr_cu,nd_ba,cr_cu||nd_ba,False,,,False,,,True,8.641462326952624e-31,0.0371665465243235,1
na_ni,co_nd,na_ni||co_nd,False,,,False,,,True,9.193610295948934e-31,0.0380717876975502,1
na_ti,cr_ni,na_ti||cr_ni,False,,,False,,,True,9.49053454801207e-31,0.0261629349010254,1
zn_y,cr_na,zn_y||cr_na,False,,,False,,,True,1.1465535198527807e-30,0.0343292480950508,1
k_ba,nd_na,k_ba||nd_na,False,,,False,,,True,1.1721952339686263e-30,0.0497531213796548,1
na_ti,nd_ti,na_ti||nd_ti,False,,,False,,,True,1.602718156813469e-30,0.0352643698031756,1
nd_ba,co_cr,nd_ba||co_cr,False,,,False,,,True,1.803476046710022e-30,0.0337167509559049,1
co_zn,cr_na,co_zn||cr_na,False,,,False,,,True,2.519953833064183e-30,0.0303584778509013,1
k_cu,na_mn,k_cu||na_mn,False,,,False,,,True,2.560804058465712e-30,0.0363067215158665,1
na_ti,na_ni,na_ti||na_ni,False,,,False,,,True,2.8300384736477664e-30,0.0328585859031119,1
na_ti,nd_ni,na_ti||nd_ni,False,,,False,,,True,3.238468810936225e-30,0.0364237340447934,1
cr_y,k_na,cr_y||k_na,False,,,False,,,True,3.6312046230825015e-30,0.035324776641417,1
si_ca,na_ti,si_ca||na_ti,False,,,False,,,True,3.921774338859996e-30,0.0264886352668618,1
nd_ba,si_na,nd_ba||si_na,False,,,False,,,True,4.4603954786660364e-30,0.0347374172021946,1
k_cu,cr_na,k_cu||cr_na,False,,,False,,,True,5.307059199941293e-30,0.0361464928941247,1
na_ca,si_ca,na_ca||si_ca,False,,,False,,,True,5.30796707288304e-30,0.0295692078786125,1
nd_mn,nd_na,nd_mn||nd_na,False,,,False,,,True,5.604123264031433e-30,0.0543220285498871,1
na_ti,nd_v,na_ti||nd_v,False,,,False,,,True,5.6367161644917164e-30,0.0387037986761948,1
na_mn,zn_ni,na_mn||zn_ni,False,,,False,,,True,6.3086921857324085e-30,0.0300477378768658,1
ti_mn,na_ti,ti_mn||na_ti,False,,,False,,,True,6.327837722007157e-30,0.0255802781543105,1
na_ni,nd_ni,na_ni||nd_ni,False,,,False,,,True,7.314284565363535e-30,0.0348320193444751,1
nd_ba,co_nd,nd_ba||co_nd,False,,,False,,,True,7.993436363741406e-30,0.0436993391582967,1
nd_cu,na_ti,nd_cu||na_ti,False,,,False,,,True,8.175231305950057e-30,0.0459418383545305,1
zn_ca,na_mn,zn_ca||na_mn,False,,,False,,,True,1.0183370687040467e-29,0.0309223229164132,1
ba_zn,nd_na,ba_zn||nd_na,False,,,False,,,True,1.1706524280716969e-29,0.0475995077143704,1
na_ba,nd_na,na_ba||nd_na,False,,,False,,,True,1.5148456736184366e-29,0.0505450477780988,1
ni_mn,nd_ba,ni_mn||nd_ba,False,,,False,,,True,1.6097509218234594e-29,0.0326787515816247,1
ti_mn,nd_ba,ti_mn||nd_ba,False,,,False,,,True,1.6737186536672614e-29,0.0324639445768416,1
cr_ti,nd_ba,cr_ti||nd_ba,False,,,False,,,True,1.6779820757685488e-29,0.0327503025873244,1
na_ni,nd_v,na_ni||nd_v,False,,,False,,,True,1.7141127374641858e-29,0.037168648634914,1
si_ti,na_ni,si_ti||na_ni,False,,,False,,,True,1.7906460151080342e-29,0.0211445006357815,1
na_mn,si_zn,na_mn||si_zn,False,,,False,,,True,1.8881362276132642e-29,0.0304807466709997,1
k_na,co_nd,k_na||co_nd,False,,,False,,,True,2.112546904195025e-29,0.0405309516248587,1
k_zn,cr_na,k_zn||cr_na,False,,,False,,,True,2.1700157792444278e-29,0.0308522970930159,1
nd_cu,sc_na,nd_cu||sc_na,False,,,False,,,True,2.2330496911668558e-29,0.0469983732475797,1
mn_cu,co_na,mn_cu||co_na,False,,,False,,,True,2.2976527765256976e-29,0.026098180066875,1
mn_cu,na_v,mn_cu||na_v,False,,,False,,,True,2.4925225920193025e-29,0.0256126308177795,1
na_mn,nd_mn,na_mn||nd_mn,False,,,False,,,True,3.4369048286540844e-29,0.0370150398121973,1
na_ca,sc_y,na_ca||sc_y,False,,,False,,,True,3.885016935136694e-29,0.0314826183425095,1
na_y,cr_na,na_y||cr_na,False,,,False,,,True,4.4677897258910564e-29,0.0317207074411973,1
nd_cu,na_ni,nd_cu||na_ni,False,,,False,,,True,4.4811840686429555e-29,0.0442385364467088,1
cr_ni,nd_ba,cr_ni||nd_ba,False,,,False,,,True,4.7311562024340436e-29,0.0323013424377666,1
ba_cu,nd_na,ba_cu||nd_na,False,,,False,,,True,4.981589146436935e-29,0.0480624669975997,1
nd_ti,na_ni,nd_ti||na_ni,False,,,False,,,True,5.0137935658759697e-29,0.032414163158671,1
nd_v,sc_na,nd_v||sc_na,False,,,False,,,True,5.381306547702921e-29,0.0398072256941013,1
na_ca,cr_mn,na_ca||cr_mn,False,,,False,,,True,6.624743117512408e-29,0.0266436340231743,1
mn_cu,k_na,mn_cu||k_na,False,,,False,,,True,6.718774071875191e-29,0.0334283206338111,1
y_mn,k_na,y_mn||k_na,False,,,False,,,True,8.560823676517508e-29,0.0347310116692347,1
na_ca,y_ti,na_ca||y_ti,False,,,False,,,True,9.886442620083935e-29,0.0298438466474732,1
nd_cu,k_na,nd_cu||k_na,False,,,False,,,True,1.092297180468765e-28,0.0464335463189322,1
na_ti,si_ni,na_ti||si_ni,False,,,False,,,True,1.1328374220819794e-28,0.0236504540647319,1
nd_ti,k_na,nd_ti||k_na,False,,,False,,,True,1.1563516000718024e-28,0.0368039623294746,1
si_ca,nd_ba,si_ca||nd_ba,False,,,False,,,True,1.2127867794858874e-28,0.0319750292358063,1
na_ca,na_v,na_ca||na_v,False,,,False,,,True,1.247405231812458e-28,0.0311956018369872,1
y_ca,nd_ba,y_ca||nd_ba,False,,,False,,,True,1.3426148674829383e-28,0.0340198719554241,1
na_mn,zn_y,na_mn||zn_y,False,,,False,,,True,1.3691269680352091e-28,0.0327820846118264,1
na_ca,sc_si,na_ca||sc_si,False,,,False,,,True,1.3749788689979715e-28,0.0282063384388898,1
nd_cu,nd_ba,nd_cu||nd_ba,False,,,False,,,True,1.5175140742951935e-28,0.04864914639278,1
na_mn,na_y,na_mn||na_y,False,,,False,,,True,1.5685774728190564e-28,0.0314590818881195,1
co_na,co_nd,co_na||co_nd,False,,,False,,,True,1.6000732797123603e-28,0.0352800636162557,1
na_mn,co_zn,na_mn||co_zn,False,,,False,,,True,1.6966842281306307e-28,0.0294031376067351,1
na_ca,co_na,na_ca||co_na,False,,,False,,,True,1.7583481245874082e-28,0.0323146826750949,1
na_ti,si_ti,na_ti||si_ti,False,,,False,,,True,1.9206020151036163e-28,0.0243334324843106,1
si_ba,cr_na,si_ba||cr_na,False,,,False,,,True,1.948206987594307e-28,0.0296474998753953,1
na_ni,k_na,na_ni||k_na,False,,,False,,,True,1.9662542209973043e-28,0.0342534526895252,1
y_ti,nd_ba,y_ti||nd_ba,False,,,False,,,True,2.137147223233162e-28,0.0327963128827311,1
nd_v,nd_ba,nd_v||nd_ba,False,,,False,,,True,2.2511137921672126e-28,0.0421267898098596,1
v_mn,nd_ba,v_mn||nd_ba,False,,,False,,,True,2.5368574627888955e-28,0.0318982171613008,1
na_mn,k_zn,na_mn||k_zn,False,,,False,,,True,2.6588474166323944e-28,0.0302971650902786,1
ni_y,nd_ba,ni_y||nd_ba,False,,,False,,,True,2.7855695053562664e-28,0.0319565353358963,1
ti_mn,na_ni,ti_mn||na_ni,False,,,False,,,True,2.898903641054786e-28,0.0206064090326436,1
nd_ni,nd_ba,nd_ni||nd_ba,False,,,False,,,True,2.908888009881244e-28,0.0404676325189291,1
cr_v,nd_ba,cr_v||nd_ba,False,,,False,,,True,3.599717351185992e-28,0.03168900970383,1
cr_ba,cr_na,cr_ba||cr_na,False,,,False,,,True,3.7768974906076334e-28,0.0323949175298723,1
nd_ni,k_na,nd_ni||k_na,False,,,False,,,True,3.917723440876448e-28,0.037438903192981,1
k_v,cr_na,k_v||cr_na,False,,,False,,,True,3.989468352641101e-28,0.0315602029053735,1
ba_ni,cr_na,ba_ni||cr_na,False,,,False,,,True,4.096757382942767e-28,0.0295727071521158,1
ti_ca,na_ti,ti_ca||na_ti,False,,,False,,,True,4.327022319813652e-28,0.0233060411111807,1
na_mn,si_ba,na_mn||si_ba,False,,,False,,,True,4.661459566612294e-28,0.0299883848813594,1
mn_cu,co_nd,mn_cu||co_nd,False,,,False,,,True,4.720829404519242e-28,0.0354525541866879,1
co_ni,nd_ba,co_ni||nd_ba,False,,,False,,,True,5.57456844292305e-28,0.030772187269245,1
na_zn,nd_ba,na_zn||nd_ba,False,,,False,,,True,5.593304056127654e-28,0.0352333088972857,1
sc_y,co_nd,sc_y||co_nd,False,,,False,,,True,5.645097222082797e-28,0.0349996188521884,1
na_mn,cr_ba,na_mn||cr_ba,False,,,False,,,True,5.709524063062489e-28,0.0327801586261577,1
na_mn,k_v,na_mn||k_v,False,,,False,,,True,6.0771241058763725e-28,0.0314900261315108,1
nd_mn,cr_na,nd_mn||cr_na,False,,,False,,,True,6.156807421845989e-28,0.0348776599386652,1
y_ca,co_nd,y_ca||co_nd,False,,,False,,,True,7.148471242618621e-28,0.0352781203315793,1
na_ni,cr_v,na_ni||cr_v,False,,,False,,,True,7.862137755091288e-28,0.022233656560215,1
sc_y,nd_ba,sc_y||nd_ba,False,,,False,,,True,7.9799360190665195e-28,0.0333785623171104,1
si_ni,nd_ba,si_ni||nd_ba,False,,,False,,,True,8.731421619707289e-28,0.030565962043904,1
co_ca,nd_ba,co_ca||nd_ba,False,,,False,,,True,9.50885194944872e-28,0.0304953341623687,1
na_ti,k_na,na_ti||k_na,False,,,False,,,True,1.014307817383302e-27,0.0365997041811704,1
na_mn,ba_ni,na_mn||ba_ni,False,,,False,,,True,1.0395124216989357e-27,0.0299635319245404,1
ni_ti,na_ni,ni_ti||na_ni,False,,,False,,,True,1.0488996345693473e-27,0.0193313723119203,1
na_ni,si_ni,na_ni||si_ni,False,,,False,,,True,1.0775613457670887e-27,0.019261500586057,1
y_ti,co_nd,y_ti||co_nd,False,,,False,,,True,1.100019504332939e-27,0.0343156596067527,1
nd_v,k_na,nd_v||k_na,False,,,False,,,True,1.2481981952700731e-27,0.0389425827057577,1
ni_cu,nd_ba,ni_cu||nd_ba,False,,,False,,,True,1.2715525826455856e-27,0.0312013786329232,1
na_ti,co_ni,na_ti||co_ni,False,,,False,,,True,1.2896337058033504e-27,0.0228905259295595,1
v_mn,na_ti,v_mn||na_ti,False,,,False,,,True,1.3782484755085816e-27,0.0252718717827536,1
si_ti,nd_ba,si_ti||nd_ba,False,,,False,,,True,1.4136760822756258e-27,0.0308692867429166,1
na_ti,sc_y,na_ti||sc_y,False,,,False,,,True,1.5279340429069315e-27,0.0279526710129114,1
na_ti,cr_v,na_ti||cr_v,False,,,False,,,True,1.531531448963468e-27,0.0248466662458029,1
cr_cu,co_na,cr_cu||co_na,False,,,False,,,True,1.6410023299925e-27,0.025102383893978,1
ti_ca,na_ni,ti_ca||na_ni,False,,,False,,,True,1.6546996728296858e-27,0.0191426670356923,1
na_ni,co_ni,na_ni||co_ni,False,,,False,,,True,1.6938818659107205e-27,0.0189737293460065,1
cr_cu,na_v,cr_cu||na_v,False,,,False,,,True,1.838892434606932e-27,0.0246510405047796,1
mn_ca,nd_ba,mn_ca||nd_ba,False,,,False,,,True,1.902063761729361e-27,0.029985771289584,1
na_ti,sc_ti,na_ti||sc_ti,False,,,False,,,True,2.0595694623008865e-27,0.0228861686817369,1
cr_mn,nd_ba,cr_mn||nd_ba,False,,,False,,,True,2.1323811953188768e-27,0.0299459148972136,1
cr_ca,nd_ba,cr_ca||nd_ba,False,,,False,,,True,2.352962970167258e-27,0.0298369083029739,1
ti_ca,nd_ba,ti_ca||nd_ba,False,,,False,,,True,2.568992080549806e-27,0.029889284876138,1
co_ti,nd_ba,co_ti||nd_ba,False,,,False,,,True,2.6866856519095408e-27,0.0300197715511291,1
co_na,co_cr,co_na||co_cr,False,,,False,,,True,2.7271144395673583e-27,0.0216534681066305,1
cr_mn,na_ti,cr_mn||na_ti,False,,,False,,,True,2.74211295262364e-27,0.0225276257434443,1
co_ti,na_ni,co_ti||na_ni,False,,,False,,,True,2.7530268058798757e-27,0.0192580234796929,1
nd_cu,co_na,nd_cu||co_na,False,,,False,,,True,2.7998551324406915e-27,0.0412343348505744,1
cr_ca,na_ti,cr_ca||na_ti,False,,,False,,,True,3.219858634186281e-27,0.0227264100077764,1
y_ca,na_ti,y_ca||na_ti,False,,,False,,,True,3.702802586251501e-27,0.0279380211450945,1
y_cu,cr_na,y_cu||cr_na,False,,,False,,,True,3.9162871210588485e-27,0.0296690879511306,1
na_v,co_nd,na_v||co_nd,False,,,False,,,True,3.9767085391544216e-27,0.03354101664362,1
ni_y,co_nd,ni_y||co_nd,False,,,False,,,True,4.222006598091703e-27,0.0335766425295854,1
v_ni,nd_ba,v_ni||nd_ba,False,,,False,,,True,4.264723356831233e-27,0.029677161123614,1
nd_cu,y_ca,nd_cu||y_ca,False,,,False,,,True,4.329894947443425e-27,0.04127490477861,1
nd_cu,sc_y,nd_cu||sc_y,False,,,False,,,True,4.364574879399661e-27,0.040946209722151,1
cr_cu,k_na,cr_cu||k_na,False,,,False,,,True,4.7880353369151056e-27,0.0320187775254703,1
nd_cu,y_ti,nd_cu||y_ti,False,,,False,,,True,4.833729477740957e-27,0.0407201264553207,1
y_ca,na_ca,y_ca||na_ca,False,,,False,,,True,4.8591311601433935e-27,0.0302582747675548,1
na_cu,nd_ba,na_cu||nd_ba,False,,,False,,,True,4.9404354253198176e-27,0.0311000846403005,1
nd_ba,co_si,nd_ba||co_si,False,,,False,,,True,4.989569583123803e-27,0.0295063441785708,1
v_zn,cr_na,v_zn||cr_na,False,,,False,,,True,5.097831130048653e-27,0.0292522642503223,1
zn_cu,cr_na,zn_cu||cr_na,False,,,False,,,True,5.1375396749628355e-27,0.0309642773824614,1
mn_cu,co_cr,mn_cu||co_cr,False,,,False,,,True,5.4083424575651284e-27,0.0209329353228692,1
v_mn,na_ni,v_mn||na_ni,False,,,False,,,True,5.4612590530214034e-27,0.0223016039747683,1
co_v,nd_ba,co_v||nd_ba,False,,,False,,,True,5.562969527444119e-27,0.0293307229284143,1
nd_v,co_na,nd_v||co_na,False,,,False,,,True,5.6239803030559285e-27,0.0338757282734817,1
ni_ti,nd_ba,ni_ti||nd_ba,False,,,False,,,True,6.085942085956836e-27,0.0299669334295332,1
na_ti,co_ti,na_ti||co_ti,False,,,False,,,True,6.0865642831155336e-27,0.0228372493667472,1
sc_ti,nd_ba,sc_ti||nd_ba,False,,,False,,,True,6.1961044452954326e-27,0.0296012185082151,1
ni_ti,na_ti,ni_ti||na_ti,False,,,False,,,True,7.16358341521066e-27,0.0230910194482165,1
mn_cu,nd_ni,mn_cu||nd_ni,False,,,False,,,True,7.264125016466492e-27,0.0319419588111407,1
ti_cu,nd_ba,ti_cu||nd_ba,False,,,False,,,True,7.355211988663584e-27,0.0319717248313699,1
na_v,nd_v,na_v||nd_v,False,,,False,,,True,7.818294086581852e-27,0.0337168152304931,1
mn_cu,cr_ni,mn_cu||cr_ni,False,,,False,,,True,7.91566976458711e-27,0.0201201513602509,1
y_ti,na_ti,y_ti||na_ti,False,,,False,,,True,8.885768639567868e-27,0.02599517434142,1
sc_y,na_ni,sc_y||na_ni,False,,,False,,,True,9.473313432200071e-27,0.024951038295294,1
ca_cu,nd_ba,ca_cu||nd_ba,False,,,False,,,True,9.516099202531495e-27,0.0328057933762872,1
ni_ca,nd_ba,ni_ca||nd_ba,False,,,False,,,True,1.1045597195546676e-26,0.0293403424898955,1
nd_ni,co_na,nd_ni||co_na,False,,,False,,,True,1.1057687779073828e-26,0.0311604679991682,1
na_ti,na_v,na_ti||na_v,False,,,False,,,True,1.1813255134926005e-26,0.0275394892486337,1
ni_cu,na_ti,ni_cu||na_ti,False,,,False,,,True,1.185046676420574e-26,0.0240127528755216,1
sc_ti,na_ni,sc_ti||na_ni,False,,,False,,,True,1.2343989078206136e-26,0.0187676131488496,1
zn_cu,na_mn,zn_cu||na_mn,False,,,False,,,True,1.449398791997753e-26,0.0306886437718703,1
cr_mn,na_ni,cr_mn||na_ni,False,,,False,,,True,1.48979543504568e-26,0.018431901130607,1
y_cu,na_mn,y_cu||na_mn,False,,,False,,,True,1.5920361397729042e-26,0.0298286220166798,1
ba_mn,cr_na,ba_mn||cr_na,False,,,False,,,True,1.598601607554689e-26,0.0323218036739696,1
na_ti,v_ni,na_ti||v_ni,False,,,False,,,True,1.6901953943957735e-26,0.0219643526744401,1
na_ti,ni_y,na_ti||ni_y,False,,,False,,,True,1.692100971552068e-26,0.0245932671378838,1
co_mn,k_na,co_mn||k_na,False,,,False,,,True,1.7556173562306202e-26,0.0288255538678485,1
nd_ba,cr_k,nd_ba||cr_k,False,,,False,,,True,1.7652002231806843e-26,0.0291635069376962,1
ba_ti,cr_na,ba_ti||cr_na,False,,,False,,,True,1.8205069254468046e-26,0.0294922083346793,1
mn_cu,cr_ti,mn_cu||cr_ti,False,,,False,,,True,1.859340408148297e-26,0.0192587667245501,1
na_ti,sc_si,na_ti||sc_si,False,,,False,,,True,1.874385764006316e-26,0.0241491752163487,1
co_cu,nd_ba,co_cu||nd_ba,False,,,False,,,True,1.885895185707066e-26,0.0299624337679466,1
y_ca,na_ni,y_ca||na_ni,False,,,False,,,True,1.9168576451773248e-26,0.025129564894625,1
nd_cu,ni_y,nd_cu||ni_y,False,,,False,,,True,2.069205392313194e-26,0.0396161501448338,1
na_v,k_na,na_v||k_na,False,,,False,,,True,2.1018945715920366e-26,0.0304332380975081,1
nd_cu,na_v,nd_cu||na_v,False,,,False,,,True,2.1021280460319455e-26,0.0399194004671661,1
nd_ba,co_sc,nd_ba||co_sc,False,,,False,,,True,2.388664657185716e-26,0.0295459203176227,1
ni_ca,na_ni,ni_ca||na_ni,False,,,False,,,True,2.405457868795688e-26,0.0194330543551173,1
na_ni,sc_si,na_ni||sc_si,False,,,False,,,True,2.495845157940203e-26,0.0213795956085884,1
sc_ca,nd_ba,sc_ca||nd_ba,False,,,False,,,True,2.5583014442505508e-26,0.028893935944911,1
na_mn,ba_ti,na_mn||ba_ti,False,,,False,,,True,2.728241625883082e-26,0.0298926867593893,1
v_ca,nd_ba,v_ca||nd_ba,False,,,False,,,True,2.754859179168138e-26,0.0293154999318421,1
na_mn,na_ba,na_mn||na_ba,False,,,False,,,True,2.790737046445565e-26,0.032487891669831,1
v_ti,nd_ba,v_ti||nd_ba,False,,,False,,,True,2.9252857276661874e-26,0.0290049585663166,1
na_ca,sc_k,na_ca||sc_k,False,,,False,,,True,3.2154100184368585e-26,0.0244777672538561,1
mn_cu,nd_v,mn_cu||nd_v,False,,,False,,,True,3.6170481669057534e-26,0.0336193218869929,1
y_ca,nd_ni,y_ca||nd_ni,False,,,False,,,True,3.7467437478028015e-26,0.0314071714056228,1
nd_ba,sc_si,nd_ba||sc_si,False,,,False,,,True,3.819320166257632e-26,0.0300715038293867,1
na_ti,co_na,na_ti||co_na,False,,,False,,,True,4.013809334238103e-26,0.028572092307181,1
sc_y,nd_ni,sc_y||nd_ni,False,,,False,,,True,4.1420561883678055e-26,0.0310016883087045,1
na_ca,k_ca,na_ca||k_ca,False,,,False,,,True,4.192599887800857e-26,0.0247216993497361,1
y_ti,na_ni,y_ti||na_ni,False,,,False,,,True,4.602352259240142e-26,0.0228592525594272,1
y_ca,nd_v,y_ca||nd_v,False,,,False,,,True,4.6583465801263317e-26,0.0333136900582207,1
mn_ca,na_ti,mn_ca||na_ti,False,,,False,,,True,4.751687584841692e-26,0.022248808840019,1
k_na,co_cr,k_na||co_cr,False,,,False,,,True,5.074168021549783e-26,0.0283492227354103,1
na_v,co_cr,na_v||co_cr,False,,,False,,,True,5.461008144196032e-26,0.0197615698031792,1
na_ca,nd_zn,na_ca||nd_zn,False,,,False,,,True,5.467273865546889e-26,0.0352882043536173,1
sc_ba,cr_na,sc_ba||cr_na,False,,,False,,,True,5.755641283125088e-26,0.0296375198277256,1
y_ca,nd_ti,y_ca||nd_ti,False,,,False,,,True,5.759186457160026e-26,0.0301595906482702,1
nd_ba,sc_k,nd_ba||sc_k,False,,,False,,,True,6.228127861501675e-26,0.0281505741223468,1
nd_ti,sc_y,nd_ti||sc_y,False,,,False,,,True,6.597838789323525e-26,0.0295304592019382,1
y_ti,nd_v,y_ti||nd_v,False,,,False,,,True,6.605505733699824e-26,0.0323690605417599,1
ba_ca,cr_na,ba_ca||cr_na,False,,,False,,,True,6.725631358842192e-26,0.0302778539790909,1
na_mn,ba_v,na_mn||ba_v,False,,,False,,,True,6.763940234565759e-26,0.0291851852172151,1
co_y,nd_ba,co_y||nd_ba,False,,,False,,,True,7.127771721070528e-26,0.0298281445573687,1
na_mn,v_zn,na_mn||v_zn,False,,,False,,,True,7.257635918338706e-26,0.0285732783140013,1
ba_v,cr_na,ba_v||cr_na,False,,,False,,,True,8.292975639999756e-26,0.0285342003713866,1
na_ca,cr_nd,na_ca||cr_nd,False,,,False,,,True,8.531211718934152e-26,0.030067259003406,1
si_y,nd_ba,si_y||nd_ba,False,,,False,,,True,8.682772161321842e-26,0.0290295219657364,1
na_ti,co_v,na_ti||co_v,False,,,False,,,True,9.067792876526004e-26,0.0214549480978349,1
mn_cu,nd_cu,mn_cu||nd_cu,False,,,False,,,True,9.269059533030582e-26,0.0404497464156027,1
na_mn,sc_ba,na_mn||sc_ba,False,,,False,,,True,9.319343837602096e-26,0.0299100232404771,1
ti_cu,na_ti,ti_cu||na_ti,False,,,False,,,True,9.470500404763849e-26,0.0252634400593978,1
cr_cu,co_nd,cr_cu||co_nd,False,,,False,,,True,9.48731431410182e-26,0.0331558055242533,1
ni_ca,na_ti,ni_ca||na_ti,False,,,False,,,True,9.566589988926636e-26,0.0221638661667238,1
sc_ni,nd_ba,sc_ni||nd_ba,False,,,False,,,True,9.745136510990088e-26,0.0288172550459771,1
co_mn,co_na,co_mn||co_na,False,,,False,,,True,1.009092848928656e-25,0.0210197522205209,1
nd_ti,co_na,nd_ti||co_na,False,,,False,,,True,1.0193645127599492e-25,0.0287390324468451,1
ni_mn,k_na,ni_mn||k_na,False,,,False,,,True,1.0214779330057516e-25,0.027991275638031,1
k_ti,nd_ba,k_ti||nd_ba,False,,,False,,,True,1.0481993477114643e-25,0.02828955349833,1
nd_cu,co_mn,nd_cu||co_mn,False,,,False,,,True,1.0995004590973946e-25,0.0380261902275397,1
co_mn,co_nd,co_mn||co_nd,False,,,False,,,True,1.1694289440160278e-25,0.0308884465275513,1
cr_ca,na_ni,cr_ca||na_ni,False,,,False,,,True,1.1908358165320635e-25,0.0181055012032973,1
v_cu,nd_ba,v_cu||nd_ba,False,,,False,,,True,1.2203726250867586e-25,0.0292495413601349,1
na_ba,cr_na,na_ba||cr_na,False,,,False,,,True,1.2839985056286343e-25,0.0317264397753494,1
sc_y,nd_v,sc_y||nd_v,False,,,False,,,True,1.2954301533219557e-25,0.0324976492603722,1
k_na,co_na,k_na||co_na,False,,,False,,,True,1.3733679787450252e-25,0.0307431400875114,1
ba_ca,na_mn,ba_ca||na_mn,False,,,False,,,True,1.4572411225870506e-25,0.0303741549983247,1
mn_cu,co_mn,mn_cu||co_mn,False,,,False,,,True,1.6027254524994416e-25,0.0206366584259667,1
cr_cu,cr_si,cr_cu||cr_si,False,,,False,,,True,1.6125018806690224e-25,0.0214667573731741,1
si_cu,nd_ba,si_cu||nd_ba,False,,,False,,,True,1.6494048793216215e-25,0.028960396696875,1
na_ca,k_y,na_ca||k_y,False,,,False,,,True,1.6716094751048184e-25,0.029871768104254,1
mn_cu,ni_mn,mn_cu||ni_mn,False,,,False,,,True,1.6879032553368683e-25,0.0194720243708731,1
ni_mn,co_nd,ni_mn||co_nd,False,,,False,,,True,1.798576255091482e-25,0.0304626637888123,1
ba_mn,na_mn,ba_mn||na_mn,False,,,False,,,True,1.903939988240667e-25,0.0320206471700739,1
zn_mn,nd_ba,zn_mn||nd_ba,False,,,False,,,True,1.924219367904032e-25,0.029358922458122,1
cr_zn,nd_ba,cr_zn||nd_ba,False,,,False,,,True,1.9886541105551555e-25,0.0287243625193037,1
k_ca,nd_ba,k_ca||nd_ba,False,,,False,,,True,1.9988701099825051e-25,0.0280131728310937,1
na_ca,k_si,na_ca||k_si,False,,,False,,,True,2.085385660913238e-25,0.0268485972407058,1
cr_y,na_zn,cr_y||na_zn,False,,,False,,,True,2.1299682638545115e-25,0.0278931501770688,1
k_mn,nd_ba,k_mn||nd_ba,False,,,False,,,True,2.17308028422701e-25,0.0287274862140728,1
v_ni,na_ni,v_ni||na_ni,False,,,False,,,True,2.374785535129059e-25,0.0177922644639436,1
mn_cu,si_na,mn_cu||si_na,False,,,False,,,True,2.4123536301969527e-25,0.0222746516428732,1
ti_cu,na_ni,ti_cu||na_ni,False,,,False,,,True,2.4548946183922714e-25,0.0221163682945379,1
k_y,nd_ba,k_y||nd_ba,False,,,False,,,True,2.4694550886408767e-25,0.0320041256185324,1
sc_ca,na_ti,sc_ca||na_ti,False,,,False,,,True,2.4957245762885914e-25,0.0214834215670036,1
na_ca,na_zn,na_ca||na_zn,False,,,False,,,True,2.612152183423717e-25,0.0311394573453517,1
mn_cu,si_ca,mn_cu||si_ca,False,,,False,,,True,2.777381633704189e-25,0.020082099511925,1
nd_cu,k_y,nd_cu||k_y,False,,,False,,,True,2.886031932185481e-25,0.0392235162630897,1
co_cu,na_ti,co_cu||na_ti,False,,,False,,,True,2.9327524376707803e-25,0.0228202341095101,1
co_ba,cr_na,co_ba||cr_na,False,,,False,,,True,2.942270948485848e-25,0.0280424846668914,1
si_ca,k_na,si_ca||k_na,False,,,False,,,True,2.9985232167778424e-25,0.0277924796541248,1
na_ni,co_si,na_ni||co_si,False,,,False,,,True,3.025817214954901e-25,0.0177932165786571,1
ni_y,nd_v,ni_y||nd_v,False,,,False,,,True,3.0717943661150246e-25,0.0314841714401273,1
na_mn,co_ba,na_mn||co_ba,False,,,False,,,True,3.727595697561777e-25,0.0284696627972797,1
na_ba,nd_ba,na_ba||nd_ba,False,,,False,,,True,3.795638488800932e-25,0.0325922287437041,1
nd_v,cr_si,nd_v||cr_si,False,,,False,,,True,3.846067792655312e-25,0.0312406616898167,1
k_y,co_nd,k_y||co_nd,False,,,False,,,True,3.9426996844507694e-25,0.033061848073925,1
nd_cu,si_na,nd_cu||si_na,False,,,False,,,True,4.007740565596047e-25,0.037536426975936,1
na_ni,co_v,na_ni||co_v,False,,,False,,,True,4.018293229256076e-25,0.0177243847423647,1
cr_ti,k_na,cr_ti||k_na,False,,,False,,,True,4.063049810797309e-25,0.027198670452845,1
y_ca,k_na,y_ca||k_na,False,,,False,,,True,4.169487310708794e-25,0.029459616991894,1
ni_cu,na_ni,ni_cu||na_ni,False,,,False,,,True,4.236180641831708e-25,0.0200770333633348,1
co_mn,na_v,co_mn||na_v,False,,,False,,,True,4.264741526163209e-25,0.0197175877971062,1
ti_mn,k_na,ti_mn||k_na,False,,,False,,,True,4.599939764305347e-25,0.0270199379861673,1
na_ni,co_na,na_ni||co_na,False,,,False,,,True,4.716619196204968e-25,0.0252713891317761,1
na_ni,na_v,na_ni||na_v,False,,,False,,,True,5.191616548597372e-25,0.0239772155517204,1
nd_cu,ni_mn,nd_cu||ni_mn,False,,,False,,,True,5.300294353531062e-25,0.0372009634610666,1
si_ca,co_nd,si_ca||co_nd,False,,,False,,,True,5.851162462843098e-25,0.0300517810427746,1
cr_ni,k_na,cr_ni||k_na,False,,,False,,,True,6.213393288663362e-25,0.0273217090602858,1
si_na,co_nd,si_na||co_nd,False,,,False,,,True,6.227138902896207e-25,0.0304873406021339,1
mn_cu,y_ti,mn_cu||y_ti,False,,,False,,,True,6.635081111461761e-25,0.0221896410034901,1
sc_cu,nd_ba,sc_cu||nd_ba,False,,,False,,,True,7.18809057971584e-25,0.0313682761009221,1
nd_zn,sc_na,nd_zn||sc_na,False,,,False,,,True,8.106295290732471e-25,0.0340743225286865,1
y_ti,k_na,y_ti||k_na,False,,,False,,,True,9.007658834450943e-25,0.0278964786754126,1
co_mn,nd_ni,co_mn||nd_ni,False,,,False,,,True,9.086419905460707e-25,0.0277595008037265,1
